date,start_equity,end_equity,pnl,return,shares,leverage
2018-01-23,100000.0,99931.51800000001,-68.48199999998411,-0.0006848199999999194,353,1.0
2018-01-24,99931.51800000001,99931.51800000001,0.0,0.0,351,1.0
2018-01-25,99931.51800000001,99931.51800000001,0.0,0.0,351,1.0
2018-01-26,99931.51800000001,100560.15900000003,628.6410000000207,0.006290718009507534,351,1.0
2018-01-29,100560.15900000003,100757.07000000004,196.9110000000142,0.0019581412953018074,351,1.0
2018-01-30,100757.07000000004,100871.34600000005,114.27600000001117,0.0011341735125882657,356,1.0
2018-01-31,100871.34600000005,100871.34600000005,0.0,0.0,356,1.0
2018-02-01,100871.34600000005,100418.69080000008,-452.6551999999658,-0.004487450777150959,358,1.0
2018-02-02,100418.69080000008,101800.96460000011,1382.2738000000297,0.013765104772706538,358,1.0
2018-02-05,101800.96460000011,104528.09660000012,2727.1320000000082,0.026788862077246067,372,1.0
2018-02-06,104528.09660000012,105875.19860000015,1347.1020000000244,0.01288746321627765,402,1.0
2018-02-07,105875.19860000015,104926.05260000017,-949.1459999999724,-0.008964762404705229,394,1.0
2018-02-08,104926.05260000017,108183.47360000017,3257.4210000000085,0.0310449208683945,391,1.0
2018-02-09,108183.47360000017,105352.21040000017,-2831.263199999995,-0.026170940031639,414,1.0
2018-02-12,105352.21040000017,104929.66940000019,-422.5409999999857,-0.004010746413347088,399,1.0
2018-02-13,104929.66940000019,104929.66940000019,0.0,0.0,397,1.0
2018-02-14,104929.66940000019,105844.8254000002,915.156000000016,0.008721613298059427,396,1.0
2018-02-15,105844.8254000002,105844.8254000002,0.0,0.0,389,1.0
2018-02-16,105844.8254000002,105844.8254000002,0.0,0.0,388,1.0
2018-02-20,105844.8254000002,105844.8254000002,0.0,0.0,389,1.0
2018-02-21,105844.8254000002,105844.8254000002,0.0,0.0,389,1.0
2018-02-22,105844.8254000002,105844.8254000002,0.0,0.0,390,1.0
2018-02-23,105844.8254000002,105844.8254000002,0.0,0.0,389,1.0
2018-02-26,105844.8254000002,105844.8254000002,0.0,0.0,383,1.0
2018-02-27,105844.8254000002,105844.8254000002,0.0,0.0,380,1.0
2018-02-28,105844.8254000002,105844.8254000002,0.0,0.0,383,1.0
2018-03-01,105844.8254000002,106809.93440000023,965.109000000022,0.009118150049874929,389,1.0
2018-03-02,106809.93440000023,106809.93440000023,0.0,0.0,401,1.0
2018-03-05,106809.93440000023,107375.49240000025,565.5580000000216,0.00529499435775338,398,1.0
2018-03-06,107375.49240000025,107375.49240000025,0.0,0.0,392,1.0
2018-03-07,107375.49240000025,107375.49240000025,0.0,0.0,397,1.0
2018-03-08,107375.49240000025,107375.49240000025,0.0,0.0,392,1.0
2018-03-09,107375.49240000025,108305.59140000027,930.0990000000096,0.008662116272633025,389,1.0
2018-03-12,108305.59140000027,107889.95340000029,-415.6379999999808,-0.003837641202335762,387,1.0
2018-03-13,107889.95340000029,107809.48840000031,-80.46499999997741,-0.0007458062355598649,385,1.0
2018-03-14,107809.48840000031,107829.27640000032,19.78800000001923,0.00018354599668080063,388,1.0
2018-03-15,107829.27640000032,107829.27640000032,0.0,0.0,390,1.0
2018-03-16,107829.27640000032,107829.27640000032,0.0,0.0,392,1.0
2018-03-19,107829.27640000032,108700.41040000033,871.134000000007,0.008078826354806168,394,1.0
2018-03-20,108700.41040000033,108700.41040000033,0.0,0.0,401,1.0
2018-03-21,108700.41040000033,108700.41040000033,0.0,0.0,401,1.0
2018-03-22,108700.41040000033,109932.01540000035,1231.6050000000237,0.011330270009725973,405,1.0
2018-03-23,109932.01540000035,111517.39140000037,1585.3760000000168,0.014421422132864903,416,1.0
2018-03-26,111517.39140000037,112593.0664000004,1075.6750000000288,0.009645804896401433,425,1.0
2018-03-27,112593.0664000004,113650.98940000044,1057.9230000000402,0.00939598710493983,423,1.0
2018-03-28,113650.98940000044,112981.95940000047,-669.0299999999756,-0.005886706341334924,435,1.0
2018-03-29,112981.95940000047,113306.39140000049,324.4320000000165,0.0028715380908859167,432,1.0
2018-04-02,113306.39140000049,115117.02240000053,1810.631000000036,0.015979954684180564,431,1.0
2018-04-03,115117.02240000053,115117.02240000053,0.0,0.0,444,1.0
2018-04-04,115117.02240000053,115260.83040000054,143.80800000001406,0.0012492331455580263,448,1.0
2018-04-05,115260.83040000054,115260.83040000054,0.0,0.0,434,1.0
2018-04-06,115260.83040000054,116139.63740000056,878.8070000000127,0.00762450692876504,437,1.0
2018-04-09,116139.63740000056,115585.08140000058,-554.555999999983,-0.00477490727898533,444,1.0
2018-04-10,115585.08140000058,115585.08140000058,0.0,0.0,437,1.0
2018-04-11,115585.08140000058,115585.08140000058,0.0,0.0,438,1.0
2018-04-12,115585.08140000058,115333.2164000006,-251.86499999997645,-0.0021790441893478896,435,1.0
2018-04-13,115333.2164000006,115333.2164000006,0.0,0.0,431,1.0
2018-04-16,115333.2164000006,115333.2164000006,0.0,0.0,431,1.0
2018-04-17,115333.2164000006,115333.2164000006,0.0,0.0,428,1.0
2018-04-18,115333.2164000006,115333.2164000006,0.0,0.0,426,1.0
2018-04-19,115333.2164000006,114859.67340000061,-473.5429999999895,-0.004105868324677964,427,1.0
2018-04-20,114859.67340000061,115210.24040000062,350.5670000000134,0.003052133003888624,427,1.0
2018-04-23,115210.24040000062,115210.24040000062,0.0,0.0,431,1.0
2018-04-24,115210.24040000062,116010.47040000065,800.2300000000223,0.00694582354156803,430,1.0
2018-04-25,116010.47040000065,114895.18140000067,-1115.288999999971,-0.009613692593043455,441,1.0
2018-04-26,114895.18140000067,115034.17440000069,138.99300000001358,0.001209737417238843,433,1.0
2018-04-27,115034.17440000069,115034.17440000069,0.0,0.0,430,1.0
2018-04-30,115034.17440000069,115238.85440000071,204.6800000000262,0.0017792973354884278,430,1.0
2018-05-01,115238.85440000071,114354.21040000074,-884.6439999999715,-0.007676612238172065,436,1.0
2018-05-02,114354.21040000074,114759.78140000075,405.5710000000155,0.0035466206148542234,431,1.0
2018-05-03,114759.78140000075,113820.66840000078,-939.1129999999733,-0.008183293733600272,437,1.0
2018-05-04,113820.66840000078,114795.5034000008,974.8350000000206,0.008564657137437814,435,1.0
2018-05-07,114795.5034000008,114434.73340000083,-360.7699999999728,-0.003142718915939424,430,1.0
2018-05-08,114434.73340000083,114434.73340000083,0.0,0.0,429,1.0
2018-05-09,114434.73340000083,114616.63540000084,181.90200000002116,0.0015895698324754903,427,1.0
2018-05-10,114616.63540000084,114870.85840000087,254.22300000002576,0.002218028815039075,423,1.0
2018-05-11,114870.85840000087,114829.08040000088,-41.777999999993476,-0.000363695375675821,422,1.0
2018-05-14,114829.08040000088,114829.08040000088,0.0,0.0,420,1.0
2018-05-15,114829.08040000088,114538.32240000092,-290.75799999995894,-0.0025320937778751107,422,1.0
2018-05-16,114538.32240000092,114694.88440000094,156.56200000001803,0.0013668962205790613,422,1.0
2018-05-17,114694.88440000094,114215.36540000097,-479.5189999999782,-0.004180822906866832,421,1.0
2018-05-18,114215.36540000097,114215.36540000097,0.0,0.0,420,1.0
2018-05-21,114215.36540000097,114215.36540000097,0.0,0.0,418,1.0
2018-05-22,114215.36540000097,114215.36540000097,0.0,0.0,416,1.0
2018-05-23,114215.36540000097,114215.36540000097,0.0,0.0,421,1.0
2018-05-24,114215.36540000097,113804.05340000098,-411.3119999999897,-0.003601196726548239,418,1.0
2018-05-25,113804.05340000098,113804.05340000098,0.0,0.0,418,1.0
2018-05-29,113804.05340000098,113724.48440000099,-79.56899999998296,-0.0006991754478227197,421,1.0
2018-05-30,113724.48440000099,114065.104400001,340.620000000017,0.0029951333857181073,420,1.0
2018-05-31,114065.104400001,114254.07340000101,188.96900000001125,0.0016566766934902333,419,1.0
2018-06-01,114254.07340000101,114543.60240000102,289.52900000001506,0.002534080329778421,419,1.0
2018-06-04,114543.60240000102,114483.55440000103,-60.04800000000019,-0.0005242370480919023,417,1.0
2018-06-05,114483.55440000103,114483.55440000103,0.0,0.0,416,1.0
2018-06-06,114483.55440000103,114845.01940000104,361.46500000001777,0.003157353052972711,415,1.0
2018-06-07,114845.01940000104,114626.54240000107,-218.47699999997295,-0.001902363734547552,413,1.0
2018-06-08,114626.54240000107,114626.54240000107,0.0,0.0,414,1.0
2018-06-11,114626.54240000107,114407.0684000011,-219.47399999997123,-0.0019146874310671524,411,1.0
2018-06-12,114407.0684000011,114407.0684000011,0.0,0.0,410,1.0
2018-06-13,114407.0684000011,114407.0684000011,0.0,0.0,409,1.0
2018-06-14,114407.0684000011,114407.0684000011,0.0,0.0,410,1.0
2018-06-15,114407.0684000011,113953.18140000112,-453.88699999997016,-0.003967298579953593,413,1.0
2018-06-18,113953.18140000112,113953.18140000112,0.0,0.0,413,1.0
2018-06-19,113953.18140000112,113953.18140000112,0.0,0.0,415,1.0
2018-06-20,113953.18140000112,113953.18140000112,0.0,0.0,412,1.0
2018-06-21,113953.18140000112,114476.83340000112,523.6520000000082,0.004595325848445242,412,1.0
2018-06-22,114476.83340000112,114476.83340000112,0.0,0.0,415,1.0
2018-06-25,114476.83340000112,114895.25140000114,418.418000000016,0.0036550451962451547,418,1.0
2018-06-26,114895.25140000114,114520.09340000116,-375.15799999997813,-0.003265217625869399,422,1.0
2018-06-27,114520.09340000116,113844.73340000123,-675.359999999926,-0.005897305703733591,420,1.0
2018-06-28,113844.73340000123,114271.37540000124,426.6420000000123,0.003747577839204652,422,1.0
2018-06-29,114271.37540000124,113611.86940000126,-659.5059999999792,-0.005771401610345617,419,1.0
2018-07-02,113611.86940000126,113611.86940000126,0.0,0.0,421,1.0
2018-07-05,113611.86940000126,113611.86940000126,0.0,0.0,417,1.0
2018-07-06,113611.86940000126,114292.88440000128,681.0150000000102,0.005994224050678287,415,1.0
2018-07-09,114292.88440000128,114450.2374000013,157.3530000000139,0.001376752374621315,413,1.0
2018-07-10,114450.2374000013,114450.2374000013,0.0,0.0,411,1.0
2018-07-11,114450.2374000013,114450.2374000013,0.0,0.0,412,1.0
2018-07-12,114450.2374000013,114495.85840000132,45.621000000021304,0.00039860992022755504,411,1.0
2018-07-13,114495.85840000132,114495.85840000132,0.0,0.0,410,1.0
2018-07-16,114495.85840000132,114495.85840000132,0.0,0.0,409,1.0
2018-07-17,114495.85840000132,114621.62440000134,125.76600000001851,0.001098432744708111,411,1.0
2018-07-18,114621.62440000134,114621.62440000134,0.0,0.0,408,1.0
2018-07-19,114621.62440000134,114520.03240000135,-101.59199999998441,-0.0008863249018828956,408,1.0
2018-07-20,114520.03240000135,114520.03240000135,0.0,0.0,409,1.0
2018-07-23,114520.03240000135,114520.03240000135,0.0,0.0,409,1.0
2018-07-24,114520.03240000135,114175.33840000136,-344.6939999999937,-0.003009901348927535,406,1.0
2018-07-25,114175.33840000136,115082.94340000139,907.6050000000191,0.00794922102022011,405,1.0
2018-07-26,115082.94340000139,115082.94340000139,0.0,0.0,406,1.0
2018-07-27,115082.94340000139,115571.37340000142,488.43000000003207,0.004244156306485669,405,1.0
2018-07-30,115571.37340000142,115989.98340000145,418.6100000000315,0.003622090727875893,410,1.0
2018-07-31,115989.98340000145,115829.32640000148,-160.65699999997858,-0.0013850937407753339,413,1.0
2018-08-01,115829.32640000148,115829.32640000148,0.0,0.0,411,1.0
2018-08-02,115829.32640000148,116069.86040000149,240.53400000000923,0.0020766243530534467,414,1.0
2018-08-03,116069.86040000149,116301.5924000015,231.73200000000384,0.001996487281034076,410,1.0
2018-08-06,116301.5924000015,116293.80240000151,-7.789999999976881,-6.698102613411638e-05,410,1.0
2018-08-07,116293.80240000151,116293.80240000151,0.0,0.0,407,1.0
2018-08-08,116293.80240000151,116293.80240000151,0.0,0.0,407,1.0
2018-08-09,116293.80240000151,116293.80240000151,0.0,0.0,407,1.0
2018-08-10,116293.80240000151,116293.80240000151,0.0,0.0,410,1.0
2018-08-13,116293.80240000151,115831.32240000158,-462.4799999999435,-0.003976824133836487,410,1.0
2018-08-14,115831.32240000158,115876.7214000016,45.3990000000212,0.0003919406172645523,409,1.0
2018-08-15,115876.7214000016,115702.88140000163,-173.8399999999657,-0.0015002150380133417,410,1.0
2018-08-16,115702.88140000163,115760.40940000166,57.52800000003321,0.0004972045579501039,408,1.0
2018-08-17,115760.40940000166,115687.55640000167,-72.85299999998723,-0.000629342971207425,407,1.0
2018-08-20,115687.55640000167,115687.55640000167,0.0,0.0,405,1.0
2018-08-21,115687.55640000167,115449.6004000017,-237.95599999997447,-0.0020568850047901766,404,1.0
2018-08-22,115449.6004000017,115449.6004000017,0.0,0.0,403,1.0
2018-08-23,115449.6004000017,115003.19730000172,-446.4030999999842,-0.0038666491564571803,403,1.0
2018-08-24,115003.19730000172,115119.88830000174,116.69100000002352,0.0010146761371827573,401,1.0
2018-08-27,115119.88830000174,115279.48630000176,159.59800000002878,0.0013863634021613613,398,1.0
2018-08-28,115279.48630000176,115279.48630000176,0.0,0.0,397,1.0
2018-08-29,115279.48630000176,115510.1433000018,230.65700000003142,0.002000850345565963,397,1.0
2018-08-30,115510.1433000018,115447.02030000181,-63.12299999999476,-0.0005464714889674704,397,1.0
2018-08-31,115447.02030000181,115447.02030000181,0.0,0.0,398,1.0
2018-09-04,115447.02030000181,115204.63830000182,-242.38199999999023,-0.002099508496365976,398,1.0
2018-09-05,115204.63830000182,115125.43630000185,-79.20199999998027,-0.0006874896806995379,398,1.0
2018-09-06,115125.43630000185,114250.6323000019,-874.8039999999423,-0.007598703015729069,398,1.0
2018-09-07,114250.6323000019,114250.6323000019,0.0,0.0,398,1.0
2018-09-10,114250.6323000019,114250.6323000019,0.0,0.0,395,1.0
2018-09-11,114250.6323000019,114135.89930000194,-114.73299999997039,-0.0010042220133950064,397,1.0
2018-09-12,114135.89930000194,114135.89930000194,0.0,0.0,394,1.0
2018-09-13,114135.89930000194,114189.34730000196,53.44800000001144,0.0004682838644791687,393,1.0
2018-09-14,114189.34730000196,114189.34730000196,0.0,0.0,392,1.0
2018-09-17,114189.34730000196,114632.699300002,443.35200000003545,0.003882603854764577,392,1.0
2018-09-18,114632.699300002,114874.04430000202,241.3450000000205,0.00210537657643739,395,1.0
2018-09-19,114874.04430000202,114874.04430000202,0.0,0.0,394,1.0
2018-09-20,114874.04430000202,114903.83630000205,29.7920000000328,0.00025934492148826926,392,1.0
2018-09-21,114903.83630000205,114974.78830000207,70.95200000001765,0.0006174902621594036,392,1.0
2018-09-24,114974.78830000207,114974.78830000207,0.0,0.0,394,1.0
2018-09-25,114974.78830000207,114974.78830000207,0.0,0.0,394,1.0
2018-09-26,114974.78830000207,114141.73330000207,-833.0549999999903,-0.007245544978315754,395,1.0
2018-09-27,114141.73330000207,113926.52530000209,-215.20799999998948,-0.0018854453474466126,392,1.0
2018-09-28,113926.52530000209,113926.52530000209,0.0,0.0,392,1.0
2018-10-01,113926.52530000209,113570.97930000212,-355.545999999971,-0.003120835986735404,389,1.0
2018-10-02,113570.97930000212,113570.97930000212,0.0,0.0,389,1.0
2018-10-03,113570.97930000212,113570.97930000212,0.0,0.0,387,1.0
2018-10-04,113570.97930000212,114058.86930000213,487.8900000000149,0.0042959037863998795,390,1.0
2018-10-05,114058.86930000213,114165.37230000216,106.5030000000302,0.0009337546536596353,393,1.0
2018-10-08,114165.37230000216,113501.46920000218,-663.9030999999782,-0.005815275565829059,397,1.0
2018-10-09,113501.46920000218,113072.4032000022,-429.0659999999751,-0.0037802682469590954,394,1.0
2018-10-10,113072.4032000022,115655.46720000221,2583.064000000018,0.02284433625622251,394,1.0
2018-10-11,115655.46720000221,115898.16120000226,242.69400000004862,0.0020984222006588116,417,1.0
2018-10-12,115898.16120000226,115898.16120000226,0.0,0.0,418,1.0
2018-10-15,115898.16120000226,115898.16120000226,0.0,0.0,420,1.0
2018-10-16,115898.16120000226,116828.76020000229,930.5990000000274,0.008029454396555336,419,1.0
2018-10-17,116828.76020000229,116300.85620000231,-527.9039999999766,-0.004518613388486248,416,1.0
2018-10-18,116300.85620000231,117233.11220000233,932.2560000000196,0.008015899714416852,416,1.0
2018-10-19,117233.11220000233,116273.32520000235,-959.7869999999762,-0.00818699582386384,423,1.0
2018-10-22,116273.32520000235,116395.25420000237,121.92900000002457,0.001048641206315315,419,1.0
2018-10-23,116395.25420000237,114649.65320000239,-1745.6009999999806,-0.014997183622285082,429,1.0
2018-10-24,114649.65320000239,117566.3122000024,2916.6590000000074,0.02543975423032463,419,1.0
2018-10-25,117566.3122000024,118190.13120000242,623.8190000000237,0.005306103324384193,439,1.0
2018-10-26,118190.13120000242,117790.97520000242,-399.1559999999982,-0.0033772362882358298,444,1.0
2018-10-29,117790.97520000242,117213.25320000244,-577.7219999999803,-0.004904637210270457,438,1.0
2018-10-30,117213.25320000244,117702.09720000246,488.84400000002705,0.004170552276762551,444,1.0
2018-10-31,117702.09720000246,117133.99120000248,-568.1059999999844,-0.004826642969960382,434,1.0
2018-11-01,117133.99120000248,117133.99120000248,0.0,0.0,431,1.0
2018-11-02,117133.99120000248,117147.19720000248,13.20600000000465,0.00011274267925753811,426,1.0
2018-11-05,117147.19720000248,117147.19720000248,0.0,0.0,429,1.0
2018-11-06,117147.19720000248,117365.90520000253,218.70800000003678,0.001866950343051288,428,1.0
2018-11-07,117365.90520000253,118007.76720000256,641.8620000000325,0.0054688966008165085,422,1.0
2018-11-08,118007.76720000256,118007.76720000256,0.0,0.0,421,1.0
2018-11-09,118007.76720000256,117712.78920000259,-294.9779999999791,-0.0024996490231022905,422,1.0
2018-11-12,117712.78920000259,119031.8956000026,1319.1064000000113,0.011206143435771754,424,1.0
2018-11-13,119031.8956000026,119031.8956000026,0.0,0.0,435,1.0
2018-11-14,119031.8956000026,119067.04960000263,35.154000000034344,0.00029533260663328065,434,1.0
2018-11-15,119067.04960000263,119602.35580000265,535.3062000000218,0.0044958382843813816,442,1.0
2018-11-16,119602.35580000265,119602.35580000265,0.0,0.0,440,1.0
2018-11-19,119602.35580000265,120548.87380000268,946.5180000000277,0.007913874218186567,438,1.0
2018-11-20,120548.87380000268,120731.01860000272,182.14480000003584,0.0015109622699771563,454,1.0
2018-11-21,120731.01860000272,120731.01860000272,0.0,0.0,454,1.0
2018-11-26,120731.01860000272,120854.05260000273,123.03400000000909,0.0010190753082903736,454,1.0
2018-11-27,120854.05260000273,120854.05260000273,0.0,0.0,453,1.0
2018-11-28,120854.05260000273,121808.74060000274,954.6880000000151,0.007899511679263282,448,1.0
2018-11-29,121808.74060000274,121808.74060000274,0.0,0.0,445,1.0
2018-11-30,121808.74060000274,121749.24460000276,-59.495999999979,-0.0004884378551729407,444,1.0
2018-12-03,121749.24460000276,121749.24460000276,0.0,0.0,434,1.0
2018-12-04,121749.24460000276,124922.30160000277,3173.0570000000125,0.026062231518764856,437,1.0
2018-12-06,124922.30160000277,122638.74060000278,-2283.5609999999842,-0.01827985052110137,469,1.0
2018-12-07,122638.74060000278,124736.7456000028,2098.0050000000238,0.017107196223115517,455,1.0
2018-12-10,124736.7456000028,123587.82860000285,-1148.9169999999583,-0.009210734130295717,473,1.0
2018-12-11,123587.82860000285,123587.82860000285,0.0,0.0,461,1.0
2018-12-12,123587.82860000285,123587.82860000285,0.0,0.0,462,1.0
2018-12-13,123587.82860000285,123587.82860000285,0.0,0.0,463,1.0
2018-12-14,123587.82860000285,123929.07300000287,341.2444000000268,0.002761148924336876,469,1.0
2018-12-17,123929.07300000287,125432.10000000287,1503.0270000000073,0.012128122672231845,477,1.0
2018-12-18,125432.10000000287,124142.03700000289,-1290.0629999999842,-0.010284950981446883,487,1.0
2018-12-19,124142.03700000289,122369.10900000289,-1772.9279999999935,-0.014281447629218125,486,1.0
2018-12-20,122369.10900000289,122570.08800000288,200.9789999999892,0.0016423997987922156,489,1.0
2018-12-21,122570.08800000288,121514.60000000289,-1055.4880000000023,-0.008611301641555213,496,1.0
2018-12-26,121514.60000000289,115958.77400000289,-5555.825999999996,-0.045721468860530856,514,1.0
2018-12-27,115958.77400000289,112522.4320000029,-3436.341999999994,-0.029634169812798317,478,1.0
2018-12-28,112522.4320000029,112522.4320000029,0.0,0.0,450,1.0
2018-12-31,112522.4320000029,112522.4320000029,0.0,0.0,450,1.0
2019-01-02,112522.4320000029,112522.4320000029,0.0,0.0,457,1.0
2019-01-03,112522.4320000029,113900.0050000029,1377.5730000000008,0.012242652202895554,453,1.0
2019-01-04,113900.0050000029,115434.5650000029,1534.5599999999952,0.013472870347986055,460,1.0
2019-01-07,115434.5650000029,115544.46100000289,109.89599999999564,0.000952019873770027,456,1.0
2019-01-08,115544.46100000289,115544.46100000289,0.0,0.0,449,1.0
2019-01-09,115544.46100000289,115544.46100000289,0.0,0.0,448,1.0
2019-01-10,115544.46100000289,115544.46100000289,0.0,0.0,450,1.0
2019-01-11,115544.46100000289,115544.46100000289,0.0,0.0,448,1.0
2019-01-14,115544.46100000289,115544.46100000289,0.0,0.0,449,1.0
2019-01-15,115544.46100000289,116095.94900000292,551.4880000000253,0.0047729505614293455,448,1.0
2019-01-16,116095.94900000292,116095.94900000292,0.0,0.0,445,1.0
2019-01-17,116095.94900000292,116095.94900000292,0.0,0.0,446,1.0
2019-01-18,116095.94900000292,115925.56700000293,-170.3819999999773,-0.0014675964275030484,438,1.0
2019-01-22,115925.56700000293,115899.78400000295,-25.782999999984302,-0.00022240995379374517,437,1.0
2019-01-23,115899.78400000295,115899.78400000295,0.0,0.0,438,1.0
2019-01-24,115899.78400000295,115899.78400000295,0.0,0.0,440,1.0
2019-01-25,115899.78400000295,115899.78400000295,0.0,0.0,436,1.0
2019-01-28,115899.78400000295,115420.62400000295,-479.1599999999972,-0.004134261371876113,440,1.0
2019-01-29,115420.62400000295,115110.79100000298,-309.8329999999744,-0.002684381605838171,437,1.0
2019-01-30,115110.79100000298,115158.96500000298,48.17399999999783,0.00041850116380492963,434,1.0
2019-01-31,115158.96500000298,115511.995000003,353.0300000000135,0.0030655885106296576,430,1.0
2019-02-01,115511.995000003,115123.852000003,-388.14299999999434,-0.003360196488684908,427,1.0
2019-02-04,115123.852000003,115379.87800000302,256.02600000002593,0.002223917941870379,426,1.0
2019-02-05,115379.87800000302,115379.87800000302,0.0,0.0,423,1.0
2019-02-06,115379.87800000302,115379.87800000302,0.0,0.0,422,1.0
2019-02-07,115379.87800000302,115244.30300000304,-135.57499999998086,-0.0011750315769962771,425,1.0
2019-02-08,115244.30300000304,115244.30300000304,0.0,0.0,428,1.0
2019-02-11,115244.30300000304,115244.30300000304,0.0,0.0,424,1.0
2019-02-12,115244.30300000304,115705.79600000307,461.4930000000296,0.0040044756051846875,423,1.0
2019-02-13,115705.79600000307,115475.21600000311,-230.57999999996485,-0.001992812875164507,420,1.0
2019-02-14,115475.21600000311,115475.21600000311,0.0,0.0,421,1.0
2019-02-15,115475.21600000311,115475.21600000311,0.0,0.0,417,1.0
2019-02-19,115475.21600000311,115475.21600000311,0.0,0.0,417,1.0
2019-02-20,115475.21600000311,115475.21600000311,0.0,0.0,415,1.0
2019-02-21,115475.21600000311,115405.08100000315,-70.13499999996716,-0.0006073597645399609,415,1.0
2019-02-22,115405.08100000315,115571.09500000316,166.0140000000064,0.0014385328493466965,414,1.0
2019-02-25,115571.09500000316,115571.09500000316,0.0,0.0,411,1.0
2019-02-26,115571.09500000316,115571.09500000316,0.0,0.0,414,1.0
2019-02-27,115571.09500000316,114987.76900000316,-583.3259999999946,-0.005047334716349106,414,1.0
2019-02-28,114987.76900000316,114987.76900000316,0.0,0.0,412,1.0
2019-03-01,114987.76900000316,114987.76900000316,0.0,0.0,410,1.0
2019-03-04,114987.76900000316,115043.25700000317,55.48800000001187,0.000482555670768825,408,1.0
2019-03-05,115043.25700000317,114903.9280000032,-139.32899999997403,-0.001211100968742218,411,1.0
2019-03-06,114903.9280000032,115422.19900000321,518.271000000012,0.004510472435720336,411,1.0
2019-03-07,115422.19900000321,115497.49500000323,75.29600000001872,0.0006523528459201344,416,1.0
2019-03-08,115497.49500000323,115497.49500000323,0.0,0.0,423,1.0
2019-03-11,115497.49500000323,116419.71400000324,922.2190000000112,0.00798475326239756,419,1.0
2019-03-12,116419.71400000324,116286.69100000325,-133.02299999998124,-0.0011426157600763487,417,1.0
2019-03-13,116286.69100000325,116282.96500000327,-3.7259999999804205,-3.204149991664629e-05,414,1.0
2019-03-14,116282.96500000327,116282.96500000327,0.0,0.0,413,1.0
2019-03-15,116282.96500000327,116282.96500000327,0.0,0.0,414,1.0
2019-03-18,116282.96500000327,116264.79300000328,-18.171999999990796,-0.00015627396497841506,413,1.0
2019-03-19,116264.79300000328,116264.79300000328,0.0,0.0,410,1.0
2019-03-20,116264.79300000328,116166.32500000331,-98.46799999996459,-0.000846928786085388,412,1.0
2019-03-21,116166.32500000331,117211.62800000334,1045.3030000000279,0.008998330626367013,413,1.0
2019-03-22,117211.62800000334,118318.88100000336,1107.2530000000186,0.009446613948574933,413,1.0
2019-03-25,118318.88100000336,117878.34500000339,-440.5359999999684,-0.0037232941714513412,424,1.0
2019-03-26,117878.34500000339,117476.5240000034,-401.82099999999923,-0.0034087770743641554,419,1.0
2019-03-27,117476.5240000034,117126.6610000034,-349.8629999999973,-0.002978152468998685,417,1.0
2019-03-28,117126.6610000034,117126.6610000034,0.0,0.0,417,1.0
2019-03-29,117126.6610000034,117126.6610000034,0.0,0.0,414,1.0
2019-04-01,117126.6610000034,117172.28200000343,45.621000000021304,0.0003895014133461494,411,1.0
2019-04-02,117172.28200000343,117172.28200000343,0.0,0.0,409,1.0
2019-04-03,117172.28200000343,117172.28200000343,0.0,0.0,407,1.0
2019-04-04,117172.28200000343,117172.28200000343,0.0,0.0,408,1.0
2019-04-05,117172.28200000343,117172.28200000343,0.0,0.0,406,1.0
2019-04-08,117172.28200000343,117172.28200000343,0.0,0.0,406,1.0
2019-04-09,117172.28200000343,117172.28200000343,0.0,0.0,407,1.0
2019-04-10,117172.28200000343,117172.28200000343,0.0,0.0,407,1.0
2019-04-11,117172.28200000343,116921.58700000343,-250.69499999998638,-0.002139541841473913,405,1.0
2019-04-12,116921.58700000343,116921.58700000343,0.0,0.0,403,1.0
2019-04-15,116921.58700000343,116729.63200000345,-191.95499999998336,-0.0016417413150574545,402,1.0
2019-04-16,116729.63200000345,116729.63200000345,0.0,0.0,401,1.0
2019-04-17,116729.63200000345,116866.03200000346,136.40000000000526,0.001168512207765815,400,1.0
2019-04-18,116866.03200000346,116444.3340000035,-421.6979999999664,-0.0036083881071614643,402,1.0
2019-04-22,116444.3340000035,116444.3340000035,0.0,0.0,402,1.0
2019-04-23,116444.3340000035,116976.73400000353,532.4000000000317,0.004572141741134628,400,1.0
2019-04-24,116976.73400000353,116976.73400000353,0.0,0.0,399,1.0
2019-04-25,116976.73400000353,116609.13400000357,-367.59999999996836,-0.003142505243820093,400,1.0
2019-04-26,116609.13400000357,116300.70700000359,-308.42699999998314,-0.0026449643301524883,399,1.0
2019-04-29,116300.70700000359,116150.6230000036,-150.08399999998306,-0.001290482266801507,396,1.0
2019-04-30,116150.6230000036,115771.81800000361,-378.80499999999927,-0.003261325597883169,395,1.0
2019-05-01,115771.81800000361,115771.81800000361,0.0,0.0,392,1.0
2019-05-02,115771.81800000361,115455.41400000364,-316.40399999996686,-0.002732996729825521,396,1.0
2019-05-03,115455.41400000364,115493.27740000366,37.86340000001591,0.0003279482415612378,394,1.0
2019-05-06,115493.27740000366,115493.27740000366,0.0,0.0,399,1.0
2019-05-07,115493.27740000366,115660.83540000368,167.55800000002154,0.001450803057737149,398,1.0
2019-05-08,115660.83540000368,115660.83540000368,0.0,0.0,402,1.0
2019-05-09,115660.83540000368,114778.3404000037,-882.4949999999874,-0.00763002443262617,405,1.0
2019-05-10,114778.3404000037,112762.11240000371,-2016.2279999999812,-0.01756627594521243,401,1.0
2019-05-13,112762.11240000371,113057.77140000372,295.65900000001886,0.0026219711009953794,399,1.0
2019-05-14,113057.77140000372,113010.17140000373,-47.59999999998654,-0.0004210236891331043,400,1.0
2019-05-15,113010.17140000373,113054.68240000376,44.511000000020786,0.00039386720193945735,401,1.0
2019-05-16,113054.68240000376,113051.12740000378,-3.554999999981319,-3.1444960301607594e-05,395,1.0
2019-05-17,113051.12740000378,113051.12740000378,0.0,0.0,396,1.0
2019-05-20,113051.12740000378,113051.12740000378,0.0,0.0,397,1.0
2019-05-21,113051.12740000378,113051.12740000378,0.0,0.0,395,1.0
2019-05-22,113051.12740000378,113051.12740000378,0.0,0.0,396,1.0
2019-05-23,113051.12740000378,112947.7864000038,-103.34099999998114,-0.0009141085310395702,399,1.0
2019-05-24,112947.7864000038,112947.7864000038,0.0,0.0,398,1.0
2019-05-28,112947.7864000038,111479.56440000382,-1468.2219999999838,-0.012999121512663248,398,1.0
2019-05-29,111479.56440000382,110941.31340000384,-538.2509999999712,-0.004828248144822855,399,1.0
2019-05-30,110941.31340000384,110663.81040000386,-277.5029999999803,-0.002501349510794393,397,1.0
2019-05-31,110663.81040000386,110663.81040000386,0.0,0.0,400,1.0
2019-06-03,110663.81040000386,110660.20140000388,-3.608999999981035,-3.261228749429357e-05,401,1.0
2019-06-04,110660.20140000388,111279.05040000389,618.8490000000198,0.005592335746462895,399,1.0
2019-06-05,111279.05040000389,111279.05040000389,0.0,0.0,394,1.0
2019-06-06,111279.05040000389,111177.52240000392,-101.52799999998146,-0.0009123729905586853,392,1.0
2019-06-07,111177.52240000392,111395.19040000394,217.6680000000157,0.00195784179482672,388,1.0
2019-06-10,111395.19040000394,110715.89440000396,-679.2959999999783,-0.00609807297389342,384,1.0
2019-06-11,110715.89440000396,110715.89440000396,0.0,0.0,380,1.0
2019-06-12,110715.89440000396,110715.89440000396,0.0,0.0,383,1.0
2019-06-13,110715.89440000396,110715.89440000396,0.0,0.0,382,1.0
2019-06-14,110715.89440000396,110502.35640000398,-213.53799999998628,-0.0019287022984115776,382,1.0
2019-06-17,110502.35640000398,110502.35640000398,0.0,0.0,381,1.0
2019-06-18,110502.35640000398,110320.81540000401,-181.54099999997086,-0.0016428699433594929,379,1.0
2019-06-19,110320.81540000401,110320.81540000401,0.0,0.0,377,1.0
2019-06-20,110320.81540000401,110320.81540000401,0.0,0.0,372,1.0
2019-06-21,110320.81540000401,110320.81540000401,0.0,0.0,375,1.0
2019-06-24,110320.81540000401,110320.81540000401,0.0,0.0,374,1.0
2019-06-25,110320.81540000401,111176.19040000401,855.3750000000041,0.007753523185072275,375,1.0
2019-06-26,111176.19040000401,111176.19040000401,0.0,0.0,381,1.0
2019-06-27,111176.19040000401,111077.51140000402,-98.67899999998198,-0.0008875911258062752,381,1.0
2019-06-28,111077.51140000402,111077.51140000402,0.0,0.0,379,1.0
2019-07-01,111077.51140000402,111077.51140000402,0.0,0.0,374,1.0
2019-07-02,111077.51140000402,110522.88640000405,-554.6249999999711,-0.004993134911014496,375,1.0
2019-07-05,110522.88640000405,110423.08740000406,-99.79899999997907,-0.0009029713505562809,371,1.0
2019-07-08,110423.08740000406,110245.37840000408,-177.70899999999259,-0.0016093464164449456,371,1.0
2019-07-09,110245.37840000408,110245.37840000408,0.0,0.0,373,1.0
2019-07-10,110245.37840000408,109954.2374000041,-291.1409999999725,-0.00264084539620002,369,1.0
2019-07-11,109954.2374000041,109954.2374000041,0.0,0.0,367,1.0
2019-07-12,109954.2374000041,109954.2374000041,0.0,0.0,366,1.0
2019-07-15,109954.2374000041,109954.2374000041,0.0,0.0,365,1.0
2019-07-16,109954.2374000041,110071.40240000411,117.16500000001145,0.0010655796699654552,365,1.0
2019-07-17,110071.40240000411,110534.18940000414,462.7870000000315,0.0042044253994169,367,1.0
2019-07-18,110534.18940000414,110504.88040000416,-29.308999999979925,-0.0002651577775082403,371,1.0
2019-07-19,110504.88040000416,110749.96840000417,245.0880000000216,0.0022178929936202962,368,1.0
2019-07-22,110749.96840000417,110687.1004000042,-62.867999999970564,-0.0005676570468436948,372,1.0
2019-07-23,110687.1004000042,110687.1004000042,0.0,0.0,370,1.0
2019-07-24,110687.1004000042,110938.38940000422,251.2890000000166,0.0022702645483700934,369,1.0
2019-07-25,110938.38940000422,110947.88380000425,9.494400000024164,8.558263781699438e-05,368,1.0
2019-07-26,110947.88380000425,111224.25180000426,276.36800000001404,0.00249097135100107,368,1.0
2019-07-29,111224.25180000426,111090.29980000427,-133.95199999998928,-0.0012043416595945988,368,1.0
2019-07-30,111090.29980000427,111090.29980000427,0.0,0.0,370,1.0
2019-07-31,111090.29980000427,111171.8488000043,81.54900000002417,0.0007340784942235778,369,1.0
2019-08-01,111171.8488000043,110889.11480000432,-282.73399999998924,-0.002543215778561092,373,1.0
2019-08-02,110889.11480000432,110949.81180000435,60.69700000002383,0.0005473666203350547,377,1.0
2019-08-05,110949.81180000435,112197.59680000436,1247.7850000000183,0.011246391316546367,385,1.0
2019-08-06,112197.59680000436,112288.14880000439,90.5520000000221,0.000807076110207916,392,1.0
2019-08-07,112288.14880000439,110468.26280000442,-1819.8859999999643,-0.01620728473528721,394,1.0
2019-08-08,110468.26280000442,111588.78380000443,1120.5210000000138,0.01014337486259409,381,1.0
2019-08-09,111588.78380000443,111364.37480000446,-224.40899999997592,-0.002011035449603682,381,1.0
2019-08-13,111364.37480000446,111167.39180000448,-196.9829999999817,-0.001768815210014263,387,1.0
2019-08-14,111167.39180000448,112193.8018000045,1026.4100000000226,0.009233013236890297,385,1.0
2019-08-15,112193.8018000045,112193.8018000045,0.0,0.0,393,1.0
2019-08-16,112193.8018000045,112153.13780000452,-40.66399999996995,-0.00036244426472387126,391,1.0
2019-08-19,112153.13780000452,112153.13780000452,0.0,0.0,383,1.0
2019-08-20,112153.13780000452,112403.12180000453,249.98400000000595,0.0022289523494722907,384,1.0
2019-08-21,112403.12180000453,112403.12180000453,0.0,0.0,384,1.0
2019-08-22,112403.12180000453,111737.08480000455,-666.0369999999889,-0.005925431512347479,383,1.0
2019-08-23,111737.08480000455,113016.18880000456,1279.1040000000085,0.011447443812315772,384,1.0
2019-08-26,113016.18880000456,113016.18880000456,0.0,0.0,393,1.0
2019-08-27,113016.18880000456,113016.18880000456,0.0,0.0,390,1.0
2019-08-28,113016.18880000456,113142.66280000457,126.47400000001237,0.0011190786146915155,394,1.0
2019-08-29,113142.66280000457,113142.66280000457,0.0,0.0,387,1.0
2019-08-30,113142.66280000457,113142.66280000457,0.0,0.0,384,1.0
2019-09-03,113142.66280000457,113142.66280000457,0.0,0.0,389,1.0
2019-09-04,113142.66280000457,113142.66280000457,0.0,0.0,385,1.0
2019-09-05,113142.66280000457,113143.04380000458,0.3810000000145535,3.367430026601781e-06,381,1.0
2019-09-06,113143.04380000458,113143.04380000458,0.0,0.0,379,1.0
2019-09-09,113143.04380000458,113143.04380000458,0.0,0.0,378,1.0
2019-09-10,113143.04380000458,112425.2238000046,-717.8199999999803,-0.006344358220279234,380,1.0
2019-09-11,112425.2238000046,112425.2238000046,0.0,0.0,376,1.0
2019-09-12,112425.2238000046,112142.11680000462,-283.10699999998235,-0.0025181804441288813,373,1.0
2019-09-13,112142.11680000462,112142.11680000462,0.0,0.0,371,1.0
2019-09-16,112142.11680000462,112142.11680000462,0.0,0.0,374,1.0
2019-09-17,112142.11680000462,112142.11680000462,0.0,0.0,373,1.0
2019-09-18,112142.11680000462,111273.39980000461,-868.717000000001,-0.007746572160299836,373,1.0
2019-09-19,111273.39980000461,110842.03880000462,-431.3609999999918,-0.0038765868642037793,369,1.0
2019-09-20,110842.03880000462,111045.35780000464,203.3190000000183,0.0018343130657030304,369,1.0
2019-09-23,111045.35780000464,110918.91080000467,-126.44699999997643,-0.001138696857798438,373,1.0
2019-09-24,110918.91080000467,111537.2548000047,618.3440000000224,0.005574739199476486,370,1.0
2019-09-25,111537.2548000047,110906.32680000472,-630.9279999999737,-0.0056566570616363165,376,1.0
2019-09-26,110906.32680000472,110821.13880000473,-85.18799999999256,-0.0007681076675960519,372,1.0
2019-09-27,110821.13880000473,111093.07080000475,271.932000000021,0.002453791785074211,372,1.0
2019-09-30,111093.07080000475,111224.69580000475,131.62500000000153,0.0011848173702657672,375,1.0
2019-10-01,111224.69580000475,111602.17180000477,377.476000000025,0.0033938146315883877,373,1.0
2019-10-02,111602.17180000477,112265.32380000479,663.1520000000198,0.005942106585420381,382,1.0
2019-10-03,112265.32380000479,111275.50380000481,-989.8199999999783,-0.008816791921994471,390,1.0
2019-10-04,111275.50380000481,112070.44580000483,794.9420000000302,0.0071439083432842665,382,1.0
2019-10-07,112070.44580000483,112070.44580000483,0.0,0.0,381,1.0
2019-10-08,112070.44580000483,112494.33080000486,423.88500000002347,0.003782308502247478,385,1.0
2019-10-09,112494.33080000486,112494.33080000486,0.0,0.0,386,1.0
2019-10-10,112494.33080000486,112510.15680000487,15.826000000022644,0.00014068264496058802,386,1.0
2019-10-11,112510.15680000487,112116.37580000488,-393.7809999999933,-0.0034999595698721464,379,1.0
2019-10-14,112116.37580000488,112116.37580000488,0.0,0.0,378,1.0
2019-10-15,112116.37580000488,112295.82780000489,179.45200000000153,0.0016005868787634103,377,1.0
2019-10-16,112295.82780000489,112295.82780000489,0.0,0.0,376,1.0
2019-10-17,112295.82780000489,112295.82780000489,0.0,0.0,374,1.0
2019-10-18,112295.82780000489,112295.82780000489,0.0,0.0,375,1.0
2019-10-21,112295.82780000489,112295.82780000489,0.0,0.0,375,1.0
2019-10-22,112295.82780000489,112295.82780000489,0.0,0.0,373,1.0
2019-10-23,112295.82780000489,112295.82780000489,0.0,0.0,375,1.0
2019-10-24,112295.82780000489,112295.82780000489,0.0,0.0,373,1.0
2019-10-25,112295.82780000489,112408.40180000491,112.57400000001854,0.001002477137445501,374,1.0
2019-10-28,112408.40180000491,112408.40180000491,0.0,0.0,371,1.0
2019-10-29,112408.40180000491,112408.40180000491,0.0,0.0,370,1.0
2019-10-30,112408.40180000491,112408.40180000491,0.0,0.0,370,1.0
2019-10-31,112408.40180000491,112408.77080000493,0.36900000001409516,3.2826727727197635e-06,369,1.0
2019-11-01,112408.77080000493,112624.41880000496,215.64800000002745,0.001918426813720009,368,1.0
2019-11-04,112624.41880000496,112624.41880000496,0.0,0.0,365,1.0
2019-11-05,112624.41880000496,112624.41880000496,0.0,0.0,366,1.0
2019-11-06,112624.41880000496,112624.41880000496,0.0,0.0,366,1.0
2019-11-07,112624.41880000496,112322.66280000498,-301.7559999999803,-0.0026793123837187682,364,1.0
2019-11-08,112322.66280000498,111722.42680000498,-600.2359999999985,-0.005343854793299796,364,1.0
2019-11-11,111722.42680000498,111722.42680000498,0.0,0.0,363,1.0
2019-11-12,111722.42680000498,111531.457800005,-190.96899999997635,-0.0017093166114431346,361,1.0
2019-11-13,111531.457800005,111531.457800005,0.0,0.0,362,1.0
2019-11-14,111531.457800005,111531.457800005,0.0,0.0,361,1.0
2019-11-15,111531.457800005,111531.457800005,0.0,0.0,358,1.0
2019-11-18,111531.457800005,111531.457800005,0.0,0.0,358,1.0
2019-11-19,111531.457800005,111339.57380000502,-191.88399999997344,-0.0017204473409112575,356,1.0
2019-11-20,111339.57380000502,111115.02080000503,-224.55299999998473,-0.00201683006622011,357,1.0
2019-11-21,111115.02080000503,111115.37780000505,0.35700000001363685,3.2128869476011346e-06,357,1.0
2019-11-22,111115.37780000505,111115.37780000505,0.0,0.0,357,1.0
2019-11-25,111115.37780000505,111341.79380000508,226.4160000000306,0.0020376657532277243,356,1.0
2019-11-26,111341.79380000508,111303.09880000509,-38.69499999999128,-0.0003475334704010624,355,1.0
2019-11-27,111303.09880000509,111358.48450000511,55.38570000002443,0.0004976114824939426,353,1.0
2019-12-02,111358.48450000511,111874.21750000512,515.7330000000063,0.004631286087590336,353,1.0
2019-12-03,111874.21750000512,111874.21750000512,0.0,0.0,362,1.0
2019-12-04,111874.21750000512,111806.17750000516,-68.03999999996496,-0.0006081830248328979,360,1.0
2019-12-05,111806.17750000516,111806.17750000516,0.0,0.0,358,1.0
2019-12-06,111806.17750000516,111767.48250000516,-38.69499999999128,-0.00034609000025953573,355,1.0
2019-12-09,111767.48250000516,111767.48250000516,0.0,0.0,355,1.0
2019-12-10,111767.48250000516,111767.48250000516,0.0,0.0,356,1.0
2019-12-11,111767.48250000516,111767.48250000516,0.0,0.0,355,1.0
2019-12-12,111767.48250000516,111867.23750000517,99.75500000000388,0.0008925225635283418,355,1.0
2019-12-13,111867.23750000517,111867.23750000517,0.0,0.0,353,1.0
2019-12-16,111867.23750000517,111690.83750000519,-176.39999999998503,-0.0015768691883535357,350,1.0
2019-12-17,111690.83750000519,111690.83750000519,0.0,0.0,349,1.0
2019-12-18,111690.83750000519,111690.83750000519,0.0,0.0,349,1.0
2019-12-19,111690.83750000519,111830.78650000521,139.94900000002522,0.0012530034077327112,349,1.0
2019-12-20,111830.78650000521,111830.78650000521,0.0,0.0,348,1.0
2019-12-23,111830.78650000521,111830.78650000521,0.0,0.0,347,1.0
2019-12-26,111830.78650000521,112046.27350000525,215.48700000003456,0.0019269023025250132,347,1.0
2019-12-27,112046.27350000525,112046.27350000525,0.0,0.0,346,1.0
2019-12-30,112046.27350000525,112171.35250000526,125.07900000001385,0.0011163155729583263,346,1.0
2019-12-31,112171.35250000526,112171.35250000526,0.0,0.0,349,1.0
2020-01-02,112171.35250000526,112171.35250000526,0.0,0.0,346,1.0
2020-01-03,112171.35250000526,112171.35250000526,0.0,0.0,349,1.0
2020-01-06,112171.35250000526,112171.35250000526,0.0,0.0,349,1.0
2020-01-07,112171.35250000526,112171.35250000526,0.0,0.0,347,1.0
2020-01-08,112171.35250000526,112407.65950000528,236.30700000001562,0.002106660878498312,347,1.0
2020-01-09,112407.65950000528,112407.65950000528,0.0,0.0,344,1.0
2020-01-10,112407.65950000528,112407.65950000528,0.0,0.0,343,1.0
2020-01-13,112407.65950000528,112635.0435000053,227.38400000002176,0.0020228514765936456,344,1.0
2020-01-14,112635.0435000053,112635.0435000053,0.0,0.0,343,1.0
2020-01-15,112635.0435000053,112480.58750000532,-154.45599999998294,-0.0013712961366234566,344,1.0
2020-01-16,112480.58750000532,112480.58750000532,0.0,0.0,341,1.0
2020-01-17,112480.58750000532,112480.58750000532,0.0,0.0,339,1.0
2020-01-21,112480.58750000532,112480.58750000532,0.0,0.0,339,1.0
2020-01-22,112480.58750000532,112480.58750000532,0.0,0.0,338,1.0
2020-01-23,112480.58750000532,111777.12750000533,-703.4599999999847,-0.006254056950048881,340,1.0
2020-01-24,111777.12750000533,112523.38350000535,746.256000000022,0.00667628536079512,336,1.0
2020-01-27,112523.38350000535,112523.38350000535,0.0,0.0,348,1.0
2020-01-28,112523.38350000535,112710.56950000537,187.1860000000203,0.001663529785344675,346,1.0
2020-01-29,112710.56950000537,112710.56950000537,0.0,0.0,343,1.0
2020-01-30,112710.56950000537,111343.73650000538,-1366.832999999986,-0.012126928344549981,347,1.0
2020-01-31,111343.73650000538,112799.27650000539,1455.5400000000036,0.013072491060149849,340,1.0
2020-02-03,112799.27650000539,112437.70450000539,-361.5719999999938,-0.003205446091668729,348,1.0
2020-02-04,112437.70450000539,112420.9465000054,-16.757999999990822,-0.0001490425304795373,342,1.0
2020-02-05,112420.9465000054,112420.9465000054,0.0,0.0,338,1.0
2020-02-06,112420.9465000054,112420.9465000054,0.0,0.0,336,1.0
2020-02-07,112420.9465000054,112420.9465000054,0.0,0.0,337,1.0
2020-02-10,112420.9465000054,112885.71550000542,464.7690000000145,0.004134185082670383,339,1.0
2020-02-11,112885.71550000542,112885.71550000542,0.0,0.0,335,1.0
2020-02-12,112885.71550000542,112885.71550000542,0.0,0.0,335,1.0
2020-02-13,112885.71550000542,112885.71550000542,0.0,0.0,336,1.0
2020-02-14,112885.71550000542,112885.71550000542,0.0,0.0,334,1.0
2020-02-18,112885.71550000542,112400.30050000544,-485.4149999999834,-0.004300056901353044,335,1.0
2020-02-19,112400.30050000544,112241.27250000546,-159.0279999999745,-0.0014148360751043976,332,1.0
2020-02-20,112241.27250000546,111902.96450000549,-338.3079999999813,-0.0030141140817872003,332,1.0
2020-02-21,111902.96450000549,112099.76750000549,196.8030000000044,0.0017586933543658478,333,1.0
2020-02-24,112099.76750000549,112099.76750000549,0.0,0.0,346,1.0
2020-02-25,112099.76750000549,114715.8735000055,2616.106000000014,0.023337300855685417,346,1.0
2020-02-26,114715.8735000055,112928.10350000551,-1787.7699999999847,-0.015584329748401404,365,1.0
2020-02-27,112928.10350000551,114769.78250000553,1841.6790000000174,0.01630842051642123,369,1.0
2020-02-28,114769.78250000553,111352.00950000554,-3417.77299999999,-0.029779380299860936,397,1.0
2020-03-02,111352.00950000554,114138.69250000555,2786.683000000003,0.02502588873351108,373,1.0
2020-03-03,114138.69250000555,116196.18050000558,2057.4880000000257,0.018026209648405844,368,1.0
2020-03-04,116196.18050000558,117716.34950000561,1520.1690000000326,0.013082779429225422,379,1.0
2020-03-05,117716.34950000561,117312.48450000565,-403.8649999999678,-0.003430831840397386,385,1.0
2020-03-06,117312.48450000565,117312.48450000565,0.0,0.0,400,1.0
2020-03-10,117312.48450000565,114915.05650000567,-2397.4279999999817,-0.02043625629631829,412,1.0
2020-03-11,114915.05650000567,116739.60550000568,1824.5490000000073,0.015877371125862183,409,1.0
2020-03-13,116739.60550000568,110369.7085000057,-6369.896999999981,-0.054565003648223476,443,1.0
2020-03-17,110369.7085000057,103152.1585000057,-7217.550000000005,-0.06539430155330739,450,1.0
2020-03-19,103152.1585000057,103152.1585000057,0.0,0.0,431,1.0
2020-03-20,103152.1585000057,107466.33350000568,4314.174999999994,0.041823409831988734,425,1.0
2020-03-23,107466.33350000568,107936.80350000568,470.4700000000046,0.0043778361527517795,470,1.0
2020-03-24,107936.80350000568,110287.86350000568,2351.059999999998,0.021781819766414356,460,1.0
2020-03-25,110287.86350000568,108951.8135000057,-1336.0499999999952,-0.012114206927219318,450,1.0
2020-03-26,108951.8135000057,112296.36950000569,3344.5559999999987,0.030697570720103817,436,1.0
2020-03-27,112296.36950000569,112296.36950000569,0.0,0.0,443,1.0
2020-03-30,112296.36950000569,112885.06850000573,588.6990000000308,0.005242368944082365,439,1.0
2020-03-31,112885.06850000573,112885.06850000573,0.0,0.0,433,1.0
2020-04-01,112885.06850000573,112885.06850000573,0.0,0.0,455,1.0
2020-04-02,112885.06850000573,114191.92850000571,1306.859999999993,0.011576907534054603,460,1.0
2020-04-03,114191.92850000571,113496.2335000057,-695.6950000000089,-0.006092330772747845,455,1.0
2020-04-06,113496.2335000057,114625.27350000573,1129.0400000000159,0.009947819105379896,440,1.0
2020-04-07,114625.27350000573,114625.27350000573,0.0,0.0,418,1.0
2020-04-08,114625.27350000573,115157.31550000574,532.0420000000182,0.004641576711265083,427,1.0
2020-04-09,115157.31550000574,114213.80950000577,-943.5059999999729,-0.008193192033900232,414,1.0
2020-04-13,114213.80950000577,113625.06150000577,-588.7479999999871,-0.0051547882219965535,412,1.0
2020-04-14,113625.06150000577,114029.46550000578,404.40400000001546,0.0035591091847284595,404,1.0
2020-04-15,114029.46550000578,114029.46550000578,0.0,0.0,410,1.0
2020-04-16,114029.46550000578,114029.46550000578,0.0,0.0,408,1.0
2020-04-17,114029.46550000578,114029.46550000578,0.0,0.0,399,1.0
2020-04-20,114029.46550000578,114029.46550000578,0.0,0.0,403,1.0
2020-04-21,114029.46550000578,114495.43750000582,465.97200000003727,0.004086417470754666,412,1.0
2020-04-22,114495.43750000582,114495.43750000582,0.0,0.0,411,1.0
2020-04-23,114495.43750000582,113112.72550000584,-1382.7119999999788,-0.012076568553222145,408,1.0
2020-04-24,113112.72550000584,113112.72550000584,0.0,0.0,402,1.0
2020-04-27,113112.72550000584,113112.72550000584,0.0,0.0,396,1.0
2020-04-28,113112.72550000584,113112.72550000584,0.0,0.0,388,1.0
2020-04-29,113112.72550000584,112815.12250000586,-297.6029999999782,-0.0026310302283358844,387,1.0
2020-04-30,112815.12250000586,112500.91850000588,-314.2039999999844,-0.002785123067166495,386,1.0
2020-05-01,112500.91850000588,112493.4325000059,-7.485999999977783,-6.65416789461526e-05,394,1.0
2020-05-04,112493.4325000059,112493.4325000059,0.0,0.0,400,1.0
2020-05-05,112493.4325000059,111729.42450000592,-764.0079999999806,-0.006791578699493872,392,1.0
2020-05-06,111729.42450000592,111729.42450000592,0.0,0.0,387,1.0
2020-05-07,111729.42450000592,111365.09250000594,-364.3319999999843,-0.0032608419995930893,388,1.0
2020-05-08,111365.09250000594,111365.09250000594,0.0,0.0,382,1.0
2020-05-11,111365.09250000594,111365.09250000594,0.0,0.0,383,1.0
2020-05-12,111365.09250000594,112945.90150000596,1580.8090000000204,0.01419483398713961,379,1.0
2020-05-13,112945.90150000596,114191.33550000597,1245.4340000000025,0.011026818888155487,394,1.0
2020-05-14,114191.33550000597,110850.21450000598,-3341.1209999999905,-0.02925897122903698,409,1.0
2020-05-15,110850.21450000598,110850.21450000598,0.0,0.0,392,1.0
2020-05-18,110850.21450000598,111024.47250000601,174.2580000000282,0.0015720131962397854,378,1.0
2020-05-19,111024.47250000601,111024.47250000601,0.0,0.0,377,1.0
2020-05-20,111024.47250000601,110886.09750000603,-138.37499999998738,-0.0012463468358291374,375,1.0
2020-05-21,110886.09750000603,111268.79550000603,382.6980000000058,0.0034512712470557982,373,1.0
2020-05-22,111268.79550000603,110515.17250000604,-753.6229999999856,-0.0067729950397454886,377,1.0
2020-05-26,110515.17250000604,110515.17250000604,0.0,0.0,366,1.0
2020-05-27,110515.17250000604,108522.63750000604,-1992.5349999999994,-0.01802951535907793,365,1.0
2020-05-28,108522.63750000604,108522.63750000604,0.0,0.0,356,1.0
2020-05-29,108522.63750000604,107395.29550000603,-1127.3419999999985,-0.010388081472862631,358,1.0
2020-06-01,107395.29550000603,107395.29550000603,0.0,0.0,353,1.0
2020-06-02,107395.29550000603,107395.29550000603,0.0,0.0,350,1.0
2020-06-03,107395.29550000603,107420.44970000605,25.15420000002055,0.0002342206880003861,346,1.0
2020-06-04,107420.44970000605,107420.44970000605,0.0,0.0,345,1.0
2020-06-05,107420.44970000605,107451.20770000605,30.758000000004458,0.0002863328173163815,338,1.0
2020-06-08,107451.20770000605,107943.99270000607,492.7850000000219,0.004586128071969453,335,1.0
2020-06-09,107943.99270000607,107943.99270000607,0.0,0.0,337,1.0
2020-06-10,107943.99270000607,107940.97770000609,-3.014999999984157,-2.7931151373672414e-05,335,1.0
2020-06-11,107940.97770000609,111243.8937000061,3302.916000000019,0.030599278146058673,346,1.0
2020-06-12,111243.8937000061,111243.8937000061,0.0,0.0,360,1.0
2020-06-15,111243.8937000061,110908.5667000061,-335.32699999999846,-0.0030143407323037774,373,1.0
2020-06-16,110908.5667000061,110908.5667000061,0.0,0.0,351,1.0
2020-06-17,110908.5667000061,110937.1597000061,28.593000000007866,0.00025780695622312777,353,1.0
2020-06-18,110937.1597000061,110937.1597000061,0.0,0.0,357,1.0
2020-06-19,110937.1597000061,111161.66770000612,224.50800000001027,0.002023740292316223,353,1.0
2020-06-22,111161.66770000612,111161.66770000612,0.0,0.0,360,1.0
2020-06-23,111161.66770000612,111161.66770000612,0.0,0.0,354,1.0
2020-06-24,111161.66770000612,112457.98570000613,1296.3180000000152,0.011661555883619945,358,1.0
2020-06-25,112457.98570000613,112457.98570000613,0.0,0.0,370,1.0
2020-06-26,112457.98570000613,114370.42270000617,1912.4370000000274,0.017005790990260783,367,1.0
2020-06-29,114370.42270000617,114370.42270000617,0.0,0.0,379,1.0
2020-06-30,114370.42270000617,114998.71870000618,628.2960000000204,0.005493518211854731,376,1.0
2020-07-01,114998.71870000618,114998.71870000618,0.0,0.0,371,1.0
2020-07-02,114998.71870000618,113825.60870000621,-1173.109999999977,-0.010201070179401084,365,1.0
2020-07-06,113825.60870000621,113825.60870000621,0.0,0.0,359,1.0
2020-07-07,113825.60870000621,113825.60870000621,0.0,0.0,360,1.0
2020-07-08,113825.60870000621,113829.57970000622,3.9710000000105063,3.4886701203440396e-05,361,1.0
2020-07-09,113829.57970000622,112939.61870000622,-889.9609999999929,-0.007818363226372749,359,1.0
2020-07-10,112939.61870000622,113184.09770000624,244.47900000001616,0.0021646876695184947,359,1.0
2020-07-13,113184.09770000624,110556.36570000625,-2627.731999999984,-0.023216441650352526,353,1.0
2020-07-14,110556.36570000625,111133.99770000626,577.6320000000086,0.0052247737734740785,352,1.0
2020-07-15,111133.99770000626,111133.99770000626,0.0,0.0,344,1.0
2020-07-16,111133.99770000626,111133.99770000626,0.0,0.0,347,1.0
2020-07-17,111133.99770000626,111133.99770000626,0.0,0.0,345,1.0
2020-07-20,111133.99770000626,111589.74270000629,455.7450000000304,0.0041008603076644334,345,1.0
2020-07-21,111589.74270000629,111589.74270000629,0.0,0.0,341,1.0
2020-07-22,111589.74270000629,111963.95570000629,374.2130000000045,0.0033534713043117392,343,1.0
2020-07-23,111963.95570000629,112752.60770000631,788.6520000000154,0.007043802579761671,342,1.0
2020-07-24,112752.60770000631,112752.60770000631,0.0,0.0,351,1.0
2020-07-27,112752.60770000631,112945.45770000633,192.85000000001736,0.0017103817280494926,350,1.0
2020-07-28,112945.45770000633,112945.45770000633,0.0,0.0,350,1.0
2020-07-29,112945.45770000633,113740.30770000633,794.850000000007,0.007037467607694303,350,1.0
2020-07-30,113740.30770000633,112378.08070000635,-1362.2269999999912,-0.011976642472191101,353,1.0
2020-07-31,112378.08070000635,111064.31030000636,-1313.7703999999953,-0.011690628562229244,344,1.0
2020-08-03,111064.31030000636,111064.31030000636,0.0,0.0,338,1.0
2020-08-04,111064.31030000636,111064.31030000636,0.0,0.0,338,1.0
2020-08-05,111064.31030000636,111064.31030000636,0.0,0.0,335,1.0
2020-08-06,111064.31030000636,111289.06180000637,224.7515000000075,0.0020236158617734645,335,1.0
2020-08-07,111289.06180000637,111289.06180000637,0.0,0.0,333,1.0
2020-08-10,111289.06180000637,110502.55380000638,-786.5079999999888,-0.00706725339650538,332,1.0
2020-08-11,110502.55380000638,110502.55380000638,0.0,0.0,328,1.0
2020-08-12,110502.55380000638,110838.46280000641,335.9090000000253,0.003039830198023896,329,1.0
2020-08-13,110838.46280000641,110838.46280000641,0.0,0.0,329,1.0
2020-08-14,110838.46280000641,110838.46280000641,0.0,0.0,329,1.0
2020-08-17,110838.46280000641,110838.46280000641,0.0,0.0,327,1.0
2020-08-18,110838.46280000641,110240.37980000643,-598.0829999999823,-0.005395987862797602,327,1.0
2020-08-19,110240.37980000643,110240.37980000643,0.0,0.0,325,1.0
2020-08-20,110240.37980000643,110247.26780000643,6.888000000006563,6.248164250255428e-05,328,1.0
2020-08-21,110247.26780000643,110276.93380000646,29.66600000002283,0.00026908603353192895,326,1.0
2020-08-24,110276.93380000646,110276.93380000646,0.0,0.0,322,1.0
2020-08-25,110276.93380000646,110276.93380000646,0.0,0.0,321,1.0
2020-08-26,110276.93380000646,110950.34280000647,673.4090000000166,0.006106526331438378,319,1.0
2020-08-27,110950.34280000647,110639.0208000065,-311.32199999997556,-0.0028059579821321234,318,1.0
2020-08-28,110639.0208000065,110639.0208000065,0.0,0.0,316,1.0
2020-08-31,110639.0208000065,110680.28580000652,41.2650000000106,0.00037296967834343775,315,1.0
2020-09-01,110680.28580000652,111047.16180000654,366.87600000002,0.0033147366520442922,316,1.0
2020-09-02,111047.16180000654,111748.59480000655,701.4330000000148,0.006316532441083655,313,1.0
2020-09-03,111748.59480000655,114047.38880000656,2298.79400000001,0.020571122206181736,314,1.0
2020-09-04,114047.38880000656,114356.97780000657,309.5890000000118,0.0027145645617796532,329,1.0
2020-09-08,114356.97780000657,114770.8968000066,413.9190000000222,0.0036195342685945153,339,1.0
2020-09-09,114770.8968000066,115311.8368000066,540.9400000000045,0.0047132157635974,340,1.0
2020-09-10,115311.8368000066,115423.3838000066,111.54700000000751,0.0009673508210044091,337,1.0
2020-09-11,115423.3838000066,114603.95680000662,-819.4269999999822,-0.007099315346878021,343,1.0
2020-09-14,114603.95680000662,114422.93080000664,-181.02599999997625,-0.0015795789696501084,339,1.0
2020-09-15,114422.93080000664,114422.93080000664,0.0,0.0,335,1.0
2020-09-16,114422.93080000664,114422.93080000664,0.0,0.0,335,1.0
2020-09-17,114422.93080000664,114422.93080000664,0.0,0.0,343,1.0
2020-09-18,114422.93080000664,115519.58680000665,1096.6560000000238,0.009584232743669263,341,1.0
2020-09-21,115519.58680000665,113994.20080000667,-1525.3859999999872,-0.013204565929073264,354,1.0
2020-09-22,113994.20080000667,113994.20080000667,0.0,0.0,346,1.0
2020-09-23,113994.20080000667,115659.50480000667,1665.3040000000046,0.014608672970317427,344,1.0
2020-09-24,115659.50480000667,114648.26480000668,-1011.239999999987,-0.008743250299649619,360,1.0
2020-09-25,114648.26480000668,115531.89530000671,883.6305000000247,0.007707316822818333,355,1.0
2020-09-28,115531.89530000671,115531.89530000671,0.0,0.0,346,1.0
2020-09-29,115531.89530000671,115449.44030000674,-82.45499999997035,-0.0007136990160669932,345,1.0
2020-09-30,115449.44030000674,115390.96630000675,-58.47399999999229,-0.0005064901124512966,346,1.0
2020-10-01,115390.96630000675,115390.96630000675,0.0,0.0,341,1.0
2020-10-02,115390.96630000675,115390.96630000675,0.0,0.0,347,1.0
2020-10-05,115390.96630000675,116097.88930000676,706.923000000014,0.006126328799102687,343,1.0
2020-10-06,116097.88930000676,116804.10030000677,706.2110000000107,0.006082892671503304,341,1.0
2020-10-07,116804.10030000677,116638.8453000068,-165.25499999997348,-0.0014148047848964174,345,1.0
2020-10-08,116638.8453000068,116638.8453000068,0.0,0.0,340,1.0
2020-10-09,116638.8453000068,116638.8453000068,0.0,0.0,337,1.0
2020-10-12,116638.8453000068,116865.61830000681,226.773000000015,0.0019442322102618537,333,1.0
2020-10-13,116865.61830000681,116865.61830000681,0.0,0.0,331,1.0
2020-10-14,116865.61830000681,115754.06430000682,-1111.553999999985,-0.009511385950541129,333,1.0
2020-10-15,115754.06430000682,115754.06430000682,0.0,0.0,336,1.0
2020-10-16,115754.06430000682,114632.30530000685,-1121.7589999999827,-0.009690882188746697,331,1.0
2020-10-19,114632.30530000685,115547.75330000687,915.4480000000192,0.007985951234289246,328,1.0
2020-10-20,115547.75330000687,115047.44930000688,-500.3039999999902,-0.004329846195286979,336,1.0
2020-10-21,115047.44930000688,114134.9093000069,-912.5399999999759,-0.00793185772959093,335,1.0
2020-10-22,114134.9093000069,114134.9093000069,0.0,0.0,332,1.0
2020-10-23,114134.9093000069,114134.9093000069,0.0,0.0,329,1.0
2020-10-26,114134.9093000069,114210.1673000069,75.25800000000136,0.0006593775774788035,333,1.0
2020-10-27,114210.1673000069,114281.06330000692,70.89600000002505,0.0006207503383983681,336,1.0
2020-10-28,114281.06330000692,115863.80730000694,1582.744000000021,0.013849573623978761,344,1.0
2020-10-29,115863.80730000694,116611.10130000697,747.2940000000184,0.0064497621596799615,354,1.0
2020-10-30,116611.10130000697,116157.020800007,-454.08049999996786,-0.0038939731718315995,355,1.0
2020-11-02,116157.020800007,116157.020800007,0.0,0.0,351,1.0
2020-11-03,116157.020800007,116359.20880000702,202.18800000002753,0.0017406438165123994,348,1.0
2020-11-04,116359.20880000702,116697.13980000703,337.9310000000161,0.0029042050344363357,341,1.0
2020-11-05,116697.13980000703,116209.83380000704,-487.3059999999994,-0.004175817854963126,334,1.0
2020-11-06,116209.83380000704,115566.08580000704,-643.7479999999865,-0.005539531199294734,332,1.0
2020-11-09,115566.08580000704,115566.08580000704,0.0,0.0,317,1.0
2020-11-10,115566.08580000704,115566.08580000704,0.0,0.0,326,1.0
2020-11-11,115566.08580000704,115566.08580000704,0.0,0.0,324,1.0
2020-11-12,115566.08580000704,115228.41080000707,-337.67499999997574,-0.0029219212337461276,325,1.0
2020-11-13,115228.41080000707,115228.41080000707,0.0,0.0,324,1.0
2020-11-16,115228.41080000707,115228.41080000707,0.0,0.0,319,1.0
2020-11-17,115228.41080000707,114511.9308000071,-716.4799999999725,-0.006217910973739804,320,1.0
2020-11-18,114511.9308000071,114511.9308000071,0.0,0.0,317,1.0
2020-11-19,114511.9308000071,114511.9308000071,0.0,0.0,322,1.0
2020-11-20,114511.9308000071,114511.9308000071,0.0,0.0,320,1.0
2020-11-23,114511.9308000071,114511.9308000071,0.0,0.0,320,1.0
2020-11-24,114511.9308000071,114753.16780000711,241.23700000000923,0.002106653850953988,317,1.0
2020-11-25,114753.16780000711,114595.48380000715,-157.68399999996996,-0.0013741145715016057,316,1.0
2020-11-30,114595.48380000715,114343.79880000715,-251.68499999999156,-0.0021962907407349075,315,1.0
2020-12-01,114343.79880000715,114025.87080000716,-317.92799999998243,-0.0027804568619943515,312,1.0
2020-12-02,114025.87080000716,114025.87080000716,0.0,0.0,312,1.0
2020-12-03,114025.87080000716,113744.01880000718,-281.85199999998036,-0.0024718250167484745,310,1.0
2020-12-04,113744.01880000718,114237.18280000718,493.16400000000266,0.00433573567386536,309,1.0
2020-12-07,114237.18280000718,114237.18280000718,0.0,0.0,309,1.0
2020-12-08,114237.18280000718,114276.21180000721,39.02900000001962,0.000341648831347241,310,1.0
2020-12-09,114276.21180000721,114772.39980000722,496.18800000001596,0.004342006023689171,308,1.0
2020-12-10,114772.39980000722,114772.39980000722,0.0,0.0,314,1.0
2020-12-11,114772.39980000722,114772.39980000722,0.0,0.0,314,1.0
2020-12-14,114772.39980000722,113242.59080000724,-1529.8089999999754,-0.013329066941753398,311,1.0
2020-12-15,113242.59080000724,113366.09880000724,123.50800000000476,0.0010906497204583587,308,1.0
2020-12-16,113366.09880000724,113366.09880000724,0.0,0.0,306,1.0
2020-12-17,113366.09880000724,113366.09880000724,0.0,0.0,304,1.0
2020-12-18,113366.09880000724,113518.90380000725,152.80500000001166,0.0013478897273300205,305,1.0
2020-12-21,113518.90380000725,111926.89480000726,-1592.0089999999893,-0.014024175240493153,311,1.0
2020-12-22,111926.89480000726,111926.89480000726,0.0,0.0,303,1.0
2020-12-23,111926.89480000726,111487.84780000725,-439.0470000000022,-0.003922622894028338,303,1.0
2020-12-28,111487.84780000725,111487.84780000725,0.0,0.0,299,1.0
2020-12-29,111487.84780000725,111487.84780000725,0.0,0.0,298,1.0
2020-12-30,111487.84780000725,111487.84780000725,0.0,0.0,299,1.0
2020-12-31,111487.84780000725,111487.84780000725,0.0,0.0,299,1.0
2021-01-04,111487.84780000725,112563.28480000727,1075.4370000000129,0.009646226214081954,297,1.0
2021-01-05,112563.28480000727,112914.33980000728,351.0550000000047,0.0031187345023178104,305,1.0
2021-01-06,112914.33980000728,113303.12330000728,388.78350000000023,0.003443172060241473,305,1.0
2021-01-07,113303.12330000728,113592.38430000731,289.2610000000224,0.0025529834621955683,301,1.0
2021-01-08,113592.38430000731,113592.38430000731,0.0,0.0,298,1.0
2021-01-11,113592.38430000731,113592.38430000731,0.0,0.0,300,1.0
2021-01-12,113592.38430000731,113592.38430000731,0.0,0.0,299,1.0
2021-01-13,113592.38430000731,113592.38430000731,0.0,0.0,299,1.0
2021-01-14,113592.38430000731,113592.38430000731,0.0,0.0,298,1.0
2021-01-15,113592.38430000731,113261.58530000731,-330.7989999999954,-0.002912158258130515,301,1.0
2021-01-19,113261.58530000731,113261.58530000731,0.0,0.0,299,1.0
2021-01-20,113261.58530000731,113582.64230000734,321.0570000000235,0.0028346504169936004,297,1.0
2021-01-21,113582.64230000734,113582.64230000734,0.0,0.0,295,1.0
2021-01-22,113582.64230000734,113582.64230000734,0.0,0.0,297,1.0
2021-01-25,113582.64230000734,112644.61830000737,-938.0239999999766,-0.008258515394653054,296,1.0
2021-01-26,112644.61830000737,112644.61830000737,0.0,0.0,292,1.0
2021-01-27,112644.61830000737,113568.43430000737,923.8160000000127,0.008201155225539436,296,1.0
2021-01-28,113568.43430000737,113568.7353000074,0.3010000000286075,2.6503843422176487e-06,301,1.0
2021-01-29,113568.7353000074,114330.07730000743,761.3420000000232,0.0067037992277436675,302,1.0
2021-02-01,114330.07730000743,114339.53230000744,9.455000000020666,8.269914814462709e-05,305,1.0
2021-02-02,114339.53230000744,114532.47330000746,192.9410000000245,0.0016874391220507157,301,1.0
2021-02-03,114532.47330000746,114532.47330000746,0.0,0.0,299,1.0
2021-02-04,114532.47330000746,115208.51230000748,676.0390000000258,0.005902596709224994,299,1.0
2021-02-05,115208.51230000748,115208.51230000748,0.0,0.0,296,1.0
2021-02-08,115208.51230000748,115208.51230000748,0.0,0.0,295,1.0
2021-02-09,115208.51230000748,115208.51230000748,0.0,0.0,295,1.0
2021-02-10,115208.51230000748,115208.51230000748,0.0,0.0,293,1.0
2021-02-11,115208.51230000748,115208.51230000748,0.0,0.0,294,1.0
2021-02-12,115208.51230000748,115208.51230000748,0.0,0.0,295,1.0
2021-02-16,115208.51230000748,115208.51230000748,0.0,0.0,292,1.0
2021-02-17,115208.51230000748,115208.51230000748,0.0,0.0,295,1.0
2021-02-18,115208.51230000748,114539.1573000075,-669.3549999999834,-0.005809943958454689,295,1.0
2021-02-19,114539.1573000075,114539.1573000075,0.0,0.0,292,1.0
2021-02-22,114539.1573000075,114539.1573000075,0.0,0.0,295,1.0
2021-02-23,114539.1573000075,112160.00910000752,-2379.1481999999833,-0.020771483360650045,297,1.0
2021-02-24,112160.00910000752,113146.29910000753,986.2900000000045,0.008793597717352108,290,1.0
2021-02-25,113146.29910000753,115048.20810000756,1901.909000000023,0.016809290406564426,289,1.0
2021-02-26,115048.20810000756,114498.34710000758,-549.8609999999811,-0.00477939647284209,299,1.0
2021-03-01,114498.34710000758,115259.36310000758,761.0160000000093,0.006646523895539769,296,1.0
2021-03-02,115259.36310000758,115548.7581000076,289.39500000001664,0.0025108155399828913,295,1.0
2021-03-03,115548.7581000076,116455.02710000762,906.2690000000204,0.007843173867914999,299,1.0
2021-03-04,116455.02710000762,116537.68210000762,82.6550000000061,0.0007097589692630635,305,1.0
2021-03-05,116537.68210000762,114326.58730000764,-2211.094799999977,-0.018973217590706026,306,1.0
2021-03-08,114326.58730000764,112853.76430000765,-1472.8229999999826,-0.012882593933597586,297,1.0
2021-03-09,112853.76430000765,112804.88350000767,-48.88079999997798,-0.00043313397920907715,292,1.0
2021-03-10,112804.88350000767,112804.88350000767,0.0,0.0,289,1.0
2021-03-11,112804.88350000767,112644.45050000768,-160.43299999998968,-0.0014222167961369658,287,1.0
2021-03-12,112644.45050000768,112644.45050000768,0.0,0.0,287,1.0
2021-03-15,112644.45050000768,112644.45050000768,0.0,0.0,285,1.0
2021-03-16,112644.45050000768,112644.45050000768,0.0,0.0,283,1.0
2021-03-17,112644.45050000768,112644.45050000768,0.0,0.0,285,1.0
2021-03-18,112644.45050000768,112644.45050000768,0.0,0.0,285,1.0
2021-03-19,112644.45050000768,112356.73850000769,-287.711999999989,-0.002554160446634368,288,1.0
2021-03-22,112356.73850000769,112711.26650000771,354.5280000000162,0.003155378170753842,288,1.0
2021-03-23,112711.26650000771,112674.24350000772,-37.02299999998773,-0.0003284764793232142,287,1.0
2021-03-24,112674.24350000772,112674.24350000772,0.0,0.0,288,1.0
2021-03-25,112674.24350000772,112729.82450000773,55.581000000010455,0.000493289311500833,291,1.0
2021-03-26,112729.82450000773,113847.55250000773,1117.7280000000096,0.009915104587073342,288,1.0
2021-03-29,113847.55250000773,113076.00050000775,-771.5519999999746,-0.006777062686524893,288,1.0
2021-03-30,113076.00050000775,113076.00050000775,0.0,0.0,286,1.0
2021-03-31,113076.00050000775,113107.74650000776,31.746000000014828,0.00028074922936460744,286,1.0
2021-04-01,113107.74650000776,113478.75950000777,371.01300000001146,0.003280173210771009,283,1.0
2021-04-05,113478.75950000777,113970.79050000779,492.03100000001075,0.004335886311834347,281,1.0
2021-04-06,113970.79050000779,113970.79050000779,0.0,0.0,280,1.0
2021-04-07,113970.79050000779,113970.79050000779,0.0,0.0,280,1.0
2021-04-08,113970.79050000779,113970.79050000779,0.0,0.0,279,1.0
2021-04-09,113970.79050000779,114424.4445000078,453.6540000000107,0.003980440935872798,279,1.0
2021-04-12,114424.4445000078,114424.4445000078,0.0,0.0,278,1.0
2021-04-13,114424.4445000078,114459.44470000782,35.0002000000176,0.000305880444978035,278,1.0
2021-04-14,114459.44470000782,113720.40870000784,-739.0359999999832,-0.006456749829050423,277,1.0
2021-04-15,113720.40870000784,114065.92270000785,345.51400000000797,0.003038276101446913,274,1.0
2021-04-16,114065.92270000785,114065.92270000785,0.0,0.0,273,1.0
2021-04-19,114065.92270000785,114086.74670000788,20.824000000022927,0.00018256109718928215,274,1.0
2021-04-20,114086.74670000788,114114.5217000079,27.775000000016757,0.0002434550971381899,275,1.0
2021-04-21,114114.5217000079,114854.3887000079,739.8669999999993,0.006483548184559762,277,1.0
2021-04-22,114854.3887000079,114716.66470000791,-137.72399999998945,-0.001199118305872604,276,1.0
2021-04-23,114716.66470000791,115414.98170000793,698.3170000000213,0.006087319587142481,277,1.0
2021-04-26,115414.98170000793,115414.98170000793,0.0,0.0,276,1.0
2021-04-27,115414.98170000793,115236.54770000796,-178.4339999999838,-0.0015460211263020884,276,1.0
2021-04-28,115236.54770000796,115236.54770000796,0.0,0.0,275,1.0
2021-04-29,115236.54770000796,115236.54770000796,0.0,0.0,274,1.0
2021-04-30,115236.54770000796,115236.54770000796,0.0,0.0,275,1.0
2021-05-03,115236.54770000796,115236.54770000796,0.0,0.0,274,1.0
2021-05-04,115236.54770000796,114745.54370000797,-491.00399999998194,-0.004260835731370594,276,1.0
2021-05-06,114745.54370000797,114281.343700008,-464.19999999996276,-0.004045473009510303,275,1.0
2021-05-07,114281.343700008,114586.25570000801,304.91200000001163,0.0026680820344606726,272,1.0
2021-05-10,114586.25570000801,115067.76850000802,481.5128000000114,0.0042021863534893455,271,1.0
2021-05-11,115067.76850000802,114395.28650000805,-672.481999999978,-0.0058442256138818705,278,1.0
2021-05-12,114395.28650000805,115502.00450000807,1106.7180000000158,0.009674506999901133,278,1.0
2021-05-13,115502.00450000807,115556.05750000809,54.053000000010165,0.00046798322015284555,283,1.0
2021-05-14,115556.05750000809,116013.89650000811,457.83900000002274,0.003962051059071436,279,1.0
2021-05-17,116013.89650000811,116013.89650000811,0.0,0.0,279,1.0
2021-05-18,116013.89650000811,116013.89650000811,0.0,0.0,279,1.0
2021-05-19,116013.89650000811,116013.89650000811,0.0,0.0,285,1.0
2021-05-20,116013.89650000811,116618.32750000813,604.4310000000204,0.005209987925886006,281,1.0
2021-05-21,116618.32750000813,115714.64650000814,-903.6809999999919,-0.00774904785013264,279,1.0
2021-05-24,115714.64650000814,115742.62350000815,27.97700000001688,0.0002417757893768968,277,1.0
2021-05-25,115742.62350000815,115742.62350000815,0.0,0.0,275,1.0
2021-05-26,115742.62350000815,115742.62350000815,0.0,0.0,276,1.0
2021-05-27,115742.62350000815,115742.62350000815,0.0,0.0,275,1.0
2021-05-28,115742.62350000815,115742.62350000815,0.0,0.0,274,1.0
2021-06-01,115742.62350000815,115742.62350000815,0.0,0.0,273,1.0
2021-06-02,115742.62350000815,115742.62350000815,0.0,0.0,275,1.0
2021-06-03,115742.62350000815,115742.62350000815,0.0,0.0,276,1.0
2021-06-04,115742.62350000815,115973.89850000816,231.27500000000362,0.001998183495468986,275,1.0
2021-06-07,115973.89850000816,115804.29250000817,-169.6059999999908,-0.0014624497597618413,274,1.0
2021-06-08,115804.29250000817,115437.38050000819,-366.9119999999815,-0.0031683799631171405,273,1.0
2021-06-09,115437.38050000819,115437.38050000819,0.0,0.0,272,1.0
2021-06-10,115437.38050000819,115255.4125000082,-181.96799999999394,-0.001576335145615837,272,1.0
2021-06-11,115255.4125000082,115255.4125000082,0.0,0.0,271,1.0
2021-06-14,115255.4125000082,114739.4285000082,-515.9839999999978,-0.0044768743506944375,271,1.0
2021-06-15,114739.4285000082,114702.03750000821,-37.39099999998606,-0.00032587751646317997,269,1.0
2021-06-16,114702.03750000821,115077.60750000822,375.57000000000664,0.0032743097523439957,270,1.0
2021-06-17,115077.60750000822,114444.11950000824,-633.4879999999853,-0.005504876350509225,272,1.0
2021-06-18,114444.11950000824,114767.71350000825,323.59400000001233,0.0028275284166086045,274,1.0
2021-06-21,114767.71350000825,115579.23850000826,811.5250000000074,0.007071021764321728,275,1.0
2021-06-22,115579.23850000826,115894.61250000828,315.3740000000198,0.002728638846327014,274,1.0
2021-06-23,115894.61250000828,115894.61250000828,0.0,0.0,273,1.0
2021-06-24,115894.61250000828,115894.61250000828,0.0,0.0,272,1.0
2021-06-25,115894.61250000828,115894.61250000828,0.0,0.0,272,1.0
2021-06-28,115894.61250000828,115894.61250000828,0.0,0.0,271,1.0
2021-06-29,115894.61250000828,115894.61250000828,0.0,0.0,270,1.0
2021-06-30,115894.61250000828,115894.61250000828,0.0,0.0,271,1.0
2021-07-01,115894.61250000828,116197.28250000831,302.6700000000269,0.0026115968074011953,270,1.0
2021-07-02,116197.28250000831,116326.64460000832,129.36210000000662,0.0011132971203522413,269,1.0
2021-07-06,116326.64460000832,116342.99260000835,16.34800000002608,0.00014053530088697919,268,1.0
2021-07-07,116342.99260000835,116342.99260000835,0.0,0.0,268,1.0
2021-07-08,116342.99260000835,116342.99260000835,0.0,0.0,271,1.0
2021-07-09,116342.99260000835,116852.46060000837,509.4680000000194,0.004379017494861914,268,1.0
2021-07-12,116852.46060000837,117016.20860000838,163.7480000000139,0.0014013226521649713,268,1.0
2021-07-13,117016.20860000838,117016.20860000838,0.0,0.0,268,1.0
2021-07-14,117016.20860000838,117016.20860000838,0.0,0.0,267,1.0
2021-07-15,117016.20860000838,116486.54760000839,-529.6609999999971,-0.004526390030380467,269,1.0
2021-07-16,116486.54760000839,116972.75460000841,486.2070000000235,0.00417393261297061,267,1.0
2021-07-19,116972.75460000841,116775.74860000843,-197.00599999998144,-0.0016842041608206015,274,1.0
2021-07-20,116775.74860000843,117535.00260000843,759.2540000000055,0.006501812312081023,274,1.0
2021-07-21,117535.00260000843,117776.46360000844,241.46100000000666,0.002054375247021012,271,1.0
2021-07-22,117776.46360000844,117776.46360000844,0.0,0.0,270,1.0
2021-07-23,117776.46360000844,117950.23760000845,173.77400000000537,0.0014754560859475685,269,1.0
2021-07-26,117950.23760000845,117950.23760000845,0.0,0.0,268,1.0
2021-07-27,117950.23760000845,117832.58560000846,-117.65199999998916,-0.0009974714964031683,268,1.0
2021-07-28,117832.58560000846,117832.58560000846,0.0,0.0,267,1.0
2021-07-29,117832.58560000846,117808.82260000848,-23.762999999983123,-0.00020166747490923953,267,1.0
2021-07-30,117808.82260000848,117808.82260000848,0.0,0.0,269,1.0
2021-08-02,117808.82260000848,117808.82260000848,0.0,0.0,267,1.0
2021-08-03,117808.82260000848,116860.63860000852,-948.1839999999697,-0.00804849737968516,268,1.0
2021-08-04,116860.63860000852,116860.63860000852,0.0,0.0,265,1.0
2021-08-05,116860.63860000852,116860.63860000852,0.0,0.0,265,1.0
2021-08-06,116860.63860000852,116860.63860000852,0.0,0.0,264,1.0
2021-08-09,116860.63860000852,116860.63860000852,0.0,0.0,264,1.0
2021-08-10,116860.63860000852,116860.63860000852,0.0,0.0,264,1.0
2021-08-11,116860.63860000852,116860.63860000852,0.0,0.0,263,1.0
2021-08-12,116860.63860000852,116916.13160000852,55.49300000000466,0.0004748647676824369,263,1.0
2021-08-13,116916.13160000852,116916.13160000852,0.0,0.0,262,1.0
2021-08-16,116916.13160000852,115959.07460000853,-957.0569999999864,-0.00818584216653917,263,1.0
2021-08-17,115959.07460000853,115695.72560000855,-263.34899999998765,-0.0022710512386234782,261,1.0
2021-08-18,115695.72560000855,116304.11660000857,608.3910000000207,0.005258543449594644,261,1.0
2021-08-19,116304.11660000857,116066.31260000856,-237.80400000000012,-0.002044673971583144,266,1.0
2021-08-20,116066.31260000856,116453.18560000857,386.87300000000226,0.0033332066069269306,263,1.0
2021-08-23,116453.18560000857,116685.73660000857,232.5510000000064,0.0019969483771682395,261,1.0
2021-08-24,116685.73660000857,116685.73660000857,0.0,0.0,260,1.0
2021-08-25,116685.73660000857,116576.79660000859,-108.9399999999942,-0.0009336188224394748,260,1.0
2021-08-26,116576.79660000859,116905.9856000086,329.1890000000199,0.002823795211404745,259,1.0
2021-08-27,116905.9856000086,117130.70660000862,224.72100000001353,0.0019222369055498234,261,1.0
2021-08-30,117130.70660000862,117141.32560000864,10.619000000015193,9.065940356944857e-05,259,1.0
2021-08-31,117141.32560000864,117009.49460000865,-131.83099999998774,-0.0011254012990269402,259,1.0
2021-09-01,117009.49460000865,117009.49460000865,0.0,0.0,258,1.0
2021-09-02,117009.49460000865,117009.49460000865,0.0,0.0,258,1.0
2021-09-03,117009.49460000865,117009.49460000865,0.0,0.0,258,1.0
2021-09-07,117009.49460000865,117063.93260000867,54.438000000019244,0.0004652442965087378,258,1.0
2021-09-08,117063.93260000867,116667.92160000869,-396.010999999983,-0.003382860896644413,259,1.0
2021-09-09,116667.92160000869,115932.87960000869,-735.041999999996,-0.006300292230456139,258,1.0
2021-09-10,115932.87960000869,116447.08520000869,514.2056000000082,0.004435373310609725,257,1.0
2021-09-13,116447.08520000869,116447.08520000869,0.0,0.0,259,1.0
2021-09-14,116447.08520000869,116649.36420000871,202.27900000001756,0.0017370894226558242,259,1.0
2021-09-15,116649.36420000871,117147.42620000873,498.06200000001894,0.0042697360882828495,262,1.0
2021-09-16,117147.42620000873,116878.85720000874,-268.5689999999829,-0.0022925727752776126,261,1.0
2021-09-17,116878.85720000874,117418.83920000875,539.9820000000107,0.004620014371598202,262,1.0
2021-09-20,117418.83920000875,117099.15920000875,-319.6799999999903,-0.0027225614064830816,270,1.0
2021-09-21,117099.15920000875,117099.15920000875,0.0,0.0,268,1.0
2021-09-22,117099.15920000875,117214.66720000877,115.50800000001206,0.0009864118648599263,268,1.0
2021-09-23,117214.66720000877,117443.69320000878,229.0260000000138,0.00195390223314984,266,1.0
2021-09-24,117443.69320000878,117443.69320000878,0.0,0.0,266,1.0
2021-09-27,117443.69320000878,117443.69320000878,0.0,0.0,265,1.0
2021-09-28,117443.69320000878,118578.71020000879,1135.0170000000103,0.009664350371433317,267,1.0
2021-09-29,118578.71020000879,118578.71020000879,0.0,0.0,272,1.0
2021-09-30,118578.71020000879,118906.8912000088,328.1810000000048,0.0027676216029544065,271,1.0
2021-10-01,118906.8912000088,118944.56620000882,37.675000000017135,0.00031684454634883785,275,1.0
2021-10-04,118944.56620000882,119287.34020000882,342.77400000001046,0.002881796209367238,274,1.0
2021-10-05,119287.34020000882,119093.71720000883,-193.62299999998626,-0.0016231647019319118,277,1.0
2021-10-06,119093.71720000883,119093.71720000883,0.0,0.0,277,1.0
2021-10-07,119093.71720000883,118541.14820000884,-552.5689999999953,-0.004639782962454597,271,1.0
2021-10-08,118541.14820000884,118541.14820000884,0.0,0.0,269,1.0
2021-10-11,118541.14820000884,117254.16920000887,-1286.9789999999741,-0.010856812335143906,271,1.0
2021-10-12,117254.16920000887,117254.16920000887,0.0,0.0,269,1.0
2021-10-13,117254.16920000887,117254.16920000887,0.0,0.0,269,1.0
2021-10-14,117254.16920000887,117608.21120000888,354.0420000000223,0.0030194406085135572,267,1.0
2021-10-15,117608.21120000888,117608.21120000888,0.0,0.0,264,1.0
2021-10-18,117608.21120000888,117608.21120000888,0.0,0.0,264,1.0
2021-10-19,117608.21120000888,117608.21120000888,0.0,0.0,261,1.0
2021-10-20,117608.21120000888,117608.21120000888,0.0,0.0,260,1.0
2021-10-21,117608.21120000888,117608.21120000888,0.0,0.0,260,1.0
2021-10-22,117608.21120000888,117608.21120000888,0.0,0.0,259,1.0
2021-10-25,117608.21120000888,117608.21120000888,0.0,0.0,258,1.0
2021-10-26,117608.21120000888,117608.21120000888,0.0,0.0,257,1.0
2021-10-27,117608.21120000888,117608.21120000888,0.0,0.0,257,1.0
2021-10-28,117608.21120000888,117990.3092000089,382.09800000001457,0.003248905804291269,258,1.0
2021-10-29,117990.3092000089,117990.3092000089,0.0,0.0,258,1.0
2021-11-01,117990.3092000089,117990.3092000089,0.0,0.0,256,1.0
2021-11-02,117990.3092000089,118167.2052000089,176.8960000000092,0.0014992417699333238,256,1.0
2021-11-03,118167.2052000089,118374.82120000891,207.61600000001036,0.0017569680153524114,256,1.0
2021-11-04,118374.82120000891,118505.88520000892,131.06400000000625,0.0011071949141834292,254,1.0
2021-11-05,118505.88520000892,118057.57720000893,-448.3079999999835,-0.003783001993895585,252,1.0
2021-11-08,118057.57720000893,118057.57720000893,0.0,0.0,251,1.0
2021-11-09,118057.57720000893,117944.87820000894,-112.69899999998756,-0.0009546104762853114,251,1.0
2021-11-10,117944.87820000894,118086.81120000896,141.93300000002463,0.0012033841754393038,253,1.0
2021-11-11,118086.81120000896,118086.81120000896,0.0,0.0,253,1.0
2021-11-12,118086.81120000896,118193.32420000898,106.51300000001369,0.0009019889597967623,253,1.0
2021-11-15,118193.32420000898,118193.32420000898,0.0,0.0,252,1.0
2021-11-16,118193.32420000898,118373.207200009,179.88300000001888,0.0015219387492275693,253,1.0
2021-11-17,118373.207200009,118234.859200009,-138.34799999999325,-0.0011687442054876263,252,1.0
2021-11-18,118234.859200009,117507.210200009,-727.6489999999989,-0.006154267911539502,251,1.0
2021-11-19,117507.210200009,117507.210200009,0.0,0.0,250,1.0
2021-11-22,117507.210200009,116212.659200009,-1294.5509999999877,-0.01101677929206668,249,1.0
2021-11-23,116212.659200009,115054.99520000901,-1157.663999999985,-0.009961599777246088,248,1.0
2021-11-24,115054.99520000901,115054.99520000901,0.0,0.0,246,1.0
2021-11-29,115054.99520000901,114551.36220000903,-503.63299999998156,-0.004377324071192956,247,1.0
2021-11-30,114551.36220000903,115090.06920000903,538.707000000011,0.00470275507557405,247,1.0
2021-12-01,115090.06920000903,113516.88720000905,-1573.1819999999793,-0.013669137667004394,249,1.0
2021-12-02,113516.88720000905,113888.61820000906,371.73100000001415,0.003274675770002844,251,1.0
2021-12-03,113888.61820000906,114379.90620000908,491.288000000014,0.004313758545539947,248,1.0
2021-12-06,114379.90620000908,114545.15620000908,165.2500000000016,0.0014447467696907523,250,1.0
2021-12-07,114545.15620000908,114788.94220000909,243.78600000001163,0.0021282960195569967,246,1.0
2021-12-08,114788.94220000909,114788.94220000909,0.0,0.0,244,1.0
2021-12-09,114788.94220000909,114788.94220000909,0.0,0.0,245,1.0
2021-12-10,114788.94220000909,114788.94220000909,0.0,0.0,244,1.0
2021-12-13,114788.94220000909,115296.7062000091,507.7640000000054,0.004423457436477429,244,1.0
2021-12-14,115296.7062000091,115296.7062000091,0.0,0.0,248,1.0
2021-12-15,115296.7062000091,113623.20220000911,-1673.5039999999813,-0.014514759832747526,248,1.0
2021-12-16,113623.20220000911,113913.84220000911,290.64000000000425,0.002557928260888076,240,1.0
2021-12-17,113913.84220000911,113791.08820000914,-122.75399999997661,-0.0010776038945683464,246,1.0
2021-12-20,113791.08820000914,113133.83820000915,-657.2499999999893,-0.005775935623752448,250,1.0
2021-12-21,113133.83820000915,113421.90420000916,288.06600000001333,0.0025462408469756337,246,1.0
2021-12-22,113421.90420000916,113804.34920000916,382.44500000000994,0.003371879556224089,245,1.0
2021-12-23,113804.34920000916,113901.39120000917,97.04200000000374,0.0008527090632490797,242,1.0
2021-12-27,113901.39120000917,114882.50220000917,981.1110000000075,0.008613687591200625,241,1.0
2021-12-28,114882.50220000917,114882.50220000917,0.0,0.0,240,1.0
2021-12-29,114882.50220000917,114882.50220000917,0.0,0.0,240,1.0
2021-12-30,114882.50220000917,114882.50220000917,0.0,0.0,240,1.0
2021-12-31,114882.50220000917,114882.50220000917,0.0,0.0,241,1.0
2022-01-03,114882.50220000917,114882.50220000917,0.0,0.0,241,1.0
2022-01-04,114882.50220000917,114452.54120000919,-429.96099999998,-0.0037426152091588616,239,1.0
2022-01-05,114452.54120000919,115654.9502000092,1202.4090000000162,0.010505743143778501,239,1.0
2022-01-06,115654.9502000092,115432.89720000922,-222.05299999998496,-0.0019199610532534273,247,1.0
2022-01-07,115432.89720000922,115221.58320000922,-211.31399999999397,-0.001830621990140835,246,1.0
2022-01-10,115221.58320000922,113675.54220000922,-1546.0409999999995,-0.013417980877040048,249,1.0
2022-01-11,113675.54220000922,113061.15020000924,-614.391999999977,-0.005404786184516008,244,1.0
2022-01-12,113061.15020000924,112683.76920000925,-377.38099999998707,-0.003337848583110925,239,1.0
2022-01-13,112683.76920000925,113439.65720000926,755.8880000000117,0.006708046823126201,238,1.0
2022-01-14,113439.65720000926,113439.65720000926,0.0,0.0,245,1.0
2022-01-18,113439.65720000926,113828.58320000928,388.9260000000195,0.0034284835620959075,246,1.0
2022-01-19,113828.58320000928,113241.31920000928,-587.2639999999964,-0.005159196253616827,248,1.0
2022-01-20,113241.31920000928,110766.5082000093,-2474.8109999999897,-0.021854310930703003,249,1.0
2022-01-21,110766.5082000093,112158.0362000093,1391.5280000000128,0.012562714331369351,248,1.0
2022-01-24,112158.0362000093,109358.50520000931,-2799.530999999991,-0.024960592168425944,259,1.0
2022-01-25,109358.50520000931,108008.03720000932,-1350.4679999999937,-0.012348998347500029,252,1.0
2022-01-26,108008.03720000932,108008.03720000932,0.0,0.0,245,1.0
2022-01-27,108008.03720000932,105319.74920000933,-2688.287999999983,-0.024889703300707278,246,1.0
2022-01-28,105319.74920000933,105412.57520000935,92.8260000000173,0.0008813731584542683,243,1.0
2022-01-31,105412.57520000935,106700.39320000936,1287.818000000015,0.012216929503491514,238,1.0
2022-02-01,106700.39320000936,106700.39320000936,0.0,0.0,236,1.0
2022-02-02,106700.39320000936,106700.39320000936,0.0,0.0,234,1.0
2022-02-03,106700.39320000936,106700.39320000936,0.0,0.0,236,1.0
2022-02-04,106700.39320000936,106452.07220000938,-248.32099999998218,-0.0023272735231115727,239,1.0
2022-02-07,106452.07220000938,106452.07220000938,0.0,0.0,236,1.0
2022-02-08,106452.07220000938,106897.37020000939,445.2980000000102,0.004183084375880997,238,1.0
2022-02-09,106897.37020000939,106897.37020000939,0.0,0.0,234,1.0
2022-02-10,106897.37020000939,106897.37020000939,0.0,0.0,236,1.0
2022-02-11,106897.37020000939,108357.52720000941,1460.157000000015,0.013659428639525961,237,1.0
2022-02-14,108357.52720000941,108065.03320000942,-292.49399999999,-0.0026993417767839922,246,1.0
2022-02-15,108065.03320000942,108198.92620000943,133.89300000001205,0.0012390039223160176,243,1.0
2022-02-16,108198.92620000943,108198.92620000943,0.0,0.0,243,1.0
2022-02-17,108198.92620000943,109089.77020000943,890.8440000000038,0.008233390397546447,244,1.0
2022-02-18,109089.77020000943,109388.81920000944,299.04900000002084,0.0027413111188310246,249,1.0
2022-02-22,109388.81920000944,109335.94220000946,-52.87699999998516,-0.00048338578281292843,253,1.0
2022-02-23,109335.94220000946,110888.51420000946,1552.5720000000017,0.014200014823669393,252,1.0
2022-02-24,110888.51420000946,110888.51420000946,0.0,0.0,269,1.0
2022-02-25,110888.51420000946,112387.75220000948,1499.2380000000103,0.013520228049010097,258,1.0
2022-02-28,112387.75220000948,112387.75220000948,0.0,0.0,260,1.0
2022-03-01,112387.75220000948,112322.22020000948,-65.53199999998897,-0.0005830884479597342,258,1.0
2022-03-02,112322.22020000948,112604.78920000949,282.5690000000034,0.0025156999166935368,259,1.0
2022-03-03,112604.78920000949,112393.39420000948,-211.3950000000007,-0.0018773180208572215,255,1.0
2022-03-04,112393.39420000948,111421.25420000948,-972.1399999999925,-0.008649440715973289,260,1.0
2022-03-07,111421.25420000948,113570.6522000095,2149.3980000000206,0.019290736003937603,258,1.0
2022-03-08,113570.6522000095,109537.39220000952,-4033.259999999979,-0.03551322389957745,270,1.0
2022-03-09,109537.39220000952,109537.39220000952,0.0,0.0,257,1.0
2022-03-10,109537.39220000952,109537.39220000952,0.0,0.0,259,1.0
2022-03-11,109537.39220000952,109537.39220000952,0.0,0.0,255,1.0
2022-03-14,109537.39220000952,107644.85220000954,-1892.539999999983,-0.01727757035281885,260,1.0
2022-03-15,107644.85220000954,108172.46820000955,527.6160000000103,0.00490145129299524,256,1.0
2022-03-16,108172.46820000955,109093.88920000957,921.4210000000136,0.008518073178253927,251,1.0
2022-03-17,109093.88920000957,109483.19020000957,389.30100000001244,0.0035684950170422614,251,1.0
2022-03-18,109483.19020000957,109483.19020000957,0.0,0.0,249,1.0
2022-03-21,109483.19020000957,109483.19020000957,0.0,0.0,246,1.0
2022-03-22,109483.19020000957,109730.15020000958,246.96000000001058,0.0022556887459055375,245,1.0
2022-03-23,109730.15020000958,109730.15020000958,0.0,0.0,245,1.0
2022-03-24,109730.15020000958,109730.15020000958,0.0,0.0,246,1.0
2022-03-25,109730.15020000958,109730.15020000958,0.0,0.0,243,1.0
2022-03-28,109730.15020000958,109730.15020000958,0.0,0.0,242,1.0
2022-03-29,109730.15020000958,109730.15020000958,0.0,0.0,238,1.0
2022-03-30,109730.15020000958,109730.15020000958,0.0,0.0,238,1.0
2022-03-31,109730.15020000958,109730.15020000958,0.0,0.0,239,1.0
2022-04-01,109730.15020000958,109730.15020000958,0.0,0.0,242,1.0
2022-04-04,109730.15020000958,110279.73220000959,549.5820000000049,0.005008486719449978,242,1.0
2022-04-05,110279.73220000959,110681.69420000959,401.9620000000015,0.0036449308679040726,242,1.0
2022-04-06,110681.69420000959,110434.9659000096,-246.72829999998274,-0.0022291698892332734,247,1.0
2022-04-07,110434.9659000096,110306.77290000962,-128.19299999998609,-0.001160800829295816,247,1.0
2022-04-08,110306.77290000962,108850.94490000964,-1455.827999999985,-0.01319799284962897,246,1.0
2022-04-11,108850.94490000964,109533.51490000964,682.5700000000015,0.006270685115568053,245,1.0
2022-04-12,109533.51490000964,107960.61890000968,-1572.8959999999684,-0.01435995185068073,247,1.0
2022-04-13,107960.61890000968,108959.62490000969,999.00600000001,0.009253429724455975,246,1.0
2022-04-14,108959.62490000969,110013.3699000097,1053.7450000000122,0.009670967580578615,245,1.0
2022-04-18,110013.3699000097,110013.3699000097,0.0,0.0,251,1.0
2022-04-19,110013.3699000097,110917.2209000097,903.8510000000153,0.008215828683563853,251,1.0
2022-04-20,110917.2209000097,110917.2209000097,0.0,0.0,248,1.0
2022-04-21,110917.2209000097,111826.42790000972,909.207000000011,0.0081971671542298,247,1.0
2022-04-22,111826.42790000972,113927.88290000973,2101.455000000012,0.01879211416713633,255,1.0
2022-04-25,113927.88290000973,111730.55090000975,-2197.3319999999867,-0.01928704320722341,268,1.0
2022-04-26,111730.55090000975,113756.07290000976,2025.5220000000147,0.018128631638205217,262,1.0
2022-04-27,113756.07290000976,112804.34490000978,-951.7279999999896,-0.008366392894351593,272,1.0
2022-04-28,112804.34490000978,113386.67190000978,582.3270000000119,0.005162274560578162,267,1.0
2022-04-29,113386.67190000978,115824.6489000098,2437.977000000009,0.021501442445986507,267,1.0
2022-05-02,115824.6489000098,111947.41090000981,-3877.237999999982,-0.03347506801723321,281,1.0
2022-05-03,111947.41090000981,111530.72990000983,-416.6809999999775,-0.0037221137733337573,269,1.0
2022-05-04,111530.72990000983,112938.08690000985,1407.3570000000207,0.012618558143228764,267,1.0
2022-05-05,112938.08690000985,114975.91290000985,2037.8260000000016,0.018043744638637227,266,1.0
2022-05-06,114975.91290000985,113570.03190000987,-1405.8809999999792,-0.012227613284728767,279,1.0
2022-05-09,113570.03190000987,114746.31190000988,1176.2800000000075,0.010357309761395816,280,1.0
2022-05-10,114746.31190000988,114746.31190000988,0.0,0.0,283,1.0
2022-05-11,114746.31190000988,112437.1279000099,-2309.183999999973,-0.02012425464281764,288,1.0
2022-05-12,112437.1279000099,112437.1279000099,0.0,0.0,288,1.0
2022-05-13,112437.1279000099,112638.3409000099,201.21300000000502,0.0017895601191355581,283,1.0
2022-05-16,112638.3409000099,112638.3409000099,0.0,0.0,281,1.0
2022-05-17,112638.3409000099,112638.3409000099,0.0,0.0,277,1.0
2022-05-18,112638.3409000099,115210.99990000992,2572.6590000000183,0.022839993730765062,279,1.0
2022-05-19,115210.99990000992,115210.99990000992,0.0,0.0,296,1.0
2022-05-20,115210.99990000992,113703.11190000993,-1507.887999999995,-0.013088055839361457,292,1.0
2022-05-23,113703.11190000993,113819.00090000995,115.8890000000209,0.0010192245230891128,289,1.0
2022-05-24,113819.00090000995,112371.39990000997,-1447.6009999999862,-0.012718447610269412,289,1.0
2022-05-25,112371.39990000997,112371.39990000997,0.0,0.0,286,1.0
2022-05-26,112371.39990000997,113136.00090001,764.6010000000184,0.006804231331819066,281,1.0
2022-05-27,113136.00090001,114332.91790001003,1196.9170000000242,0.010579452963499048,277,1.0
2022-05-31,114332.91790001003,113839.15390001005,-493.76399999997943,-0.0043186512604515,276,1.0
2022-06-01,113839.15390001005,113609.26790001006,-229.8859999999827,-0.002019393083348975,274,1.0
2022-06-02,113609.26790001006,114548.57490001006,939.3070000000068,0.0082678730121446,277,1.0
2022-06-03,114548.57490001006,114548.57490001006,0.0,0.0,277,1.0
2022-06-06,114548.57490001006,114548.57490001006,0.0,0.0,276,1.0
2022-06-07,114548.57490001006,114548.57490001006,0.0,0.0,280,1.0
2022-06-08,114548.57490001006,114548.57490001006,0.0,0.0,276,1.0
2022-06-09,114548.57490001006,115391.43390001007,842.8590000000056,0.007358092413945361,279,1.0
2022-06-10,115391.43390001007,115539.18590001008,147.75200000000982,0.0012804416671694518,292,1.0
2022-06-13,115539.18590001008,116196.1299000101,656.9440000000192,0.005685897774704296,304,1.0
2022-06-14,116196.1299000101,116196.1299000101,0.0,0.0,308,1.0
2022-06-15,116196.1299000101,115223.24690001011,-972.8829999999931,-0.008372765950442451,307,1.0
2022-06-16,115223.24690001011,115803.25690001012,580.0100000000133,0.0050337932284041376,310,1.0
2022-06-17,115803.25690001012,114988.29290001011,-814.9640000000009,-0.007037487734077197,316,1.0
2022-06-21,114988.29290001011,115056.55100001013,68.258100000028,0.0005936091255773768,309,1.0
2022-06-22,115056.55100001013,115056.55100001013,0.0,0.0,310,1.0
2022-06-23,115056.55100001013,115056.55100001013,0.0,0.0,305,1.0
2022-06-24,115056.55100001013,116926.06200001016,1869.5110000000225,0.016248627164218155,301,1.0
2022-06-27,116926.06200001016,116764.90100001017,-161.1609999999947,-0.001378315469137914,299,1.0
2022-06-28,116764.90100001017,118266.18000001018,1501.279000000006,0.012857279774509234,299,1.0
2022-06-29,118266.18000001018,118266.18000001018,0.0,0.0,310,1.0
2022-06-30,118266.18000001018,117030.9040000102,-1235.2759999999887,-0.010444879508240468,314,1.0
2022-07-01,117030.9040000102,117030.9040000102,0.0,0.0,310,1.0
2022-07-05,117030.9040000102,114502.7850000102,-2528.118999999987,-0.021602148779435004,311,1.0
2022-07-06,114502.7850000102,114502.7850000102,0.0,0.0,299,1.0
2022-07-07,114502.7850000102,114960.46200001021,457.6770000000174,0.0039970818177039735,297,1.0
2022-07-08,114960.46200001021,114960.46200001021,0.0,0.0,296,1.0
2022-07-11,114960.46200001021,114960.46200001021,0.0,0.0,297,1.0
2022-07-12,114960.46200001021,114960.46200001021,0.0,0.0,299,1.0
2022-07-13,114960.46200001021,114960.46200001021,0.0,0.0,306,1.0
2022-07-14,114960.46200001021,113121.83900001024,-1838.6229999999734,-0.015993524799855274,307,1.0
2022-07-15,113121.83900001024,113384.68400001027,262.845000000024,0.0023235566387849182,295,1.0
2022-07-18,113384.68400001027,113384.68400001027,0.0,0.0,291,1.0
2022-07-19,113384.68400001027,114609.71700001028,1225.0330000000133,0.010804219377635649,293,1.0
2022-07-20,114609.71700001028,114268.3690000103,-341.3479999999769,-0.0029783513033188047,292,1.0
2022-07-21,114268.3690000103,113164.96700001032,-1103.401999999976,-0.009656233038557449,289,1.0
2022-07-22,113164.96700001032,113615.22000001035,450.2530000000198,0.003978731332992647,283,1.0
2022-07-25,113615.22000001035,113615.22000001035,0.0,0.0,287,1.0
2022-07-26,113615.22000001035,114079.18800001034,463.96799999999854,0.0040836782255049275,288,1.0
2022-07-27,114079.18800001034,115481.12700001035,1401.9390000000178,0.012289174077921183,289,1.0
2022-07-28,115481.12700001035,114812.99100001037,-668.1359999999898,-0.0057856726666680736,287,1.0
2022-07-29,114812.99100001037,115611.3120000104,798.3210000000197,0.006953228838014969,281,1.0
2022-08-01,115611.3120000104,115611.3120000104,0.0,0.0,282,1.0
2022-08-02,115611.3120000104,115611.3120000104,0.0,0.0,282,1.0
2022-08-03,115611.3120000104,116159.54300001042,548.2310000000235,0.004742018670283565,281,1.0
2022-08-04,116159.54300001042,116159.54300001042,0.0,0.0,280,1.0
2022-08-05,116159.54300001042,116159.54300001042,0.0,0.0,283,1.0
2022-08-08,116159.54300001042,114993.60200001043,-1165.9409999999912,-0.010037410357235044,279,1.0
2022-08-09,114993.60200001043,114993.60200001043,0.0,0.0,278,1.0
2022-08-10,114993.60200001043,114993.60200001043,0.0,0.0,274,1.0
2022-08-11,114993.60200001043,114993.60200001043,0.0,0.0,271,1.0
2022-08-12,114993.60200001043,115981.23400001045,987.6320000000092,0.008588582171727532,272,1.0
2022-08-15,115981.23400001045,115981.23400001045,0.0,0.0,273,1.0
2022-08-16,115981.23400001045,115618.36500001047,-362.86899999998286,-0.00312868718054804,271,1.0
2022-08-17,115618.36500001047,115618.36500001047,0.0,0.0,271,1.0
2022-08-18,115618.36500001047,115618.36500001047,0.0,0.0,270,1.0
2022-08-19,115618.36500001047,115893.3570000105,274.9920000000234,0.002378445673401508,272,1.0
2022-08-22,115893.3570000105,116289.74400001051,396.38700000001245,0.0034202736917869903,277,1.0
2022-08-23,116289.74400001051,116289.74400001051,0.0,0.0,281,1.0
2022-08-24,116289.74400001051,116058.78600001053,-230.9579999999873,-0.0019860564831921668,282,1.0
2022-08-25,116058.78600001053,116653.33500001054,594.5490000000094,0.005122826289083893,279,1.0
2022-08-26,116653.33500001054,119314.07300001055,2660.738000000009,0.022808932123541625,278,1.0
2022-08-29,119314.07300001055,119314.07300001055,0.0,0.0,296,1.0
2022-08-30,119314.07300001055,119863.06800001056,548.9950000000152,0.004601259400472957,295,1.0
2022-08-31,119863.06800001056,119863.06800001056,0.0,0.0,299,1.0
2022-09-01,119863.06800001056,118008.97300001058,-1854.0949999999834,-0.01546844270663772,305,1.0
2022-09-02,118008.97300001058,118367.4766000106,358.50360000002036,0.003037935089901911,294,1.0
2022-09-06,118367.4766000106,118247.3776000106,-120.09899999999877,-0.0010146283713206028,301,1.0
2022-09-07,118247.3776000106,119751.63960001062,1504.262000000017,0.012721313829795022,302,1.0
2022-09-08,119751.63960001062,119898.41160001063,146.77200000001565,0.0012256366634331162,302,1.0
2022-09-09,119898.41160001063,120569.92860001065,671.5170000000255,0.005600716398481254,297,1.0
2022-09-12,120569.92860001065,120546.70260001067,-23.22599999998409,-0.00019263509790268252,294,1.0
2022-09-13,120546.70260001067,122134.00260001069,1587.3000000000177,0.013167510730400345,300,1.0
2022-09-14,122134.00260001069,122134.00260001069,0.0,0.0,309,1.0
2022-09-15,122134.00260001069,122134.00260001069,0.0,0.0,310,1.0
2022-09-16,122134.00260001069,121148.44960001072,-985.5529999999742,-0.008069439951359447,317,1.0
2022-09-19,121148.44960001072,121148.44960001072,0.0,0.0,316,1.0
2022-09-20,121148.44960001072,120277.41360001072,-871.0359999999987,-0.007189823748267932,314,1.0
2022-09-21,120277.41360001072,120277.41360001072,0.0,0.0,311,1.0
2022-09-22,120277.41360001072,120504.22260001073,226.80900000000565,0.0018857156402969366,319,1.0
2022-09-23,120504.22260001073,120462.29760001074,-41.924999999986106,-0.0003479131195190943,325,1.0
2022-09-26,120462.29760001074,118199.75360001078,-2262.5439999999676,-0.018782175378329824,328,1.0
2022-09-27,118199.75360001078,117821.2946000108,-378.4589999999717,-0.003201859466481438,321,1.0
2022-09-28,117821.2946000108,119126.53760001082,1305.243000000019,0.011078158701541607,323,1.0
2022-09-29,119126.53760001082,119253.22160001083,126.68400000000796,0.0010634406283624998,324,1.0
2022-09-30,119253.22160001083,116585.36060001084,-2667.8609999999917,-0.022371395625254475,329,1.0
2022-10-03,116585.36060001084,117297.30260001087,711.942000000024,0.006106615756352074,322,1.0
2022-10-04,117297.30260001087,117897.35660001088,600.0540000000199,0.005115667510669386,314,1.0
2022-10-05,117897.35660001088,117897.35660001088,0.0,0.0,315,1.0
2022-10-06,117897.35660001088,117897.35660001088,0.0,0.0,313,1.0
2022-10-07,117897.35660001088,118768.5456000109,871.189000000018,0.007389385352851274,319,1.0
2022-10-10,118768.5456000109,118807.99160001091,39.44600000001394,0.0003321249729946185,326,1.0
2022-10-11,118807.99160001091,118807.99160001091,0.0,0.0,331,1.0
2022-10-12,118807.99160001091,118807.99160001091,0.0,0.0,331,1.0
2022-10-13,118807.99160001091,120732.73160001091,1924.740000000002,0.016200425359263804,340,1.0
2022-10-14,120732.73160001091,122130.26420001093,1397.5326000000184,0.011575424340021234,327,1.0
2022-10-17,122130.26420001093,122154.04920001094,23.785000000010513,0.00019475107301047956,335,1.0
2022-10-18,122154.04920001094,122154.04920001094,0.0,0.0,325,1.0
2022-10-19,122154.04920001094,122154.04920001094,0.0,0.0,331,1.0
2022-10-20,122154.04920001094,119913.51020001096,-2240.5389999999816,-0.018341913466424664,331,1.0
2022-10-21,119913.51020001096,121606.31820001097,1692.808000000002,0.014116908071296397,328,1.0
2022-10-24,121606.31820001097,121606.31820001097,0.0,0.0,323,1.0
2022-10-25,121606.31820001097,122396.299200011,789.981000000024,0.006496216740159211,321,1.0
2022-10-26,122396.299200011,122396.299200011,0.0,0.0,320,1.0
2022-10-27,122396.299200011,122396.299200011,0.0,0.0,319,1.0
2022-10-28,122396.299200011,124454.20120001103,2057.9020000000264,0.016813433195697947,322,1.0
2022-10-31,124454.20120001103,124454.20120001103,0.0,0.0,322,1.0
2022-11-01,124454.20120001103,124454.20120001103,0.0,0.0,318,1.0
2022-11-02,124454.20120001103,125165.38120001105,711.1800000000178,0.005714391263152985,324,1.0
2022-11-03,125165.38120001105,124557.55720001108,-607.8239999999688,-0.004856167050126037,336,1.0
2022-11-04,124557.55720001108,124557.55720001108,0.0,0.0,330,1.0
2022-11-07,124557.55720001108,124557.55720001108,0.0,0.0,329,1.0
2022-11-08,124557.55720001108,123889.58320001111,-667.9739999999728,-0.005362773765122619,326,1.0
2022-11-09,123889.58320001111,124535.38920001112,645.8060000000183,0.0052127546426352644,326,1.0
2022-11-10,124535.38920001112,125876.50920001113,1341.1200000000115,0.010768987101699157,320,1.0
2022-11-11,125876.50920001113,125641.50720001114,-235.00199999999074,-0.0018669249846020586,318,1.0
2022-11-14,125641.50720001114,125641.50720001114,0.0,0.0,316,1.0
2022-11-15,125641.50720001114,125641.50720001114,0.0,0.0,313,1.0
2022-11-16,125641.50720001114,125641.50720001114,0.0,0.0,316,1.0
2022-11-17,125641.50720001114,125641.50720001114,0.0,0.0,321,1.0
2022-11-18,125641.50720001114,125641.50720001114,0.0,0.0,315,1.0
2022-11-21,125641.50720001114,125641.50720001114,0.0,0.0,318,1.0
2022-11-22,125641.50720001114,125641.50720001114,0.0,0.0,316,1.0
2022-11-23,125641.50720001114,125946.40120001114,304.89400000000273,0.002426698045850717,314,1.0
2022-11-28,125946.40120001114,125968.76620001114,22.365000000009886,0.00017757553837904894,315,1.0
2022-11-29,125968.76620001114,124433.46220001118,-1535.3039999999528,-0.012187973624844695,318,1.0
2022-11-30,124433.46220001118,125123.3202000112,689.8580000000218,0.005543991043913676,314,1.0
2022-12-01,125123.3202000112,124477.96620001121,-645.3539999999925,-0.005157743568252382,306,1.0
2022-12-02,124477.96620001121,124477.96620001121,0.0,0.0,309,1.0
2022-12-05,124477.96620001121,125368.39420001123,890.4280000000076,0.0071532981071467105,308,1.0
2022-12-06,125368.39420001123,126404.73720001124,1036.3430000000126,0.008266381703403214,313,1.0
2022-12-07,126404.73720001124,126404.73720001124,0.0,0.0,321,1.0
2022-12-08,126404.73720001124,126411.43620001125,6.699000000006382,5.299643152945066e-05,319,1.0
2022-12-09,126411.43620001125,126411.43620001125,0.0,0.0,320,1.0
2022-12-12,126411.43620001125,127099.75620001127,688.3200000000231,0.00544507697002139,320,1.0
2022-12-13,127099.75620001127,127099.75620001127,0.0,0.0,309,1.0
2022-12-14,127099.75620001127,125695.45220001128,-1404.3039999999858,-0.011048833152678128,316,1.0
2022-12-15,125695.45220001128,126312.6902000113,617.2380000000295,0.004910583391814827,318,1.0
2022-12-16,126312.6902000113,126093.92720001131,-218.7629999999927,-0.001731916244152365,327,1.0
2022-12-19,126093.92720001131,126064.73520001132,-29.19199999999791,-0.0002315099596643666,328,1.0
2022-12-20,126064.73520001132,126064.73520001132,0.0,0.0,332,1.0
2022-12-21,126064.73520001132,125946.98320001134,-117.75199999997331,-0.0009340597893070512,328,1.0
2022-12-22,125946.98320001134,126209.71120001136,262.72800000001627,0.002086020588383475,328,1.0
2022-12-23,126209.71120001136,126209.71120001136,0.0,0.0,332,1.0
2022-12-27,126209.71120001136,125920.52020001136,-289.19099999998593,-0.002291352996931395,329,1.0
2022-12-28,125920.52020001136,126732.65020001137,812.1300000000059,0.006449544511966998,330,1.0
2022-12-29,126732.65020001137,127325.72320001137,593.0730000000036,0.0046797174924062546,333,1.0
2022-12-30,127325.72320001137,127325.72320001137,0.0,0.0,334,1.0
2023-01-03,127325.72320001137,127057.9442000114,-267.7789999999693,-0.00210310213262499,331,1.0
2023-01-04,127057.9442000114,127057.9442000114,0.0,0.0,331,1.0
2023-01-05,127057.9442000114,127297.31620001142,239.37200000002173,0.0018839593345159056,332,1.0
2023-01-06,127297.31620001142,128200.68820001143,903.3720000000029,0.007096551812456164,332,1.0
2023-01-09,128200.68820001143,126966.32580001144,-1234.3623999999847,-0.009628360169753547,328,1.0
2023-01-10,126966.32580001144,126966.32580001144,0.0,0.0,327,1.0
2023-01-11,126966.32580001144,126966.32580001144,0.0,0.0,323,1.0
2023-01-12,126966.32580001144,125936.24580001147,-1030.0799999999783,-0.00811301731785552,320,1.0
2023-01-13,125936.24580001147,125936.24580001147,0.0,0.0,319,1.0
2023-01-17,125936.24580001147,125936.24580001147,0.0,0.0,316,1.0
2023-01-18,125936.24580001147,127136.71080001148,1200.4650000000129,0.009532323219372252,315,1.0
2023-01-19,127136.71080001148,127136.71080001148,0.0,0.0,326,1.0
2023-01-20,127136.71080001148,128264.78580001148,1128.0750000000028,0.008872928935329094,325,1.0
2023-01-23,128264.78580001148,129140.43880001149,875.6530000000057,0.006826916636069713,323,1.0
2023-01-24,129140.43880001149,129140.43880001149,0.0,0.0,323,1.0
2023-01-25,129140.43880001149,127197.80480001151,-1942.6339999999807,-0.015042801604603251,326,1.0
2023-01-26,127197.80480001151,127197.80480001151,0.0,0.0,315,1.0
2023-01-27,127197.80480001151,126580.71980001153,-617.0849999999815,-0.004851380894270951,315,1.0
2023-01-30,126580.71980001153,126580.71980001153,0.0,0.0,314,1.0
2023-01-31,126580.71980001153,127759.13480001154,1178.415000000015,0.009309593134419147,315,1.0
2023-02-01,127759.13480001154,128263.44980001156,504.3150000000192,0.003947388973707833,315,1.0
2023-02-02,128263.44980001156,128300.83880001157,37.38900000001321,0.00029150159346480464,309,1.0
2023-02-03,128300.83880001157,128300.83880001157,0.0,0.0,311,1.0
2023-02-06,128300.83880001157,128300.83880001157,0.0,0.0,313,1.0
2023-02-07,128300.83880001157,128564.07180001159,263.23300000002195,0.0020516857291192903,313,1.0
2023-02-08,128564.07180001159,128604.8128000116,40.741000000010466,0.000316892576826433,311,1.0
2023-02-09,128604.8128000116,128969.37280001161,364.56000000001535,0.0028347306143738926,310,1.0
2023-02-10,128969.37280001161,128969.37280001161,0.0,0.0,317,1.0
2023-02-13,128969.37280001161,129754.03780001162,784.6650000000149,0.0060841189110592,315,1.0
2023-02-14,129754.03780001162,128771.55280001163,-982.4849999999894,-0.007571903091865839,315,1.0
2023-02-15,128771.55280001163,128771.55280001163,0.0,0.0,313,1.0
2023-02-16,128771.55280001163,128771.55280001163,0.0,0.0,315,1.0
2023-02-17,128771.55280001163,127979.36980001164,-792.1829999999879,-0.006151847848183456,317,1.0
2023-02-21,127979.36980001164,128797.54680001167,818.177000000025,0.006393038200442458,317,1.0
2023-02-22,128797.54680001167,128797.54680001167,0.0,0.0,322,1.0
2023-02-23,128797.54680001167,127457.0668000117,-1340.4799999999689,-0.010407651646357596,320,1.0
2023-02-24,127457.0668000117,126839.14880001172,-617.9179999999745,-0.004848048174288633,322,1.0
2023-02-27,126839.14880001172,126839.14880001172,0.0,0.0,317,1.0
2023-02-28,126839.14880001172,126839.14880001172,0.0,0.0,319,1.0
2023-03-01,126839.14880001172,126839.14880001172,0.0,0.0,320,1.0
2023-03-02,126839.14880001172,127107.56180001175,268.41300000002553,0.0021161684112469548,323,1.0
2023-03-03,127107.56180001175,128252.24880001177,1144.6870000000163,0.00900565618433502,317,1.0
2023-03-06,128252.24880001177,127835.44480001178,-416.80399999998576,-0.0032498767382233007,316,1.0
2023-03-07,127835.44480001178,128916.4808000118,1081.036000000017,0.008456465276052372,316,1.0
2023-03-08,128916.4808000118,128916.4808000118,0.0,0.0,323,1.0
2023-03-09,128916.4808000118,129084.56480001184,168.08400000003735,0.001303820884319462,322,1.0
2023-03-10,129084.56480001184,130157.39480001185,1072.8300000000127,0.008311063384395467,330,1.0
2023-03-13,130157.39480001185,129328.13480001187,-829.2599999999862,-0.006371209267626687,340,1.0
2023-03-14,129328.13480001187,129146.41580001188,-181.71899999999113,-0.0014051002922218503,331,1.0
2023-03-15,129146.41580001188,129146.41580001188,0.0,0.0,334,1.0
2023-03-16,129146.41580001188,130621.93880001189,1475.5230000000151,0.011425195123377696,333,1.0
2023-03-17,130621.93880001189,130984.18400001191,362.2452000000149,0.0027732339860200295,332,1.0
2023-03-20,130984.18400001191,131413.31900001192,429.13500000002267,0.003276235243790726,335,1.0
2023-03-21,131413.31900001192,131413.31900001192,0.0,0.0,330,1.0
2023-03-22,131413.31900001192,131413.31900001192,0.0,0.0,329,1.0
2023-03-23,131413.31900001192,130221.77100001194,-1191.547999999979,-0.009067178342857862,332,1.0
2023-03-24,130221.77100001194,130221.77100001194,0.0,0.0,332,1.0
2023-03-27,130221.77100001194,130221.77100001194,0.0,0.0,327,1.0
2023-03-28,130221.77100001194,130221.77100001194,0.0,0.0,329,1.0
2023-03-29,130221.77100001194,130221.77100001194,0.0,0.0,325,1.0
2023-03-30,130221.77100001194,130221.77100001194,0.0,0.0,322,1.0
2023-03-31,130221.77100001194,131461.15200001196,1239.3810000000165,0.009517463865545972,321,1.0
2023-04-03,131461.15200001196,131708.643000012,247.49100000002466,0.001882617003082565,321,1.0
2023-04-04,131708.643000012,131761.59700001203,52.954000000018716,0.00040205410058025137,319,1.0
2023-04-05,131761.59700001203,131761.59700001203,0.0,0.0,323,1.0
2023-04-06,131761.59700001203,130906.29300001204,-855.3039999999863,-0.0064912995855682665,323,1.0
2023-04-10,130906.29300001204,130906.29300001204,0.0,0.0,321,1.0
2023-04-11,130906.29300001204,130906.29300001204,0.0,0.0,319,1.0
2023-04-12,130906.29300001204,130751.28000001205,-155.01299999999077,-0.0011841523921235497,317,1.0
2023-04-13,130751.28000001205,131611.30400001205,860.0240000000101,0.006577557022768188,319,1.0
2023-04-14,131611.30400001205,130295.42000001206,-1315.8839999999896,-0.009998259723950964,318,1.0
2023-04-17,130295.42000001206,130295.42000001206,0.0,0.0,315,1.0
2023-04-18,130295.42000001206,130295.42000001206,0.0,0.0,313,1.0
2023-04-19,130295.42000001206,130295.42000001206,0.0,0.0,316,1.0
2023-04-20,130295.42000001206,130295.42000001206,0.0,0.0,316,1.0
2023-04-21,130295.42000001206,129902.31600001207,-393.10399999998936,-0.003017020859213293,316,1.0
2023-04-24,129902.31600001207,129902.31600001207,0.0,0.0,315,1.0
2023-04-25,129902.31600001207,131021.27200001209,1118.9560000000185,0.008613826407836367,316,1.0
2023-04-26,131021.27200001209,131343.5940000121,322.3220000000123,0.002460073811525687,322,1.0
2023-04-27,131343.5940000121,132694.7060000121,1351.11200000001,0.010286851142507158,322,1.0
2023-04-28,132694.7060000121,133089.47800001214,394.7720000000196,0.002975039561864623,322,1.0
2023-05-01,133089.47800001214,133089.47800001214,0.0,0.0,320,1.0
2023-05-02,133089.47800001214,134052.99800001216,963.5200000000093,0.007239640687447313,320,1.0
2023-05-03,134052.99800001216,132678.57300001217,-1374.4249999999752,-0.010252847907212481,325,1.0
2023-05-04,132678.57300001217,132819.0790000122,140.50600000001467,0.0010589954114144096,326,1.0
2023-05-05,132819.0790000122,133622.9230000122,803.8440000000182,0.006052172670162337,324,1.0
2023-05-08,133622.9230000122,133622.9230000122,0.0,0.0,323,1.0
2023-05-09,133622.9230000122,133622.9230000122,0.0,0.0,325,1.0
2023-05-10,133622.9230000122,133622.9230000122,0.0,0.0,322,1.0
2023-05-11,133622.9230000122,133023.8470000122,-599.075999999995,-0.004483332549161112,324,1.0
2023-05-12,133023.8470000122,132533.0380000122,-490.80899999999724,-0.0036896316793482153,321,1.0
2023-05-15,132533.0380000122,132533.0380000122,0.0,0.0,321,1.0
2023-05-16,132533.0380000122,132533.0380000122,0.0,0.0,321,1.0
2023-05-17,132533.0380000122,132780.5290000122,247.4910000000064,0.001867390982163819,321,1.0
2023-05-18,132780.5290000122,133526.44900001222,745.9200000000253,0.005617691129999436,320,1.0
2023-05-19,133526.44900001222,133526.44900001222,0.0,0.0,317,1.0
2023-05-22,133526.44900001222,133526.44900001222,0.0,0.0,318,1.0
2023-05-23,133526.44900001222,133606.76900001225,80.32000000003042,0.0006015287652862966,320,1.0
2023-05-24,133606.76900001225,133616.7820000123,10.013000000021886,7.494380767525399e-05,323,1.0
2023-05-25,133616.7820000123,133616.7820000123,0.0,0.0,322,1.0
2023-05-26,133616.7820000123,134570.4730000123,953.6910000000211,0.007137509119175878,321,1.0
2023-05-30,134570.4730000123,134570.4730000123,0.0,0.0,318,1.0
2023-05-31,134570.4730000123,134262.63400001233,-307.8389999999812,-0.002287567199083518,321,1.0
2023-06-01,134262.63400001233,135039.77500001233,777.1410000000175,0.005788215059149948,321,1.0
2023-06-02,135039.77500001233,135378.76300001238,338.9880000000295,0.002510282618584103,318,1.0
2023-06-06,135378.76300001238,135378.76300001238,0.0,0.0,317,1.0
2023-06-07,135378.76300001238,134527.0030000124,-851.759999999983,-0.006291681066696531,315,1.0
2023-06-08,134527.0030000124,134799.7930000124,272.7900000000149,0.0020277713315295376,315,1.0
2023-06-09,134799.7930000124,134468.32600001243,-331.46699999998873,-0.002458957781930282,313,1.0
2023-06-12,134468.32600001243,134637.11800001244,168.7920000000183,0.00125525471329202,312,1.0
2023-06-13,134637.11800001244,134637.11800001244,0.0,0.0,309,1.0
2023-06-14,134637.11800001244,132524.88480001249,-2112.2331999999706,-0.015688342348502804,308,1.0
2023-06-15,132524.88480001249,133697.7978000125,1172.9130000000127,0.008850511372033854,303,1.0
2023-06-16,133697.7978000125,134257.9588000125,560.1610000000156,0.00418975487418205,301,1.0
2023-06-20,134257.9588000125,133664.62480001253,-593.3339999999877,-0.004419358117039418,306,1.0
2023-06-21,133664.62480001253,133753.67080001257,89.04600000001795,0.0006661897277104867,306,1.0
2023-06-22,133753.67080001257,133753.67080001257,0.0,0.0,308,1.0
2023-06-23,133753.67080001257,133753.67080001257,0.0,0.0,308,1.0
2023-06-26,133753.67080001257,132873.32980001258,-880.3409999999776,-0.006581808145783685,309,1.0
2023-06-27,132873.32980001258,133581.2718000126,707.9420000000138,0.005327946556811236,307,1.0
2023-06-28,133581.2718000126,133581.2718000126,0.0,0.0,307,1.0
2023-06-29,133581.2718000126,133732.6806000126,151.4088000000183,0.0011334582906703528,306,1.0
2023-06-30,133732.6806000126,134031.9626000126,299.2820000000143,0.0022379122190419043,302,1.0
2023-07-05,134031.9626000126,134031.9626000126,0.0,0.0,303,1.0
2023-07-06,134031.9626000126,133675.41760001262,-356.5449999999932,-0.002660149065070505,305,1.0
2023-07-07,133675.41760001262,132537.54560001264,-1137.8719999999796,-0.008512200825171568,304,1.0
2023-07-10,132537.54560001264,132537.54560001264,0.0,0.0,302,1.0
2023-07-11,132537.54560001264,132537.54560001264,0.0,0.0,300,1.0
2023-07-12,132537.54560001264,132537.54560001264,0.0,0.0,296,1.0
2023-07-13,132537.54560001264,132610.11560001265,72.57000000001261,0.000547542959781433,295,1.0
2023-07-14,132610.11560001265,132610.11560001265,0.0,0.0,294,1.0
2023-07-17,132610.11560001265,132747.58560001268,137.47000000002066,0.0010366479161716402,295,1.0
2023-07-18,132747.58560001268,133312.35960001269,564.7740000000159,0.004254495458032359,294,1.0
2023-07-19,133312.35960001269,133052.7716000127,-259.58799999998485,-0.001947216302965793,292,1.0
2023-07-20,133052.7716000127,133031.16360001272,-21.607999999985527,-0.00016240172782677753,292,1.0
2023-07-21,133031.16360001272,133031.16360001272,0.0,0.0,293,1.0
2023-07-24,133031.16360001272,133005.08660001273,-26.07699999998148,-0.00019602173877386608,293,1.0
2023-07-25,133005.08660001273,133009.77460001275,4.68800000002385,3.5246772284169836e-05,293,1.0
2023-07-26,133009.77460001275,133009.77460001275,0.0,0.0,292,1.0
2023-07-27,133009.77460001275,133427.66860001275,417.89400000000904,0.003141829247186534,289,1.0
2023-07-28,133427.66860001275,133460.08060001276,32.41200000001514,0.0002429181318994722,292,1.0
2023-07-31,133460.08060001276,133460.08060001276,0.0,0.0,291,1.0
2023-08-01,133460.08060001276,133460.08060001276,0.0,0.0,292,1.0
2023-08-02,133460.08060001276,133995.4546000128,535.374000000026,0.004011491657978095,294,1.0
2023-08-03,133995.4546000128,133995.4546000128,0.0,0.0,299,1.0
2023-08-04,133995.4546000128,132299.88160001283,-1695.5729999999826,-0.012653959084368949,297,1.0
2023-08-07,132299.88160001283,132614.75560001284,314.87400000000923,0.0023800021299489327,294,1.0
2023-08-08,132614.75560001284,131973.42560001285,-641.3299999999922,-0.004836038019286004,295,1.0
2023-08-09,131973.42560001285,132452.77360001285,479.34800000000854,0.003632155472366172,293,1.0
2023-08-10,132452.77360001285,130889.56860001286,-1563.2049999999922,-0.01180198011346012,295,1.0
2023-08-11,130889.56860001286,130889.56860001286,0.0,0.0,294,1.0
2023-08-14,130889.56860001286,131139.76260001285,250.1940000000012,0.0019114892246649973,294,1.0
2023-08-15,131139.76260001285,131811.02560001286,671.2630000000171,0.005118683965041226,293,1.0
2023-08-16,131811.02560001286,131959.82260001288,148.79700000001134,0.001128866112092508,297,1.0
2023-08-17,131959.82260001288,132233.7066000129,273.8840000000175,0.002075510519820911,299,1.0
2023-08-18,132233.7066000129,132233.7066000129,0.0,0.0,305,1.0
2023-08-21,132233.7066000129,132418.2286000129,184.52199999999849,0.0013954233360344848,302,1.0
2023-08-22,132418.2286000129,132418.2286000129,0.0,0.0,300,1.0
2023-08-23,132418.2286000129,133198.11960001293,779.8910000000211,0.005889604537422155,301,1.0
2023-08-24,133198.11960001293,134452.72360001295,1254.6040000000094,0.009419081919230798,299,1.0
2023-08-25,134452.72360001295,134452.72360001295,0.0,0.0,306,1.0
2023-08-28,134452.72360001295,134452.72360001295,0.0,0.0,304,1.0
2023-08-29,134452.72360001295,136064.98660001296,1612.2630000000095,0.01199130041274854,303,1.0
2023-08-30,136064.98660001296,135986.76860001296,-78.21799999998572,-0.0005748576614345025,302,1.0
2023-08-31,135986.76860001296,135986.76860001296,0.0,0.0,301,1.0
2023-09-01,135986.76860001296,135986.76860001296,0.0,0.0,300,1.0
2023-09-05,135986.76860001296,136086.39960001296,99.63100000000671,0.0007326521618662429,301,1.0
2023-09-06,136086.39960001296,136054.88760001297,-31.511999999976712,-0.00023155877510616651,303,1.0
2023-09-07,136054.88760001297,136054.88760001297,0.0,0.0,307,1.0
2023-09-08,136054.88760001297,135640.39260001297,-414.4949999999925,-0.0030465278191149636,305,1.0
2023-09-11,135640.39260001297,135640.39260001297,0.0,0.0,302,1.0
2023-09-12,135640.39260001297,135640.39260001297,0.0,0.0,303,1.0
2023-09-13,135640.39260001297,135640.39260001297,0.0,0.0,303,1.0
2023-09-14,135640.39260001297,135640.39260001297,0.0,0.0,302,1.0
2023-09-15,135640.39260001297,136458.795600013,818.4030000000081,0.006033623055142545,303,1.0
2023-09-18,136458.795600013,136458.795600013,0.0,0.0,307,1.0
2023-09-19,136458.795600013,136109.523600013,-349.27199999998544,-0.0025595418636390477,308,1.0
2023-09-20,136109.523600013,136810.56960001303,701.0460000000179,0.005150602114075475,306,1.0
2023-09-21,136810.56960001303,137666.53360001303,855.9640000000013,0.006256563381780822,314,1.0
2023-09-22,137666.53360001303,136552.26160001304,-1114.2719999999865,-0.00809399329569438,318,1.0
2023-09-25,136552.26160001304,136651.15960001308,98.89800000003095,0.0007242501796838052,318,1.0
2023-09-26,136651.15960001308,137316.0976000131,664.9380000000223,0.004865952121784645,318,1.0
2023-09-27,137316.0976000131,136728.9886000131,-587.1089999999825,-0.0042756021345012885,321,1.0
2023-09-28,136728.9886000131,137307.1096000131,578.1209999999977,0.00422822552788138,321,1.0
2023-09-29,137307.1096000131,136916.2876000131,-390.82199999997556,-0.0028463347683778117,318,1.0
2023-10-02,136916.2876000131,136100.6076000131,-815.6799999999914,-0.0059575088858888625,320,1.0
2023-10-03,136100.6076000131,136369.7276000131,269.1200000000042,0.0019773607535309434,320,1.0
2023-10-04,136369.7276000131,135545.10860001313,-824.6189999999774,-0.006046935889016947,323,1.0
2023-10-05,135545.10860001313,135210.47760001317,-334.6309999999733,-0.0024687796074400747,319,1.0
2023-10-06,135210.47760001317,135412.39760001318,201.92000000001076,0.0014933753920856052,320,1.0
2023-10-09,135412.39760001318,135456.9536000132,44.55600000000776,0.00032903929617744687,316,1.0
2023-10-10,135456.9536000132,135716.22560001322,259.27200000002466,0.0019140545620539573,312,1.0
2023-10-11,135716.22560001322,135716.22560001322,0.0,0.0,311,1.0
2023-10-12,135716.22560001322,136252.83560001323,536.6100000000175,0.003953911904251761,310,1.0
2023-10-13,136252.83560001323,135824.33860001323,-428.49699999998944,-0.003144866659934409,313,1.0
2023-10-16,135824.33860001323,135849.69160001323,25.353000000006976,0.00018666021319391213,313,1.0
2023-10-17,135849.69160001323,135849.69160001323,0.0,0.0,313,1.0
2023-10-18,135849.69160001323,135915.52360001326,65.83200000002327,0.0004845944015379189,312,1.0
2023-10-19,135915.52360001326,136076.48860001325,160.96500000000916,0.0011843018055368582,315,1.0
2023-10-20,136076.48860001325,137304.95760001327,1228.4690000000194,0.009027782922963246,319,1.0
2023-10-23,137304.95760001327,136003.82460001326,-1301.1329999999934,-0.009476227390058045,327,1.0
2023-10-24,136003.82460001326,135933.5256000133,-70.29899999997825,-0.0005168898757569318,321,1.0
2023-10-25,135933.5256000133,136758.16760001332,824.642000000013,0.006066509320346469,322,1.0
2023-10-26,136758.16760001332,137670.33560001335,912.1680000000222,0.006669934352059537,328,1.0
2023-10-27,137670.33560001335,137368.54760001335,-301.78799999999563,-0.0021921062274214975,332,1.0
2023-10-30,137368.54760001335,137592.97960001338,224.43200000001644,0.0016337946634881195,332,1.0
2023-10-31,137592.97960001338,137592.97960001338,0.0,0.0,330,1.0
2023-11-01,137592.97960001338,138095.14760001338,502.1680000000036,0.0036496629512625667,328,1.0
2023-11-02,138095.14760001338,138907.8156000134,812.668000000008,0.0058848410977760945,323,1.0
2023-11-03,138907.8156000134,138904.9356000134,-2.879999999984866,-2.073317464201807e-05,320,1.0
2023-11-06,138904.9356000134,138904.9356000134,0.0,0.0,318,1.0
2023-11-07,138904.9356000134,138806.67360001343,-98.26199999998857,-0.0007074046690676017,318,1.0
2023-11-08,138806.67360001343,138806.67360001343,0.0,0.0,317,1.0
2023-11-09,138806.67360001343,139094.54960001344,287.87600000002,0.002073934865909788,316,1.0
2023-11-10,139094.54960001344,139669.06860001347,574.5190000000159,0.004130420650213518,319,1.0
2023-11-13,139669.06860001347,139669.06860001347,0.0,0.0,317,1.0
2023-11-14,139669.06860001347,139909.62060001347,240.55200000000625,0.0017222997361634462,312,1.0
2023-11-15,139909.62060001347,139909.62060001347,0.0,0.0,310,1.0
2023-11-16,139909.62060001347,139909.62060001347,0.0,0.0,311,1.0
2023-11-17,139909.62060001347,139909.62060001347,0.0,0.0,310,1.0
2023-11-20,139909.62060001347,140550.0806000135,640.4600000000112,0.004577669478720292,310,1.0
2023-11-21,140550.0806000135,140550.0806000135,0.0,0.0,310,1.0
2023-11-22,140550.0806000135,140550.0806000135,0.0,0.0,308,1.0
2023-11-27,140550.0806000135,140550.0806000135,0.0,0.0,309,1.0
2023-11-28,140550.0806000135,140334.0896000135,-215.9909999999847,-0.0015367547217184363,309,1.0
2023-11-29,140334.0896000135,139260.33560001352,-1073.7539999999856,-0.007651412447684303,306,1.0
2023-11-30,139260.33560001352,138421.89060001355,-838.4449999999883,-0.006020702135948963,305,1.0
2023-12-01,138421.89060001355,138896.38860001357,474.4980000000281,0.00342791156762301,303,1.0
2023-12-04,138896.38860001357,138332.7726000136,-563.615999999994,-0.004057816086371013,304,1.0
2023-12-05,138332.7726000136,138332.7726000136,0.0,0.0,303,1.0
2023-12-06,138332.7726000136,138414.3436000136,81.57100000002313,0.0005896722697511514,301,1.0
2023-12-07,138414.3436000136,138481.0856000136,66.7420000000026,0.000482189910843811,302,1.0
2023-12-08,138481.0856000136,138559.90760001363,78.82200000000879,0.0005691896453474676,302,1.0
2023-12-11,138559.90760001363,138707.69860001365,147.79100000001424,0.0010666216697159392,301,1.0
2023-12-12,138707.69860001365,138881.99860001367,174.30000000002374,0.001256599321877827,300,1.0
2023-12-13,138881.99860001367,139770.3366000137,888.3380000000168,0.006396350923480565,298,1.0
2023-12-14,139770.3366000137,139770.3366000137,0.0,0.0,295,1.0
2023-12-15,139770.3366000137,139770.3366000137,0.0,0.0,297,1.0
2023-12-18,139770.3366000137,139625.5926000137,-144.7439999999914,-0.0010355845419059984,296,1.0
2023-12-19,139625.5926000137,140012.33760001374,386.74500000001194,0.0027698718608695216,295,1.0
2023-12-20,140012.33760001374,140753.08260001373,740.7450000000085,0.005290569479070806,295,1.0
2023-12-21,140753.08260001373,140753.08260001373,0.0,0.0,298,1.0
2023-12-22,140753.08260001373,140364.30960001374,-388.77299999998934,-0.002762092259853244,297,1.0
2023-12-26,140364.30960001374,140512.60560001375,148.2960000000113,0.0010565078859618993,296,1.0
2023-12-27,140512.60560001375,140512.60560001375,0.0,0.0,295,1.0
2023-12-28,140512.60560001375,140512.60560001375,0.0,0.0,294,1.0
2023-12-29,140512.60560001375,140539.35960001376,26.754000000003877,0.0001904028459636109,294,1.0
2024-01-02,140539.35960001376,140539.35960001376,0.0,0.0,297,1.0
2024-01-03,140539.35960001376,140900.23760001376,360.8780000000053,0.0025678073461206097,298,1.0
2024-01-04,140900.23760001376,140150.53760001378,-749.6999999999886,-0.005320785917538484,300,1.0
2024-01-05,140150.53760001378,140091.0366000138,-59.50099999998518,-0.00042455063690016726,299,1.0
2024-01-08,140091.0366000138,141532.5156000138,1441.4790000000094,0.010289587649463305,299,1.0
2024-01-09,141532.5156000138,141532.5156000138,0.0,0.0,299,1.0
2024-01-10,141532.5156000138,141914.25360001382,381.73800000000324,0.0026971752630953194,298,1.0
2024-01-11,141914.25360001382,141516.57060001383,-397.68299999998123,-0.002802276655880287,297,1.0
2024-01-12,141516.57060001383,141516.57060001383,0.0,0.0,296,1.0
2024-01-16,141516.57060001383,141377.27760001385,-139.29299999997988,-0.0009842875601733247,297,1.0
2024-01-17,141377.27760001385,141377.27760001385,0.0,0.0,299,1.0
2024-01-18,141377.27760001385,141624.91560001386,247.63800000000663,0.0017516110382365113,298,1.0
2024-01-19,141624.91560001386,142522.09160001387,897.17600000002,0.00633487403116173,296,1.0
2024-01-22,142522.09160001387,142078.4750000139,-443.61659999999347,-0.0031126164022696745,294,1.0
2024-01-23,142078.4750000139,142078.4750000139,0.0,0.0,293,1.0
2024-01-24,142078.4750000139,142078.4750000139,0.0,0.0,291,1.0
2024-01-25,142078.4750000139,142078.4750000139,0.0,0.0,291,1.0
2024-01-26,142078.4750000139,142078.4750000139,0.0,0.0,291,1.0
2024-01-29,142078.4750000139,142168.9760000139,90.50100000001177,0.0006369789653217772,291,1.0
2024-01-30,142168.9760000139,142168.9760000139,0.0,0.0,289,1.0
2024-01-31,142168.9760000139,143561.26600001391,1392.2900000000143,0.009793205516229309,290,1.0
2024-02-01,143561.26600001391,144461.40200001394,900.1360000000174,0.00627004779966156,296,1.0
2024-02-02,144461.40200001394,145591.54700001396,1130.1450000000066,0.007823162342006862,295,1.0
2024-02-05,145591.54700001396,145241.98100001397,-349.5659999999881,-0.002401004778113669,294,1.0
2024-02-06,145241.98100001397,145241.98100001397,0.0,0.0,294,1.0
2024-02-07,145241.98100001397,145265.633000014,23.652000000023104,0.00016284547922840176,292,1.0
2024-02-08,145265.633000014,145265.633000014,0.0,0.0,291,1.0
2024-02-09,145265.633000014,145751.89400001403,486.26100000001577,0.0033473918776092404,291,1.0
2024-02-12,145751.89400001403,145183.78400001404,-568.109999999983,-0.0038977881138198,290,1.0
2024-02-13,145183.78400001404,145088.85200001407,-94.93199999998548,-0.0006538746779045645,293,1.0
2024-02-14,145088.85200001407,145350.48400001408,261.63200000000586,0.0018032536366059393,292,1.0
2024-02-15,145350.48400001408,145784.3650000141,433.8810000000138,0.0029850674594242843,291,1.0
2024-02-16,145784.3650000141,145828.1550000141,43.79000000000448,0.00030037514653913355,290,1.0
2024-02-20,145828.1550000141,145808.00700001413,-20.147999999986855,-0.00013816262024290982,292,1.0
2024-02-21,145808.00700001413,145808.00700001413,0.0,0.0,294,1.0
2024-02-22,145808.00700001413,146530.79600001415,722.789000000011,0.004957128314633241,289,1.0
2024-02-23,146530.79600001415,146530.79600001415,0.0,0.0,287,1.0
2024-02-26,146530.79600001415,146530.79600001415,0.0,0.0,288,1.0
2024-02-27,146530.79600001415,146530.79600001415,0.0,0.0,289,1.0
2024-02-28,146530.79600001415,146530.79600001415,0.0,0.0,289,1.0
2024-02-29,146530.79600001415,146530.79600001415,0.0,0.0,288,1.0
2024-03-01,146530.79600001415,147238.53800001417,707.7420000000201,0.004829988093424165,287,1.0
2024-03-04,147238.53800001417,147238.53800001417,0.0,0.0,287,1.0
2024-03-05,147238.53800001417,147598.8260000142,360.28800000002735,0.0024469680621250767,288,1.0
2024-03-06,147598.8260000142,147598.8260000142,0.0,0.0,289,1.0
2024-03-07,147598.8260000142,147794.27300001425,195.44700000002925,0.0013241771990790685,287,1.0
2024-03-08,147794.27300001425,146525.00500001427,-1269.2679999999937,-0.008588072962744997,286,1.0
2024-03-11,146525.00500001427,145997.2120000143,-527.7929999999819,-0.003602067783583629,287,1.0
2024-03-12,145997.2120000143,146491.6560000143,494.44400000001343,0.003386667411155564,284,1.0
2024-03-13,146491.6560000143,146514.57900001432,22.92300000002239,0.00015647990217271257,283,1.0
2024-03-14,146514.57900001432,146240.35200001433,-274.2269999999969,-0.0018716703953396419,283,1.0
2024-03-15,146240.35200001433,145874.55800001434,-365.7939999999813,-0.0025013205657489213,286,1.0
2024-03-18,145874.55800001434,145218.28100001437,-656.2769999999712,-0.004498913374598956,283,1.0
2024-03-19,145218.28100001437,145521.3740000144,303.093000000025,0.002087154578010786,283,1.0
2024-03-20,145521.3740000144,146297.1560000144,775.7820000000107,0.0053310519181870575,282,1.0
2024-03-21,146297.1560000144,146297.1560000144,0.0,0.0,279,1.0
2024-03-22,146297.1560000144,146235.8360000144,-61.319999999996945,-0.0004191469039903639,280,1.0
2024-03-25,146235.8360000144,146235.8360000144,0.0,0.0,281,1.0
2024-03-26,146235.8360000144,146235.8360000144,0.0,0.0,280,1.0
2024-03-27,146235.8360000144,146235.8360000144,0.0,0.0,280,1.0
2024-03-28,146235.8360000144,146235.8360000144,0.0,0.0,279,1.0
2024-04-01,146235.8360000144,146191.4750000144,-44.360999999980464,-0.00030335245596002647,279,1.0
2024-04-02,146191.4750000144,145839.25700001442,-352.2179999999892,-0.002409292333906299,282,1.0
2024-04-03,145839.25700001442,145541.67800001445,-297.5789999999739,-0.0020404588320135364,281,1.0
2024-04-04,145541.67800001445,146920.83600001447,1379.1580000000208,0.009476034761670693,278,1.0
2024-04-05,146920.83600001447,147625.0710000145,704.2350000000187,0.004793295622139926,285,1.0
2024-04-08,147625.0710000145,147625.0710000145,0.0,0.0,284,1.0
2024-04-09,147625.0710000145,147141.42400001452,-483.6469999999673,-0.003276184707134977,283,1.0
2024-04-10,147141.42400001452,147141.42400001452,0.0,0.0,286,1.0
2024-04-11,147141.42400001452,145876.59400001456,-1264.8299999999613,-0.008596015762358244,285,1.0
2024-04-12,145876.59400001456,146295.71700001456,419.1229999999999,0.002873133986113885,283,1.0
2024-04-15,146295.71700001456,146881.81000001458,586.0930000000089,0.004006221180077096,283,1.0
2024-04-16,146881.81000001458,146881.81000001458,0.0,0.0,290,1.0
2024-04-17,146881.81000001458,147230.1000000146,348.2900000000078,0.0023712262260382477,290,1.0
2024-04-18,147230.1000000146,147230.1000000146,0.0,0.0,293,1.0
2024-04-19,147230.1000000146,147812.51400001458,582.4139999999999,0.0039558079495967124,294,1.0
2024-04-22,147812.51400001458,147277.0500000146,-535.4639999999894,-0.003622589086062944,296,1.0
2024-04-23,147277.0500000146,148024.49300001463,747.4430000000144,0.005075081283879346,293,1.0
2024-04-24,148024.49300001463,147516.70500001463,-507.7879999999915,-0.0034304322866348658,292,1.0
2024-04-25,147516.70500001463,145968.25000001464,-1548.4549999999888,-0.010496811191653355,295,1.0
2024-04-26,145968.25000001464,146080.85800001468,112.60800000002344,0.0007714554363706938,288,1.0
2024-04-29,146080.85800001468,146080.85800001468,0.0,0.0,286,1.0
2024-04-30,146080.85800001468,147389.8650000147,1309.0070000000117,0.008960838661009829,287,1.0
