date,side,entry_time,exit_time,entry_price,exit_price,shares,leverage,gross_pnl,commission,net_pnl,exit_reason
2018-01-23,LONG,2018-01-23 11:00:00,2018-01-23 15:59:00,283.44599999999997,283.259,353,1.0,-66.01099999998411,2.471,-68.48199999998411,market_close
2018-01-26,LONG,2018-01-26 11:30:00,2018-01-26 15:59:00,284.77099999999996,286.569,351,1.0,631.0980000000206,2.457,628.6410000000207,market_close
2018-01-29,SHORT,2018-01-29 11:00:00,2018-01-29 15:59:00,285.249,284.681,351,1.0,199.3680000000142,2.457,196.9110000000142,market_close
2018-01-30,SHORT,2018-01-30 10:00:00,2018-01-30 15:59:00,281.98900000000003,281.661,356,1.0,116.76800000001117,2.492,114.27600000001117,market_close
2018-02-01,LONG,2018-02-01 12:00:00,2018-02-01 15:59:00,282.85639999999995,281.59900000000005,358,1.0,-450.14919999996584,2.5060000000000002,-452.6551999999658,market_close
2018-02-02,SHORT,2018-02-02 10:00:00,2018-02-02 15:59:00,279.38910000000004,275.52099999999996,358,1.0,1384.7798000000298,2.5060000000000002,1382.2738000000297,market_close
2018-02-05,SHORT,2018-02-05 13:30:00,2018-02-05 15:59:00,271.519,264.181,372,1.0,2729.736000000008,2.604,2727.1320000000082,market_close
2018-02-06,LONG,2018-02-06 10:00:00,2018-02-06 15:59:00,265.82099999999997,269.17900000000003,402,1.0,1349.9160000000245,2.814,1347.1020000000244,market_close
2018-02-07,LONG,2018-02-07 10:00:00,2018-02-07 15:59:00,270.061,267.65900000000005,394,1.0,-946.3879999999724,2.758,-949.1459999999724,market_close
2018-02-08,SHORT,2018-02-08 10:30:00,2018-02-08 15:59:00,266.059,257.721,391,1.0,3260.1580000000085,2.737,3257.4210000000085,market_close
2018-02-09,SHORT,2018-02-09 12:30:00,2018-02-09 15:59:00,254.8392,261.671,414,1.0,-2828.3651999999947,2.898,-2831.263199999995,market_close
2018-02-12,LONG,2018-02-12 14:00:00,2018-02-12 15:59:00,266.311,265.259,399,1.0,-419.74799999998567,2.793,-422.5409999999857,market_close
2018-02-14,LONG,2018-02-14 11:30:00,2018-02-14 15:59:00,267.39099999999996,269.709,396,1.0,917.928000000016,2.7720000000000002,915.156000000016,market_close
2018-03-01,SHORT,2018-03-01 10:00:00,2018-03-01 15:59:00,270.21900000000005,267.731,389,1.0,967.8320000000219,2.723,965.109000000022,market_close
2018-03-05,LONG,2018-03-05 11:30:00,2018-03-05 15:59:00,270.78099999999995,272.209,398,1.0,568.3440000000215,2.786,565.5580000000216,market_close
2018-03-09,LONG,2018-03-09 10:30:00,2018-03-09 15:59:00,276.421,278.819,389,1.0,932.8220000000096,2.723,930.0990000000096,market_close
2018-03-12,LONG,2018-03-12 10:00:00,2018-03-12 15:59:00,279.566,278.499,387,1.0,-412.9289999999808,2.709,-415.6379999999808,market_close
2018-03-13,SHORT,2018-03-13 15:30:00,2018-03-13 15:59:00,276.48900000000003,276.691,385,1.0,-77.76999999997741,2.695,-80.46499999997741,market_close
2018-03-14,SHORT,2018-03-14 12:00:00,2018-03-14 15:59:00,275.329,275.27099999999996,388,1.0,22.504000000019232,2.716,19.78800000001923,market_close
2018-03-19,SHORT,2018-03-19 10:00:00,2018-03-19 15:59:00,272.709,270.491,394,1.0,873.892000000007,2.758,871.134000000007,market_close
2018-03-22,SHORT,2018-03-22 11:00:00,2018-03-22 15:59:00,266.71900000000005,263.671,405,1.0,1234.4400000000237,2.835,1231.6050000000237,market_close
2018-03-23,SHORT,2018-03-23 12:00:00,2018-03-23 15:59:00,261.829,258.01099999999997,416,1.0,1588.2880000000168,2.912,1585.3760000000168,market_close
2018-03-26,LONG,2018-03-26 10:00:00,2018-03-26 15:59:00,262.631,265.16900000000004,425,1.0,1078.6500000000287,2.975,1075.6750000000288,market_close
2018-03-27,SHORT,2018-03-27 15:00:00,2018-03-27 15:59:00,263.03900000000004,260.53099999999995,423,1.0,1060.8840000000403,2.961,1057.9230000000402,market_close
2018-03-28,LONG,2018-03-28 10:00:00,2018-03-28 11:00:00,261.221,259.769,435,1.0,-631.6199999999992,3.045,-634.6649999999992,opposite_band
2018-03-28,SHORT,2018-03-28 11:00:00,2018-03-28 15:59:00,259.769,259.84099999999995,435,1.0,-31.31999999997646,3.045,-34.36499999997646,market_close
2018-03-29,LONG,2018-03-29 11:00:00,2018-03-29 15:59:00,262.731,263.48900000000003,432,1.0,327.4560000000165,3.024,324.4320000000165,market_close
2018-04-02,SHORT,2018-04-02 10:00:00,2018-04-02 15:59:00,261.73900000000003,257.53099999999995,431,1.0,1813.648000000036,3.017,1810.631000000036,market_close
2018-04-04,LONG,2018-04-04 15:30:00,2018-04-04 15:59:00,263.501,263.829,448,1.0,146.94400000001406,3.136,143.80800000001406,market_close
2018-04-06,SHORT,2018-04-06 12:30:00,2018-04-06 15:59:00,261.819,259.801,437,1.0,881.8660000000127,3.059,878.8070000000127,market_close
2018-04-09,LONG,2018-04-09 10:00:00,2018-04-09 15:59:00,262.101,260.85900000000004,444,1.0,-551.447999999983,3.108,-554.555999999983,market_close
2018-04-12,LONG,2018-04-12 10:00:00,2018-04-12 15:59:00,266.481,265.90900000000005,435,1.0,-248.81999999997646,3.045,-251.86499999997645,market_close
2018-04-19,SHORT,2018-04-19 13:30:00,2018-04-19 15:59:00,267.759,268.861,427,1.0,-470.5539999999895,2.989,-473.5429999999895,market_close
2018-04-20,SHORT,2018-04-20 11:00:00,2018-04-20 15:59:00,267.459,266.631,427,1.0,353.5560000000134,2.989,350.5670000000134,market_close
2018-04-24,SHORT,2018-04-24 12:30:00,2018-04-24 15:59:00,264.899,263.03099999999995,430,1.0,803.2400000000223,3.0100000000000002,800.2300000000223,market_close
2018-04-25,SHORT,2018-04-25 10:00:00,2018-04-25 15:59:00,261.04900000000004,263.57099999999997,441,1.0,-1112.2019999999711,3.087,-1115.288999999971,market_close
2018-04-26,LONG,2018-04-26 11:00:00,2018-04-26 15:59:00,265.981,266.309,433,1.0,142.0240000000136,3.031,138.99300000001358,market_close
2018-04-30,SHORT,2018-04-30 15:30:00,2018-04-30 15:59:00,264.934,264.45099999999996,430,1.0,207.6900000000262,3.0100000000000002,204.6800000000262,market_close
2018-05-01,SHORT,2018-05-01 11:00:00,2018-05-01 15:59:00,262.96900000000005,264.991,436,1.0,-881.5919999999714,3.052,-884.6439999999715,market_close
2018-05-02,SHORT,2018-05-02 10:00:00,2018-05-02 15:59:00,264.149,263.20099999999996,431,1.0,408.5880000000155,3.017,405.5710000000155,market_close
2018-05-03,SHORT,2018-05-03 10:30:00,2018-05-03 15:59:00,260.46900000000005,262.611,437,1.0,-936.0539999999734,3.059,-939.1129999999733,market_close
2018-05-04,LONG,2018-05-04 10:30:00,2018-05-04 15:59:00,263.751,265.999,435,1.0,977.8800000000206,3.045,974.8350000000206,market_close
2018-05-07,LONG,2018-05-07 10:00:00,2018-05-07 15:59:00,267.741,266.90900000000005,430,1.0,-357.7599999999728,3.0100000000000002,-360.7699999999728,market_close
2018-05-09,LONG,2018-05-09 13:00:00,2018-05-09 15:59:00,269.046,269.47900000000004,427,1.0,184.89100000002117,2.989,181.90200000002116,market_close
2018-05-10,LONG,2018-05-10 11:30:00,2018-05-10 15:59:00,271.40099999999995,272.009,423,1.0,257.1840000000258,2.961,254.22300000002576,market_close
2018-05-11,LONG,2018-05-11 10:00:00,2018-05-11 15:59:00,272.731,272.639,422,1.0,-38.823999999993475,2.954,-41.777999999993476,market_close
2018-05-15,SHORT,2018-05-15 10:00:00,2018-05-15 15:59:00,270.34900000000005,271.03099999999995,422,1.0,-287.80399999995893,2.954,-290.75799999995894,market_close
2018-05-16,LONG,2018-05-16 10:00:00,2018-05-16 15:59:00,271.83099999999996,272.209,422,1.0,159.51600000001804,2.954,156.56200000001803,market_close
2018-05-17,LONG,2018-05-17 11:00:00,2018-05-17 15:59:00,273.14099999999996,272.009,421,1.0,-476.5719999999782,2.947,-479.5189999999782,market_close
2018-05-24,SHORT,2018-05-24 10:00:00,2018-05-24 15:59:00,271.874,272.851,418,1.0,-408.38599999998974,2.926,-411.3119999999897,market_close
2018-05-29,SHORT,2018-05-29 12:00:00,2018-05-29 15:59:00,268.91900000000004,269.101,421,1.0,-76.62199999998296,2.947,-79.56899999998296,market_close
2018-05-30,LONG,2018-05-30 11:00:00,2018-05-30 15:59:00,271.76099999999997,272.579,420,1.0,343.560000000017,2.94,340.620000000017,market_close
2018-05-31,SHORT,2018-05-31 11:00:00,2018-05-31 15:59:00,271.199,270.741,419,1.0,191.90200000001124,2.9330000000000003,188.96900000001125,market_close
2018-06-01,LONG,2018-06-01 10:00:00,2018-06-01 15:59:00,272.95099999999996,273.649,419,1.0,292.46200000001505,2.9330000000000003,289.52900000001506,market_close
2018-06-04,LONG,2018-06-04 10:00:00,2018-06-04 15:59:00,275.036,274.899,417,1.0,-57.12900000000019,2.919,-60.04800000000019,market_close
2018-06-06,LONG,2018-06-06 14:30:00,2018-06-06 15:59:00,276.621,277.499,415,1.0,364.37000000001774,2.9050000000000002,361.46500000001777,market_close
2018-06-07,SHORT,2018-06-07 13:30:00,2018-06-07 15:59:00,276.809,277.33099999999996,413,1.0,-215.58599999997296,2.891,-218.47699999997295,market_close
2018-06-11,LONG,2018-06-11 12:00:00,2018-06-11 15:59:00,279.09099999999995,278.564,411,1.0,-216.59699999997122,2.8770000000000002,-219.47399999997123,market_close
2018-06-15,SHORT,2018-06-15 10:30:00,2018-06-15 15:59:00,276.10900000000004,277.20099999999996,413,1.0,-450.99599999997014,2.891,-453.88699999997016,market_close
2018-06-21,SHORT,2018-06-21 10:00:00,2018-06-21 15:59:00,275.509,274.231,412,1.0,526.5360000000082,2.884,523.6520000000082,market_close
2018-06-25,SHORT,2018-06-25 10:00:00,2018-06-25 15:59:00,272.019,271.01099999999997,418,1.0,421.34400000001597,2.926,418.418000000016,market_close
2018-06-26,LONG,2018-06-26 13:30:00,2018-06-26 15:59:00,272.431,271.54900000000004,422,1.0,-372.2039999999781,2.954,-375.15799999997813,market_close
2018-06-27,LONG,2018-06-27 10:00:00,2018-06-27 14:30:00,273.28099999999995,270.47900000000004,420,1.0,-1176.839999999961,2.94,-1179.779999999961,opposite_band
2018-06-27,SHORT,2018-06-27 14:30:00,2018-06-27 15:59:00,270.47900000000004,269.27099999999996,420,1.0,507.36000000003514,2.94,504.42000000003515,market_close
2018-06-28,LONG,2018-06-28 11:00:00,2018-06-28 15:59:00,269.931,270.949,422,1.0,429.5960000000123,2.954,426.6420000000123,market_close
2018-06-29,LONG,2018-06-29 10:00:00,2018-06-29 15:59:00,272.756,271.189,419,1.0,-656.5729999999792,2.9330000000000003,-659.5059999999792,market_close
2018-07-06,LONG,2018-07-06 10:00:00,2018-07-06 15:59:00,273.721,275.369,415,1.0,683.9200000000102,2.9050000000000002,681.0150000000102,market_close
2018-07-09,LONG,2018-07-09 12:00:00,2018-07-09 15:59:00,277.501,277.889,413,1.0,160.2440000000139,2.891,157.3530000000139,market_close
2018-07-12,LONG,2018-07-12 13:00:00,2018-07-12 15:59:00,279.181,279.29900000000004,411,1.0,48.49800000002131,2.8770000000000002,45.621000000021304,market_close
2018-07-17,LONG,2018-07-17 12:00:00,2018-07-17 15:59:00,280.186,280.499,411,1.0,128.6430000000185,2.8770000000000002,125.76600000001851,market_close
2018-07-19,SHORT,2018-07-19 10:00:00,2018-07-19 15:59:00,279.769,280.01099999999997,408,1.0,-98.73599999998441,2.856,-101.59199999998441,market_close
2018-07-24,LONG,2018-07-24 10:30:00,2018-07-24 15:59:00,282.411,281.569,406,1.0,-341.8519999999937,2.842,-344.6939999999937,market_close
2018-07-25,LONG,2018-07-25 10:00:00,2018-07-25 15:59:00,281.881,284.129,405,1.0,910.4400000000192,2.835,907.6050000000191,market_close
2018-07-27,SHORT,2018-07-27 11:30:00,2018-07-27 15:59:00,282.67400000000004,281.46099999999996,405,1.0,491.26500000003205,2.835,488.43000000003207,market_close
2018-07-30,SHORT,2018-07-30 10:00:00,2018-07-30 15:59:00,280.91900000000004,279.89099999999996,410,1.0,421.4800000000315,2.87,418.6100000000315,market_close
2018-07-31,LONG,2018-07-31 12:00:00,2018-07-31 15:59:00,281.601,281.21900000000005,413,1.0,-157.7659999999786,2.891,-160.65699999997858,market_close
2018-08-02,LONG,2018-08-02 12:30:00,2018-08-02 15:59:00,281.751,282.339,414,1.0,243.43200000000923,2.898,240.53400000000923,market_close
2018-08-03,LONG,2018-08-03 10:30:00,2018-08-03 15:59:00,283.0668,283.639,410,1.0,234.60200000000384,2.87,231.73200000000384,market_close
2018-08-06,LONG,2018-08-06 12:30:00,2018-08-06 15:59:00,284.691,284.67900000000003,410,1.0,-4.919999999976881,2.87,-7.789999999976881,market_close
2018-08-13,LONG,2018-08-13 10:00:00,2018-08-13 12:00:00,283.90099999999995,282.41900000000004,410,1.0,-607.6199999999648,2.87,-610.4899999999648,opposite_band
2018-08-13,SHORT,2018-08-13 12:00:00,2018-08-13 15:59:00,282.41900000000004,282.051,410,1.0,150.88000000002125,2.87,148.01000000002125,market_close
2018-08-14,LONG,2018-08-14 11:00:00,2018-08-14 15:59:00,283.741,283.85900000000004,409,1.0,48.2620000000212,2.863,45.3990000000212,market_close
2018-08-15,SHORT,2018-08-15 10:00:00,2018-08-15 15:59:00,281.34400000000005,281.76099999999997,410,1.0,-170.9699999999657,2.87,-173.8399999999657,market_close
2018-08-16,LONG,2018-08-16 11:00:00,2018-08-16 15:59:00,283.95099999999996,284.09900000000005,408,1.0,60.38400000003321,2.856,57.52800000003321,market_close
2018-08-17,LONG,2018-08-17 14:30:00,2018-08-17 15:59:00,285.191,285.019,407,1.0,-70.00399999998723,2.849,-72.85299999998723,market_close
2018-08-21,LONG,2018-08-21 10:00:00,2018-08-21 15:59:00,286.83099999999996,286.249,404,1.0,-235.12799999997446,2.828,-237.95599999997447,market_close
2018-08-23,LONG,2018-08-23 10:30:00,2018-08-23 15:59:00,286.86969999999997,285.769,403,1.0,-443.58209999998417,2.821,-446.4030999999842,market_close
2018-08-24,LONG,2018-08-24 11:00:00,2018-08-24 15:59:00,287.20099999999996,287.499,401,1.0,119.49800000002352,2.807,116.69100000002352,market_close
2018-08-27,LONG,2018-08-27 10:00:00,2018-08-27 15:59:00,289.311,289.71900000000005,398,1.0,162.38400000002878,2.786,159.59800000002878,market_close
2018-08-29,LONG,2018-08-29 11:00:00,2018-08-29 15:59:00,290.881,291.46900000000005,397,1.0,233.4360000000314,2.779,230.65700000003142,market_close
2018-08-30,SHORT,2018-08-30 15:00:00,2018-08-30 15:59:00,290.089,290.241,397,1.0,-60.343999999994764,2.779,-63.12299999999476,market_close
2018-09-04,SHORT,2018-09-04 10:00:00,2018-09-04 15:59:00,289.269,289.871,398,1.0,-239.59599999999023,2.786,-242.38199999999023,market_close
2018-09-05,SHORT,2018-09-05 10:00:00,2018-09-05 15:59:00,288.869,289.061,398,1.0,-76.41599999998027,2.786,-79.20199999998027,market_close
2018-09-06,LONG,2018-09-06 10:00:00,2018-09-06 11:00:00,289.46099999999996,287.73900000000003,398,1.0,-685.3559999999694,2.786,-688.1419999999694,opposite_band
2018-09-06,SHORT,2018-09-06 11:00:00,2018-09-06 15:59:00,287.73900000000003,288.20099999999996,398,1.0,-183.87599999997303,2.786,-186.66199999997303,market_close
2018-09-11,LONG,2018-09-11 12:00:00,2018-09-11 15:59:00,289.39099999999996,289.10900000000004,397,1.0,-111.95399999997039,2.779,-114.73299999997039,market_close
2018-09-13,LONG,2018-09-13 10:00:00,2018-09-13 15:59:00,290.676,290.819,393,1.0,56.19900000001144,2.751,53.44800000001144,market_close
2018-09-17,SHORT,2018-09-17 10:00:00,2018-09-17 15:59:00,290.47900000000004,289.34099999999995,392,1.0,446.0960000000355,2.744,443.35200000003545,market_close
2018-09-18,LONG,2018-09-18 10:00:00,2018-09-18 15:59:00,290.28099999999995,290.899,395,1.0,244.11000000002048,2.765,241.3450000000205,market_close
2018-09-20,LONG,2018-09-20 12:00:00,2018-09-20 15:59:00,293.46599999999995,293.54900000000004,392,1.0,32.5360000000328,2.744,29.7920000000328,market_close
2018-09-21,SHORT,2018-09-21 15:00:00,2018-09-21 15:59:00,292.199,292.01099999999997,392,1.0,73.69600000001765,2.744,70.95200000001765,market_close
2018-09-26,LONG,2018-09-26 14:30:00,2018-09-26 15:59:00,291.941,289.839,395,1.0,-830.2899999999903,2.765,-833.0549999999903,market_close
2018-09-27,LONG,2018-09-27 10:30:00,2018-09-27 15:59:00,291.191,290.649,392,1.0,-212.46399999998948,2.744,-215.20799999998948,market_close
2018-10-01,LONG,2018-10-01 10:00:00,2018-10-01 15:59:00,292.57599999999996,291.66900000000004,389,1.0,-352.822999999971,2.723,-355.545999999971,market_close
2018-10-04,SHORT,2018-10-04 10:00:00,2018-10-04 15:59:00,290.72900000000004,289.471,390,1.0,490.6200000000149,2.73,487.8900000000149,market_close
2018-10-05,SHORT,2018-10-05 11:30:00,2018-10-05 15:59:00,288.16900000000004,287.89099999999996,393,1.0,109.2540000000302,2.751,106.5030000000302,market_close
2018-10-08,SHORT,2018-10-08 12:00:00,2018-10-08 15:59:00,286.13570000000004,287.801,397,1.0,-661.1240999999782,2.779,-663.9030999999782,market_close
2018-10-09,LONG,2018-10-09 10:30:00,2018-10-09 15:59:00,288.51099999999997,287.42900000000003,394,1.0,-426.3079999999751,2.758,-429.0659999999751,market_close
2018-10-10,SHORT,2018-10-10 10:00:00,2018-10-10 15:59:00,284.73400000000004,278.171,394,1.0,2585.822000000018,2.758,2583.064000000018,market_close
2018-10-11,LONG,2018-10-11 10:00:00,2018-10-11 11:00:00,278.77099999999996,275.809,417,1.0,-1235.1539999999718,2.919,-1238.072999999972,opposite_band
2018-10-11,SHORT,2018-10-11 11:00:00,2018-10-11 15:59:00,275.809,272.251,417,1.0,1483.6860000000206,2.919,1480.7670000000205,market_close
2018-10-16,LONG,2018-10-16 11:00:00,2018-10-16 15:59:00,278.07099999999997,280.29900000000004,419,1.0,933.5320000000274,2.9330000000000003,930.5990000000274,market_close
2018-10-17,SHORT,2018-10-17 10:00:00,2018-10-17 15:59:00,279.139,280.40099999999995,416,1.0,-524.9919999999765,2.912,-527.9039999999766,market_close
2018-10-18,SHORT,2018-10-18 10:00:00,2018-10-18 15:59:00,278.71900000000005,276.471,416,1.0,935.1680000000197,2.912,932.2560000000196,market_close
2018-10-19,LONG,2018-10-19 10:00:00,2018-10-19 15:59:00,278.45099999999996,276.189,423,1.0,-956.8259999999761,2.961,-959.7869999999762,market_close
2018-10-22,SHORT,2018-10-22 10:00:00,2018-10-22 15:59:00,275.35900000000004,275.061,419,1.0,124.86200000002458,2.9330000000000003,121.92900000002457,market_close
2018-10-23,SHORT,2018-10-23 10:30:00,2018-10-23 15:59:00,269.47900000000004,273.541,429,1.0,-1742.5979999999806,3.003,-1745.6009999999806,market_close
2018-10-24,SHORT,2018-10-24 10:30:00,2018-10-24 15:59:00,272.189,265.221,419,1.0,2919.5920000000074,2.9330000000000003,2916.6590000000074,market_close
2018-10-25,LONG,2018-10-25 10:30:00,2018-10-25 15:59:00,268.71099999999996,270.139,439,1.0,626.8920000000237,3.073,623.8190000000237,market_close
2018-10-26,SHORT,2018-10-26 10:30:00,2018-10-26 15:59:00,264.399,265.291,444,1.0,-396.0479999999982,3.108,-399.1559999999982,market_close
2018-10-29,SHORT,2018-10-29 15:30:00,2018-10-29 15:59:00,262.48900000000003,263.801,438,1.0,-574.6559999999803,3.0660000000000003,-577.7219999999803,market_close
2018-10-30,LONG,2018-10-30 10:00:00,2018-10-30 15:59:00,266.70099999999996,267.809,444,1.0,491.95200000002706,3.108,488.84400000002705,market_close
2018-10-31,LONG,2018-10-31 10:30:00,2018-10-31 15:59:00,271.991,270.689,434,1.0,-565.0679999999844,3.0380000000000003,-568.1059999999844,market_close
2018-11-02,SHORT,2018-11-02 11:30:00,2018-11-02 15:59:00,271.839,271.801,426,1.0,16.18800000000465,2.982,13.20600000000465,market_close
2018-11-06,LONG,2018-11-06 10:00:00,2018-11-06 15:59:00,274.59099999999995,275.10900000000004,428,1.0,221.70400000003679,2.996,218.70800000003678,market_close
2018-11-07,LONG,2018-11-07 12:00:00,2018-11-07 15:59:00,279.39099999999996,280.91900000000004,422,1.0,644.8160000000324,2.954,641.8620000000325,market_close
2018-11-09,SHORT,2018-11-09 12:00:00,2018-11-09 15:59:00,277.139,277.83099999999996,422,1.0,-292.0239999999791,2.954,-294.9779999999791,market_close
2018-11-12,SHORT,2018-11-12 10:00:00,2018-11-12 15:59:00,275.6091,272.491,424,1.0,1322.0744000000113,2.968,1319.1064000000113,market_close
2018-11-14,SHORT,2018-11-14 13:00:00,2018-11-14 15:59:00,270.22900000000004,270.14099999999996,434,1.0,38.19200000003434,3.0380000000000003,35.154000000034344,market_close
2018-11-15,LONG,2018-11-15 13:30:00,2018-11-15 15:59:00,271.8209,273.03900000000004,442,1.0,538.4002000000219,3.094,535.3062000000218,market_close
2018-11-19,SHORT,2018-11-19 10:30:00,2018-11-19 15:59:00,271.28900000000004,269.121,438,1.0,949.5840000000277,3.0660000000000003,946.5180000000277,market_close
2018-11-20,SHORT,2018-11-20 10:00:00,2018-11-20 15:59:00,264.60920000000004,264.20099999999996,454,1.0,185.32280000003584,3.178,182.14480000003584,market_close
2018-11-26,LONG,2018-11-26 10:00:00,2018-11-26 15:59:00,267.181,267.459,454,1.0,126.21200000000908,3.178,123.03400000000909,market_close
2018-11-28,LONG,2018-11-28 12:30:00,2018-11-28 15:59:00,272.351,274.48900000000003,448,1.0,957.8240000000151,3.136,954.6880000000151,market_close
2018-11-30,LONG,2018-11-30 15:30:00,2018-11-30 15:59:00,275.88599999999997,275.759,444,1.0,-56.387999999979,3.108,-59.495999999979,market_close
2018-12-04,SHORT,2018-12-04 10:00:00,2018-12-04 15:59:00,277.759,270.491,437,1.0,3176.1160000000127,3.059,3173.0570000000125,market_close
2018-12-06,SHORT,2018-12-06 10:00:00,2018-12-06 15:59:00,265.069,269.931,469,1.0,-2280.2779999999843,3.283,-2283.5609999999842,market_close
2018-12-07,SHORT,2018-12-07 10:30:00,2018-12-07 15:59:00,268.269,263.65099999999995,455,1.0,2101.1900000000237,3.185,2098.0050000000238,market_close
2018-12-10,SHORT,2018-12-10 10:00:00,2018-12-10 15:59:00,261.65900000000005,264.08099999999996,473,1.0,-1145.6059999999584,3.311,-1148.9169999999583,market_close
2018-12-14,SHORT,2018-12-14 12:00:00,2018-12-14 15:59:00,261.22560000000004,260.491,469,1.0,344.52740000002683,3.283,341.2444000000268,market_close
2018-12-17,SHORT,2018-12-17 10:00:00,2018-12-17 15:59:00,258.439,255.281,477,1.0,1506.3660000000073,3.339,1503.0270000000073,market_close
2018-12-18,LONG,2018-12-18 10:00:00,2018-12-18 15:59:00,257.78099999999995,255.13899999999998,487,1.0,-1286.653999999984,3.4090000000000003,-1290.0629999999842,market_close
2018-12-19,LONG,2018-12-19 10:00:00,2018-12-19 15:00:00,256.911,252.239,486,1.0,-2270.5919999999987,3.402,-2273.993999999999,opposite_band
2018-12-19,SHORT,2018-12-19 15:00:00,2018-12-19 15:59:00,252.239,251.201,486,1.0,504.4680000000053,3.402,501.0660000000053,market_close
2018-12-20,SHORT,2018-12-20 12:00:00,2018-12-20 15:59:00,247.659,247.241,489,1.0,204.40199999998921,3.423,200.9789999999892,market_close
2018-12-21,LONG,2018-12-21 10:30:00,2018-12-21 12:30:00,248.481,243.529,496,1.0,-2456.191999999999,3.472,-2459.6639999999993,opposite_band
2018-12-21,SHORT,2018-12-21 12:30:00,2018-12-21 15:59:00,243.529,240.691,496,1.0,1407.647999999997,3.472,1404.175999999997,market_close
2018-12-26,SHORT,2018-12-26 10:30:00,2018-12-26 15:59:00,235.144,245.946,514,1.0,-5552.227999999996,3.598,-5555.825999999996,market_close
2018-12-27,SHORT,2018-12-27 10:30:00,2018-12-27 15:59:00,240.989,248.171,478,1.0,-3432.995999999994,3.346,-3436.341999999994,market_close
2019-01-03,SHORT,2019-01-03 10:00:00,2019-01-03 15:59:00,247.179,244.131,453,1.0,1380.7440000000008,3.1710000000000003,1377.5730000000008,market_close
2019-01-04,LONG,2019-01-04 10:00:00,2019-01-04 15:59:00,249.126,252.469,460,1.0,1537.7799999999952,3.22,1534.5599999999952,market_close
2019-01-07,LONG,2019-01-07 11:30:00,2019-01-07 15:59:00,254.041,254.289,456,1.0,113.08799999999565,3.192,109.89599999999564,market_close
2019-01-15,LONG,2019-01-15 10:00:00,2019-01-15 15:59:00,259.14099999999996,260.379,448,1.0,554.6240000000253,3.136,551.4880000000253,market_close
2019-01-18,LONG,2019-01-18 12:30:00,2019-01-18 15:59:00,266.801,266.41900000000004,438,1.0,-167.3159999999773,3.0660000000000003,-170.3819999999773,market_close
2019-01-22,SHORT,2019-01-22 12:00:00,2019-01-22 15:59:00,262.879,262.931,437,1.0,-22.7239999999843,3.059,-25.782999999984302,market_close
2019-01-28,SHORT,2019-01-28 10:00:00,2019-01-28 15:59:00,262.709,263.791,440,1.0,-476.0799999999972,3.08,-479.1599999999972,market_close
2019-01-29,SHORT,2019-01-29 11:00:00,2019-01-29 15:59:00,262.72900000000004,263.431,437,1.0,-306.77399999997436,3.059,-309.8329999999744,market_close
2019-01-30,LONG,2019-01-30 14:30:00,2019-01-30 15:59:00,267.471,267.589,434,1.0,51.21199999999783,3.0380000000000003,48.17399999999783,market_close
2019-01-31,LONG,2019-01-31 10:30:00,2019-01-31 15:59:00,269.061,269.889,430,1.0,356.0400000000135,3.0100000000000002,353.0300000000135,market_close
2019-02-01,LONG,2019-02-01 10:30:00,2019-02-01 15:59:00,270.991,270.089,427,1.0,-385.15399999999437,2.989,-388.14299999999434,market_close
2019-02-04,LONG,2019-02-04 14:00:00,2019-02-04 15:59:00,271.39099999999996,271.999,426,1.0,259.00800000002596,2.982,256.02600000002593,market_close
2019-02-07,SHORT,2019-02-07 11:00:00,2019-02-07 15:59:00,269.879,270.191,425,1.0,-132.59999999998087,2.975,-135.57499999998086,market_close
2019-02-12,LONG,2019-02-12 10:00:00,2019-02-12 15:59:00,273.02099999999996,274.119,423,1.0,464.4540000000296,2.961,461.4930000000296,market_close
2019-02-13,LONG,2019-02-13 10:00:00,2019-02-13 15:59:00,275.52099999999996,274.97900000000004,420,1.0,-227.63999999996486,2.94,-230.57999999996485,market_close
2019-02-21,SHORT,2019-02-21 10:00:00,2019-02-21 15:59:00,277.29900000000004,277.46099999999996,415,1.0,-67.22999999996716,2.9050000000000002,-70.13499999996716,market_close
2019-02-22,LONG,2019-02-22 11:00:00,2019-02-22 15:59:00,278.741,279.149,414,1.0,168.9120000000064,2.898,166.0140000000064,market_close
2019-02-27,SHORT,2019-02-27 10:30:00,2019-02-27 15:59:00,277.829,279.231,414,1.0,-580.4279999999945,2.898,-583.3259999999946,market_close
2019-03-04,SHORT,2019-03-04 11:30:00,2019-03-04 15:59:00,279.55400000000003,279.411,408,1.0,58.344000000011874,2.856,55.48800000001187,market_close
2019-03-05,SHORT,2019-03-05 10:00:00,2019-03-05 15:59:00,278.71900000000005,279.051,411,1.0,-136.45199999997402,2.8770000000000002,-139.32899999997403,market_close
2019-03-06,SHORT,2019-03-06 10:00:00,2019-03-06 15:59:00,278.569,277.301,411,1.0,521.148000000012,2.8770000000000002,518.271000000012,market_close
2019-03-07,SHORT,2019-03-07 10:00:00,2019-03-07 15:59:00,275.269,275.08099999999996,416,1.0,78.20800000001873,2.912,75.29600000001872,market_close
2019-03-11,LONG,2019-03-11 10:00:00,2019-03-11 15:59:00,276.291,278.499,419,1.0,925.1520000000112,2.9330000000000003,922.2190000000112,market_close
2019-03-12,LONG,2019-03-12 11:00:00,2019-03-12 15:59:00,279.751,279.439,417,1.0,-130.10399999998123,2.919,-133.02299999998124,market_close
2019-03-13,LONG,2019-03-13 11:00:00,2019-03-13 15:59:00,281.34099999999995,281.339,414,1.0,-0.8279999999804204,2.898,-3.7259999999804205,market_close
2019-03-18,LONG,2019-03-18 10:00:00,2019-03-18 15:59:00,282.426,282.389,413,1.0,-15.280999999990797,2.891,-18.171999999990796,market_close
2019-03-20,SHORT,2019-03-20 10:00:00,2019-03-20 15:59:00,281.29900000000004,281.53099999999995,412,1.0,-95.58399999996459,2.884,-98.46799999996459,market_close
2019-03-21,LONG,2019-03-21 10:00:00,2019-03-21 15:59:00,282.131,284.66900000000004,413,1.0,1048.194000000028,2.891,1045.3030000000279,market_close
2019-03-22,SHORT,2019-03-22 10:00:00,2019-03-22 15:59:00,281.939,279.251,413,1.0,1110.1440000000187,2.891,1107.2530000000186,market_close
2019-03-25,SHORT,2019-03-25 10:00:00,2019-03-25 15:59:00,277.999,279.03099999999995,424,1.0,-437.5679999999684,2.968,-440.5359999999684,market_close
2019-03-26,LONG,2019-03-26 10:00:00,2019-03-26 15:59:00,281.981,281.029,419,1.0,-398.88799999999924,2.9330000000000003,-401.82099999999923,market_close
2019-03-27,SHORT,2019-03-27 11:30:00,2019-03-27 15:59:00,278.889,279.721,417,1.0,-346.94399999999735,2.919,-349.8629999999973,market_close
2019-04-01,LONG,2019-04-01 15:30:00,2019-04-01 15:59:00,285.77099999999996,285.889,411,1.0,48.49800000002131,2.8770000000000002,45.621000000021304,market_close
2019-04-11,SHORT,2019-04-11 14:30:00,2019-04-11 15:59:00,287.619,288.231,405,1.0,-247.85999999998637,2.835,-250.69499999998638,market_close
2019-04-15,SHORT,2019-04-15 10:30:00,2019-04-15 15:59:00,289.5205,289.991,402,1.0,-189.14099999998336,2.814,-191.95499999998336,market_close
2019-04-17,SHORT,2019-04-17 11:00:00,2019-04-17 15:59:00,289.829,289.481,400,1.0,139.20000000000528,2.8000000000000003,136.40000000000526,market_close
2019-04-18,SHORT,2019-04-18 10:30:00,2019-04-18 15:59:00,288.97900000000004,290.02099999999996,402,1.0,-418.88399999996636,2.814,-421.6979999999664,market_close
2019-04-23,LONG,2019-04-23 10:30:00,2019-04-23 15:59:00,291.51099999999997,292.84900000000005,400,1.0,535.2000000000317,2.8000000000000003,532.4000000000317,market_close
2019-04-25,SHORT,2019-04-25 10:30:00,2019-04-25 15:59:00,291.16900000000004,292.08099999999996,400,1.0,-364.79999999996835,2.8000000000000003,-367.59999999996836,market_close
2019-04-26,SHORT,2019-04-26 10:00:00,2019-04-26 15:30:00,291.514,292.856,399,1.0,-535.4579999999938,2.793,-538.2509999999938,opposite_band
2019-04-26,LONG,2019-04-26 15:30:00,2019-04-26 15:59:00,292.856,293.439,399,1.0,232.6170000000107,2.793,229.8240000000107,market_close
2019-04-29,LONG,2019-04-29 12:30:00,2019-04-29 15:59:00,294.181,293.809,396,1.0,-147.31199999998307,2.7720000000000002,-150.08399999998306,market_close
2019-04-30,SHORT,2019-04-30 10:00:00,2019-04-30 15:59:00,293.019,293.971,395,1.0,-376.0399999999993,2.765,-378.80499999999927,market_close
2019-05-02,SHORT,2019-05-02 11:30:00,2019-05-02 15:59:00,290.47900000000004,291.27099999999996,396,1.0,-313.63199999996687,2.7720000000000002,-316.40399999996686,market_close
2019-05-03,LONG,2019-05-03 12:30:00,2019-05-03 15:59:00,293.91589999999997,294.019,394,1.0,40.62140000001591,2.758,37.86340000001591,market_close
2019-05-07,SHORT,2019-05-07 11:00:00,2019-05-07 15:59:00,288.46900000000005,288.041,398,1.0,170.34400000002154,2.786,167.55800000002154,market_close
2019-05-09,SHORT,2019-05-09 10:00:00,2019-05-09 15:59:00,284.579,286.751,405,1.0,-879.6599999999873,2.835,-882.4949999999874,market_close
2019-05-10,SHORT,2019-05-10 10:30:00,2019-05-10 15:30:00,284.329,288.681,401,1.0,-1745.15199999999,2.807,-1747.95899999999,opposite_band
2019-05-10,LONG,2019-05-10 15:30:00,2019-05-10 15:59:00,288.681,288.019,401,1.0,-265.46199999999106,2.807,-268.2689999999911,market_close
2019-05-13,SHORT,2019-05-13 10:30:00,2019-05-13 15:59:00,281.709,280.96099999999996,399,1.0,298.45200000001887,2.793,295.65900000001886,market_close
2019-05-14,LONG,2019-05-14 10:30:00,2019-05-14 15:59:00,283.441,283.329,400,1.0,-44.79999999998654,2.8000000000000003,-47.59999999998654,market_close
2019-05-15,LONG,2019-05-15 11:30:00,2019-05-15 15:59:00,284.941,285.059,401,1.0,47.31800000002079,2.807,44.511000000020786,market_close
2019-05-16,LONG,2019-05-16 10:00:00,2019-05-16 15:59:00,287.631,287.629,395,1.0,-0.789999999981319,2.765,-3.554999999981319,market_close
2019-05-23,SHORT,2019-05-23 10:00:00,2019-05-23 15:59:00,282.019,282.27099999999996,399,1.0,-100.54799999998113,2.793,-103.34099999998114,market_close
2019-05-28,LONG,2019-05-28 10:00:00,2019-05-28 15:59:00,283.881,280.199,398,1.0,-1465.4359999999838,2.786,-1468.2219999999838,market_close
2019-05-29,SHORT,2019-05-29 12:00:00,2019-05-29 15:59:00,276.999,278.34099999999995,399,1.0,-535.4579999999712,2.793,-538.2509999999712,market_close
2019-05-30,LONG,2019-05-30 10:00:00,2019-05-30 15:59:00,279.741,279.04900000000004,397,1.0,-274.7239999999803,2.779,-277.5029999999803,market_close
2019-06-03,SHORT,2019-06-03 10:00:00,2019-06-03 15:59:00,274.579,274.58099999999996,401,1.0,-0.8019999999810352,2.807,-3.608999999981035,market_close
2019-06-04,LONG,2019-06-04 11:30:00,2019-06-04 15:59:00,278.96099999999996,280.519,399,1.0,621.6420000000198,2.793,618.8490000000198,market_close
2019-06-06,LONG,2019-06-06 15:30:00,2019-06-06 15:59:00,284.991,284.73900000000003,392,1.0,-98.78399999998146,2.744,-101.52799999998146,market_close
2019-06-07,LONG,2019-06-07 10:00:00,2019-06-07 15:59:00,287.061,287.629,388,1.0,220.3840000000157,2.716,217.6680000000157,market_close
2019-06-10,LONG,2019-06-10 12:00:00,2019-06-10 15:59:00,290.70099999999996,288.939,384,1.0,-676.6079999999783,2.688,-679.2959999999783,market_close
2019-06-14,SHORT,2019-06-14 10:00:00,2019-06-14 15:59:00,288.639,289.191,382,1.0,-210.86399999998628,2.674,-213.53799999998628,market_close
2019-06-18,LONG,2019-06-18 10:00:00,2019-06-18 15:59:00,292.76099999999997,292.28900000000004,379,1.0,-178.88799999997087,2.653,-181.54099999997086,market_close
2019-06-25,SHORT,2019-06-25 10:00:00,2019-06-25 15:59:00,293.079,290.791,375,1.0,858.0000000000041,2.625,855.3750000000041,market_close
2019-06-27,LONG,2019-06-27 10:00:00,2019-06-27 15:59:00,291.791,291.53900000000004,381,1.0,-96.01199999998198,2.6670000000000003,-98.67899999998198,market_close
2019-07-02,SHORT,2019-07-02 12:30:00,2019-07-02 15:59:00,294.98900000000003,296.46099999999996,375,1.0,-551.9999999999711,2.625,-554.6249999999711,market_close
2019-07-05,LONG,2019-07-05 15:00:00,2019-07-05 15:59:00,298.621,298.35900000000004,371,1.0,-97.20199999997908,2.597,-99.79899999997907,market_close
2019-07-08,SHORT,2019-07-08 12:30:00,2019-07-08 15:59:00,296.389,296.861,371,1.0,-175.11199999999258,2.597,-177.70899999999259,market_close
2019-07-10,LONG,2019-07-10 10:00:00,2019-07-10 15:59:00,299.39099999999996,298.60900000000004,369,1.0,-288.5579999999725,2.583,-291.1409999999725,market_close
2019-07-16,SHORT,2019-07-16 12:00:00,2019-07-16 15:59:00,300.069,299.741,365,1.0,119.72000000001145,2.555,117.16500000001145,market_close
2019-07-17,SHORT,2019-07-17 10:30:00,2019-07-17 15:59:00,299.03900000000004,297.77099999999996,367,1.0,465.35600000003154,2.569,462.7870000000315,market_close
2019-07-18,LONG,2019-07-18 15:00:00,2019-07-18 15:59:00,298.921,298.84900000000005,371,1.0,-26.711999999979923,2.597,-29.308999999979925,market_close
2019-07-19,SHORT,2019-07-19 15:30:00,2019-07-19 15:59:00,297.79400000000004,297.121,368,1.0,247.6640000000216,2.576,245.0880000000216,market_close
2019-07-22,LONG,2019-07-22 10:00:00,2019-07-22 15:59:00,298.08099999999996,297.91900000000004,372,1.0,-60.263999999970565,2.604,-62.867999999970564,market_close
2019-07-24,LONG,2019-07-24 14:30:00,2019-07-24 15:59:00,300.691,301.379,369,1.0,253.8720000000166,2.583,251.2890000000166,market_close
2019-07-25,SHORT,2019-07-25 10:00:00,2019-07-25 15:59:00,300.004,299.97119999999995,368,1.0,12.070400000024165,2.576,9.494400000024164,market_close
2019-07-26,LONG,2019-07-26 10:00:00,2019-07-26 15:59:00,301.231,301.98900000000003,368,1.0,278.94400000001406,2.576,276.36800000001404,market_close
2019-07-29,SHORT,2019-07-29 10:00:00,2019-07-29 15:59:00,301.124,301.481,368,1.0,-131.3759999999893,2.576,-133.95199999998928,market_close
2019-07-31,SHORT,2019-07-31 15:00:00,2019-07-31 15:59:00,297.60900000000004,297.381,369,1.0,84.13200000002416,2.583,81.54900000002417,market_close
2019-08-01,LONG,2019-08-01 10:00:00,2019-08-01 14:00:00,298.661,296.399,373,1.0,-843.7260000000001,2.611,-846.3370000000001,opposite_band
2019-08-01,SHORT,2019-08-01 14:00:00,2019-08-01 15:59:00,296.399,294.881,373,1.0,566.2140000000109,2.611,563.6030000000109,market_close
2019-08-02,SHORT,2019-08-02 10:00:00,2019-08-02 15:59:00,292.92900000000003,292.76099999999997,377,1.0,63.33600000002383,2.6390000000000002,60.69700000002383,market_close
2019-08-05,SHORT,2019-08-05 10:00:00,2019-08-05 15:59:00,287.28900000000004,284.041,385,1.0,1250.4800000000182,2.695,1247.7850000000183,market_close
2019-08-06,LONG,2019-08-06 14:30:00,2019-08-06 15:59:00,287.53099999999995,287.769,392,1.0,93.2960000000221,2.744,90.5520000000221,market_close
2019-08-07,SHORT,2019-08-07 10:00:00,2019-08-07 15:59:00,283.41900000000004,288.03099999999995,394,1.0,-1817.1279999999642,2.758,-1819.8859999999643,market_close
2019-08-08,LONG,2019-08-08 10:30:00,2019-08-08 15:59:00,290.601,293.54900000000004,381,1.0,1123.1880000000137,2.6670000000000003,1120.5210000000138,market_close
2019-08-09,SHORT,2019-08-09 10:30:00,2019-08-09 15:59:00,291.009,291.59099999999995,381,1.0,-221.74199999997592,2.6670000000000003,-224.40899999997592,market_close
2019-08-13,LONG,2019-08-13 10:00:00,2019-08-13 15:59:00,292.931,292.42900000000003,387,1.0,-194.2739999999817,2.709,-196.9829999999817,market_close
2019-08-14,SHORT,2019-08-14 11:00:00,2019-08-14 15:59:00,286.59400000000005,283.921,385,1.0,1029.1050000000225,2.695,1026.4100000000226,market_close
2019-08-16,LONG,2019-08-16 11:00:00,2019-08-16 15:59:00,288.96599999999995,288.869,391,1.0,-37.92699999996995,2.737,-40.66399999996995,market_close
2019-08-20,SHORT,2019-08-20 10:00:00,2019-08-20 15:59:00,290.709,290.051,384,1.0,252.67200000000594,2.688,249.98400000000595,market_close
2019-08-22,SHORT,2019-08-22 11:00:00,2019-08-22 15:59:00,290.579,292.311,383,1.0,-663.3559999999889,2.681,-666.0369999999889,market_close
2019-08-23,SHORT,2019-08-23 11:30:00,2019-08-23 15:59:00,288.149,284.811,384,1.0,1281.7920000000086,2.688,1279.1040000000085,market_close
2019-08-28,LONG,2019-08-28 11:30:00,2019-08-28 15:59:00,288.501,288.829,394,1.0,129.23200000001236,2.758,126.47400000001237,market_close
2019-09-05,LONG,2019-09-05 10:00:00,2019-09-05 15:59:00,297.811,297.819,381,1.0,3.0480000000145537,2.6670000000000003,0.3810000000145535,market_close
2019-09-10,SHORT,2019-09-10 10:00:00,2019-09-10 15:59:00,296.319,298.20099999999996,380,1.0,-715.1599999999803,2.66,-717.8199999999803,market_close
2019-09-12,LONG,2019-09-12 10:30:00,2019-09-12 15:59:00,302.02099999999996,301.269,373,1.0,-280.49599999998236,2.611,-283.10699999998235,market_close
2019-09-18,SHORT,2019-09-18 14:30:00,2019-09-18 15:59:00,298.779,301.101,373,1.0,-866.106000000001,2.611,-868.717000000001,market_close
2019-09-19,LONG,2019-09-19 10:30:00,2019-09-19 15:59:00,302.221,301.059,369,1.0,-428.7779999999918,2.583,-431.3609999999918,market_close
2019-09-20,SHORT,2019-09-20 13:30:00,2019-09-20 15:59:00,298.689,298.131,369,1.0,205.9020000000183,2.583,203.3190000000183,market_close
2019-09-23,LONG,2019-09-23 12:30:00,2019-09-23 15:59:00,298.58099999999996,298.249,373,1.0,-123.83599999997642,2.611,-126.44699999997643,market_close
2019-09-24,SHORT,2019-09-24 12:00:00,2019-09-24 15:59:00,297.48920000000004,295.811,370,1.0,620.9340000000225,2.59,618.3440000000224,market_close
2019-09-25,SHORT,2019-09-25 10:00:00,2019-09-25 14:30:00,295.199,297.231,376,1.0,-764.0319999999933,2.632,-766.6639999999933,opposite_band
2019-09-25,LONG,2019-09-25 14:30:00,2019-09-25 15:59:00,297.231,297.59900000000005,376,1.0,138.3680000000195,2.632,135.7360000000195,market_close
2019-09-26,SHORT,2019-09-26 10:00:00,2019-09-26 15:59:00,296.749,296.971,372,1.0,-82.58399999999256,2.604,-85.18799999999256,market_close
2019-09-27,SHORT,2019-09-27 12:30:00,2019-09-27 15:59:00,296.09900000000005,295.361,372,1.0,274.536000000021,2.604,271.932000000021,market_close
2019-09-30,LONG,2019-09-30 10:00:00,2019-09-30 15:59:00,296.471,296.829,375,1.0,134.25000000000153,2.625,131.62500000000153,market_close
2019-10-01,LONG,2019-10-01 10:00:00,2019-10-01 10:30:00,298.181,296.209,373,1.0,-735.5559999999925,2.611,-738.1669999999925,opposite_band
2019-10-01,SHORT,2019-10-01 10:30:00,2019-10-01 15:59:00,296.209,293.21099999999996,373,1.0,1118.2540000000176,2.611,1115.6430000000175,market_close
2019-10-02,SHORT,2019-10-02 10:00:00,2019-10-02 15:59:00,289.78400000000005,288.041,382,1.0,665.8260000000198,2.674,663.1520000000198,market_close
2019-10-03,SHORT,2019-10-03 10:30:00,2019-10-03 14:00:00,287.079,289.986,390,1.0,-1133.7299999999932,2.73,-1136.4599999999932,opposite_band
2019-10-03,LONG,2019-10-03 14:00:00,2019-10-03 15:59:00,289.986,290.369,390,1.0,149.3700000000149,2.73,146.6400000000149,market_close
2019-10-04,LONG,2019-10-04 10:00:00,2019-10-04 15:59:00,292.28099999999995,294.369,382,1.0,797.6160000000302,2.674,794.9420000000302,market_close
2019-10-08,SHORT,2019-10-08 10:00:00,2019-10-08 15:59:00,289.65900000000005,288.551,385,1.0,426.58000000002346,2.695,423.88500000002347,market_close
2019-10-10,LONG,2019-10-10 10:00:00,2019-10-10 15:59:00,293.191,293.23900000000003,386,1.0,18.528000000022644,2.702,15.826000000022644,market_close
2019-10-11,LONG,2019-10-11 10:00:00,2019-10-11 15:59:00,297.291,296.259,379,1.0,-391.1279999999933,2.653,-393.7809999999933,market_close
2019-10-15,LONG,2019-10-15 10:30:00,2019-10-15 15:59:00,298.416,298.899,377,1.0,182.09100000000154,2.6390000000000002,179.45200000000153,market_close
2019-10-25,LONG,2019-10-25 11:00:00,2019-10-25 15:59:00,301.33099999999996,301.639,374,1.0,115.19200000001854,2.618,112.57400000001854,market_close
2019-10-31,SHORT,2019-10-31 10:00:00,2019-10-31 15:59:00,303.269,303.26099999999997,369,1.0,2.9520000000140953,2.583,0.36900000001409516,market_close
2019-11-01,LONG,2019-11-01 10:30:00,2019-11-01 15:59:00,305.58599999999996,306.17900000000003,368,1.0,218.22400000002744,2.576,215.64800000002745,market_close
2019-11-07,LONG,2019-11-07 10:00:00,2019-11-07 15:59:00,309.041,308.21900000000005,364,1.0,-299.2079999999803,2.548,-301.7559999999803,market_close
2019-11-08,SHORT,2019-11-08 10:00:00,2019-11-08 15:59:00,307.329,308.971,364,1.0,-597.6879999999985,2.548,-600.2359999999985,market_close
2019-11-12,LONG,2019-11-12 10:00:00,2019-11-12 15:59:00,309.46099999999996,308.939,361,1.0,-188.44199999997636,2.527,-190.96899999997635,market_close
2019-11-19,SHORT,2019-11-19 11:00:00,2019-11-19 15:59:00,311.35900000000004,311.89099999999996,356,1.0,-189.39199999997345,2.492,-191.88399999997344,market_close
2019-11-20,SHORT,2019-11-20 13:00:00,2019-11-20 15:59:00,310.16900000000004,310.791,357,1.0,-222.05399999998474,2.499,-224.55299999998473,market_close
2019-11-21,SHORT,2019-11-21 10:00:00,2019-11-21 15:59:00,310.29900000000004,310.291,357,1.0,2.856000000013637,2.499,0.35700000001363685,market_close
2019-11-25,LONG,2019-11-25 10:00:00,2019-11-25 15:59:00,312.70599999999996,313.34900000000005,356,1.0,228.9080000000306,2.492,226.4160000000306,market_close
2019-11-26,LONG,2019-11-26 12:30:00,2019-11-26 15:59:00,314.121,314.019,355,1.0,-36.20999999999128,2.485,-38.69499999999128,market_close
2019-11-27,LONG,2019-11-27 13:30:00,2019-11-27 15:59:00,315.27509999999995,315.439,353,1.0,57.85670000002443,2.471,55.38570000002443,market_close
2019-12-02,SHORT,2019-12-02 10:00:00,2019-12-02 15:59:00,313.069,311.601,353,1.0,518.2040000000063,2.471,515.7330000000063,market_close
2019-12-04,LONG,2019-12-04 10:00:00,2019-12-04 15:59:00,311.65099999999995,311.46900000000005,360,1.0,-65.51999999996497,2.52,-68.03999999996496,market_close
2019-12-06,LONG,2019-12-06 11:00:00,2019-12-06 15:59:00,314.921,314.819,355,1.0,-36.20999999999128,2.485,-38.69499999999128,market_close
2019-12-12,LONG,2019-12-12 10:00:00,2019-12-12 15:59:00,316.851,317.139,355,1.0,102.24000000000387,2.485,99.75500000000388,market_close
2019-12-16,LONG,2019-12-16 12:00:00,2019-12-16 15:59:00,320.006,319.509,350,1.0,-173.94999999998504,2.45,-176.39999999998503,market_close
2019-12-19,LONG,2019-12-19 12:00:00,2019-12-19 15:59:00,320.501,320.90900000000005,349,1.0,142.39200000002523,2.443,139.94900000002522,market_close
2019-12-26,LONG,2019-12-26 12:00:00,2019-12-26 15:59:00,322.28099999999995,322.90900000000005,347,1.0,217.91600000003456,2.4290000000000003,215.48700000003456,market_close
2019-12-30,SHORT,2019-12-30 10:00:00,2019-12-30 15:59:00,321.46950000000004,321.101,346,1.0,127.50100000001385,2.422,125.07900000001385,market_close
2020-01-08,LONG,2020-01-08 10:00:00,2020-01-08 15:59:00,323.731,324.41900000000004,347,1.0,238.73600000001562,2.4290000000000003,236.30700000001562,market_close
2020-01-13,LONG,2020-01-13 12:00:00,2020-01-13 15:59:00,327.27099999999996,327.939,344,1.0,229.79200000002174,2.408,227.38400000002176,market_close
2020-01-15,LONG,2020-01-15 10:00:00,2020-01-15 15:59:00,328.611,328.16900000000004,344,1.0,-152.04799999998295,2.408,-154.45599999998294,market_close
2020-01-23,SHORT,2020-01-23 11:30:00,2020-01-23 15:59:00,329.67900000000003,331.741,340,1.0,-701.0799999999847,2.38,-703.4599999999847,market_close
2020-01-24,SHORT,2020-01-24 10:30:00,2020-01-24 15:59:00,330.97900000000004,328.751,336,1.0,748.608000000022,2.352,746.256000000022,market_close
2020-01-28,LONG,2020-01-28 10:30:00,2020-01-28 15:59:00,326.34099999999995,326.889,346,1.0,189.6080000000203,2.422,187.1860000000203,market_close
2020-01-30,SHORT,2020-01-30 11:00:00,2020-01-30 15:59:00,323.72900000000004,327.661,347,1.0,-1364.403999999986,2.4290000000000003,-1366.832999999986,market_close
2020-01-31,SHORT,2020-01-31 10:00:00,2020-01-31 15:59:00,326.029,321.741,340,1.0,1457.9200000000037,2.38,1455.5400000000036,market_close
2020-02-03,LONG,2020-02-03 10:00:00,2020-02-03 15:59:00,325.171,324.139,348,1.0,-359.1359999999938,2.436,-361.5719999999938,market_close
2020-02-04,LONG,2020-02-04 10:30:00,2020-02-04 15:59:00,329.121,329.079,342,1.0,-14.363999999990824,2.394,-16.757999999990822,market_close
2020-02-10,LONG,2020-02-10 10:30:00,2020-02-10 15:59:00,333.311,334.689,339,1.0,467.1420000000145,2.373,464.7690000000145,market_close
2020-02-18,SHORT,2020-02-18 12:00:00,2020-02-18 15:59:00,335.259,336.70099999999996,335,1.0,-483.0699999999834,2.345,-485.4149999999834,market_close
2020-02-19,LONG,2020-02-19 11:30:00,2020-02-19 15:59:00,338.78099999999995,338.309,332,1.0,-156.70399999997449,2.324,-159.0279999999745,market_close
2020-02-20,SHORT,2020-02-20 11:30:00,2020-02-20 15:59:00,335.96900000000005,336.981,332,1.0,-335.9839999999813,2.324,-338.3079999999813,market_close
2020-02-21,SHORT,2020-02-21 10:00:00,2020-02-21 15:59:00,334.089,333.491,333,1.0,199.1340000000044,2.331,196.8030000000044,market_close
2020-02-25,SHORT,2020-02-25 10:30:00,2020-02-25 15:59:00,320.269,312.70099999999996,346,1.0,2618.528000000014,2.422,2616.106000000014,market_close
2020-02-26,LONG,2020-02-26 10:00:00,2020-02-26 14:00:00,315.51099999999997,311.089,365,1.0,-1614.0299999999886,2.555,-1616.5849999999887,opposite_band
2020-02-26,SHORT,2020-02-26 14:00:00,2020-02-26 15:59:00,311.089,311.551,365,1.0,-168.62999999999602,2.555,-171.18499999999602,market_close
2020-02-27,SHORT,2020-02-27 10:30:00,2020-02-27 15:59:00,302.54900000000004,297.551,369,1.0,1844.2620000000175,2.583,1841.6790000000174,market_close
2020-02-28,SHORT,2020-02-28 10:00:00,2020-02-28 15:59:00,287.559,296.161,397,1.0,-3414.99399999999,2.779,-3417.77299999999,market_close
2020-03-02,LONG,2020-03-02 11:30:00,2020-03-02 15:59:00,301.601,309.079,373,1.0,2789.294000000003,2.611,2786.683000000003,market_close
2020-03-03,SHORT,2020-03-03 10:00:00,2020-03-03 15:59:00,305.939,300.34099999999995,368,1.0,2060.0640000000258,2.576,2057.4880000000257,market_close
2020-03-04,LONG,2020-03-04 13:30:00,2020-03-04 15:59:00,308.89099999999996,312.90900000000005,379,1.0,1522.8220000000326,2.653,1520.1690000000326,market_close
2020-03-05,SHORT,2020-03-05 14:30:00,2020-03-05 15:59:00,301.40900000000005,302.45099999999996,385,1.0,-401.1699999999678,2.695,-403.8649999999678,market_close
2020-03-10,SHORT,2020-03-10 10:00:00,2020-03-10 15:59:00,282.629,288.441,412,1.0,-2394.5439999999817,2.884,-2397.4279999999817,market_close
2020-03-11,SHORT,2020-03-11 10:30:00,2020-03-11 15:59:00,278.829,274.361,409,1.0,1827.4120000000073,2.863,1824.5490000000073,market_close
2020-03-13,SHORT,2020-03-13 10:00:00,2020-03-13 15:59:00,256.559,270.931,443,1.0,-6366.795999999981,3.101,-6369.896999999981,market_close
2020-03-17,SHORT,2020-03-17 10:00:00,2020-03-17 15:59:00,238.159,254.191,450,1.0,-7214.400000000005,3.15,-7217.550000000005,market_close
2020-03-20,SHORT,2020-03-20 10:00:00,2020-03-20 15:59:00,239.099,228.941,425,1.0,4317.149999999994,2.975,4314.174999999994,market_close
2020-03-23,SHORT,2020-03-23 11:00:00,2020-03-23 15:59:00,223.519,222.511,470,1.0,473.7600000000046,3.29,470.4700000000046,market_close
2020-03-24,LONG,2020-03-24 10:30:00,2020-03-24 15:59:00,238.471,243.589,460,1.0,2354.279999999998,3.22,2351.059999999998,market_close
2020-03-25,LONG,2020-03-25 12:30:00,2020-03-25 15:59:00,249.731,246.769,450,1.0,-1332.899999999995,3.15,-1336.0499999999952,market_close
2020-03-26,LONG,2020-03-26 10:00:00,2020-03-26 15:59:00,253.711,261.389,436,1.0,3347.607999999999,3.052,3344.5559999999987,market_close
2020-03-30,LONG,2020-03-30 13:00:00,2020-03-30 15:59:00,260.33099999999996,261.67900000000003,439,1.0,591.7720000000307,3.073,588.6990000000308,market_close
2020-04-02,LONG,2020-04-02 10:30:00,2020-04-02 15:59:00,249.02100000000002,251.869,460,1.0,1310.079999999993,3.22,1306.859999999993,market_close
2020-04-03,SHORT,2020-04-03 13:30:00,2020-04-03 15:59:00,246.689,248.211,455,1.0,-692.510000000009,3.185,-695.6950000000089,market_close
2020-04-06,LONG,2020-04-06 13:00:00,2020-04-06 15:59:00,262.38599999999997,264.959,440,1.0,1132.1200000000158,3.08,1129.0400000000159,market_close
2020-04-08,LONG,2020-04-08 14:30:00,2020-04-08 15:59:00,272.816,274.069,427,1.0,535.0310000000183,2.989,532.0420000000182,market_close
2020-04-09,LONG,2020-04-09 10:00:00,2020-04-09 15:59:00,280.51099999999997,278.23900000000003,414,1.0,-940.6079999999729,2.898,-943.5059999999729,market_close
2020-04-13,SHORT,2020-04-13 10:00:00,2020-04-13 15:59:00,274.149,275.57099999999997,412,1.0,-585.8639999999871,2.884,-588.7479999999871,market_close
2020-04-14,LONG,2020-04-14 10:00:00,2020-04-14 15:59:00,282.861,283.869,404,1.0,407.23200000001543,2.828,404.40400000001546,market_close
2020-04-21,SHORT,2020-04-21 11:00:00,2020-04-21 15:59:00,274.15900000000005,273.02099999999996,412,1.0,468.8560000000373,2.884,465.97200000003727,market_close
2020-04-23,LONG,2020-04-23 10:30:00,2020-04-23 15:59:00,282.441,279.059,408,1.0,-1379.8559999999788,2.856,-1382.7119999999788,market_close
2020-04-29,LONG,2020-04-29 13:00:00,2020-04-29 15:59:00,293.95099999999996,293.189,387,1.0,-294.8939999999782,2.709,-297.6029999999782,market_close
2020-04-30,SHORT,2020-04-30 12:00:00,2020-04-30 15:59:00,289.584,290.39099999999996,386,1.0,-311.5019999999844,2.702,-314.2039999999844,market_close
2020-05-01,SHORT,2020-05-01 12:00:00,2020-05-01 15:59:00,282.71900000000005,282.731,394,1.0,-4.727999999977783,2.758,-7.485999999977783,market_close
2020-05-05,LONG,2020-05-05 10:00:00,2020-05-05 15:59:00,288.161,286.21900000000005,392,1.0,-761.2639999999806,2.744,-764.0079999999806,market_close
2020-05-07,LONG,2020-05-07 10:00:00,2020-05-07 15:59:00,288.631,287.699,388,1.0,-361.6159999999843,2.716,-364.3319999999843,market_close
2020-05-12,SHORT,2020-05-12 13:30:00,2020-05-12 15:59:00,290.79900000000004,286.621,379,1.0,1583.4620000000205,2.653,1580.8090000000204,market_close
2020-05-13,SHORT,2020-05-13 10:00:00,2020-05-13 15:59:00,284.839,281.671,394,1.0,1248.1920000000025,2.758,1245.4340000000025,market_close
2020-05-14,SHORT,2020-05-14 10:00:00,2020-05-14 15:59:00,276.889,285.051,409,1.0,-3338.2579999999907,2.863,-3341.1209999999905,market_close
2020-05-18,LONG,2020-05-18 11:00:00,2020-05-18 15:59:00,294.52599999999995,294.994,378,1.0,176.9040000000282,2.646,174.2580000000282,market_close
2020-05-20,LONG,2020-05-20 10:30:00,2020-05-20 15:59:00,297.32099999999997,296.959,375,1.0,-135.74999999998738,2.625,-138.37499999998738,market_close
2020-05-21,SHORT,2020-05-21 11:00:00,2020-05-21 15:59:00,295.824,294.791,373,1.0,385.30900000000577,2.611,382.6980000000058,market_close
2020-05-22,SHORT,2020-05-22 11:00:00,2020-05-22 15:59:00,293.42900000000003,295.421,377,1.0,-750.9839999999856,2.6390000000000002,-753.6229999999856,market_close
2020-05-27,SHORT,2020-05-27 11:00:00,2020-05-27 15:59:00,298.029,303.481,365,1.0,-1989.9799999999993,2.555,-1992.5349999999994,market_close
2020-05-29,SHORT,2020-05-29 11:00:00,2020-05-29 15:59:00,301.019,304.161,358,1.0,-1124.8359999999984,2.5060000000000002,-1127.3419999999985,market_close
2020-06-03,LONG,2020-06-03 15:00:00,2020-06-03 15:59:00,312.131,312.21070000000003,346,1.0,27.57620000002055,2.422,25.15420000002055,market_close
2020-06-05,LONG,2020-06-05 11:00:00,2020-06-05 15:59:00,319.171,319.269,338,1.0,33.12400000000446,2.366,30.758000000004458,market_close
2020-06-08,LONG,2020-06-08 14:00:00,2020-06-08 15:59:00,321.77099999999996,323.249,335,1.0,495.13000000002194,2.345,492.7850000000219,market_close
2020-06-10,SHORT,2020-06-10 10:30:00,2020-06-10 15:59:00,319.009,319.01099999999997,335,1.0,-0.6699999999841566,2.345,-3.014999999984157,market_close
2020-06-11,SHORT,2020-06-11 10:30:00,2020-06-11 15:59:00,310.17400000000004,300.621,346,1.0,3305.338000000019,2.422,3302.916000000019,market_close
2020-06-15,LONG,2020-06-15 14:30:00,2020-06-15 15:59:00,307.921,307.029,373,1.0,-332.7159999999985,2.611,-335.32699999999846,market_close
2020-06-17,SHORT,2020-06-17 10:30:00,2020-06-17 15:59:00,311.649,311.561,353,1.0,31.064000000007866,2.471,28.593000000007866,market_close
2020-06-19,SHORT,2020-06-19 12:30:00,2020-06-19 15:59:00,309.204,308.561,353,1.0,226.97900000001027,2.471,224.50800000001027,market_close
2020-06-24,SHORT,2020-06-24 10:00:00,2020-06-24 15:59:00,307.749,304.121,358,1.0,1298.8240000000153,2.5060000000000002,1296.3180000000152,market_close
2020-06-26,SHORT,2020-06-26 10:00:00,2020-06-26 15:59:00,305.22900000000004,300.01099999999997,367,1.0,1915.0060000000274,2.569,1912.4370000000274,market_close
2020-06-30,LONG,2020-06-30 11:30:00,2020-06-30 15:59:00,306.89099999999996,308.569,376,1.0,630.9280000000203,2.632,628.2960000000204,market_close
2020-07-02,LONG,2020-07-02 10:00:00,2020-07-02 15:59:00,315.38599999999997,312.17900000000003,365,1.0,-1170.5549999999769,2.555,-1173.109999999977,market_close
2020-07-08,LONG,2020-07-08 10:00:00,2020-07-08 15:59:00,316.101,316.119,361,1.0,6.4980000000105065,2.527,3.9710000000105063,market_close
2020-07-09,SHORT,2020-07-09 11:00:00,2020-07-09 15:59:00,311.949,314.421,359,1.0,-887.4479999999928,2.513,-889.9609999999929,market_close
2020-07-10,LONG,2020-07-10 15:00:00,2020-07-10 15:59:00,316.921,317.60900000000004,359,1.0,246.99200000001616,2.513,244.47900000001616,market_close
2020-07-13,LONG,2020-07-13 11:30:00,2020-07-13 15:59:00,322.246,314.809,353,1.0,-2625.260999999984,2.471,-2627.731999999984,market_close
2020-07-14,LONG,2020-07-14 14:30:00,2020-07-14 15:59:00,317.241,318.889,352,1.0,580.0960000000086,2.464,577.6320000000086,market_close
2020-07-20,LONG,2020-07-20 13:00:00,2020-07-20 15:59:00,323.03099999999995,324.35900000000004,345,1.0,458.16000000003044,2.415,455.7450000000304,market_close
2020-07-22,LONG,2020-07-22 10:00:00,2020-07-22 15:59:00,325.721,326.819,343,1.0,376.6140000000045,2.4010000000000002,374.2130000000045,market_close
2020-07-23,SHORT,2020-07-23 13:00:00,2020-07-23 15:59:00,325.249,322.936,342,1.0,791.0460000000154,2.394,788.6520000000154,market_close
2020-07-27,LONG,2020-07-27 10:00:00,2020-07-27 15:59:00,322.621,323.17900000000003,350,1.0,195.30000000001735,2.45,192.85000000001736,market_close
2020-07-29,LONG,2020-07-29 10:00:00,2020-07-29 15:59:00,322.811,325.089,350,1.0,797.300000000007,2.45,794.850000000007,market_close
2020-07-30,SHORT,2020-07-30 10:00:00,2020-07-30 15:59:00,320.129,323.981,353,1.0,-1359.7559999999912,2.471,-1362.2269999999912,market_close
2020-07-31,SHORT,2020-07-31 10:30:00,2020-07-31 15:59:00,322.7389,326.551,344,1.0,-1311.3623999999954,2.408,-1313.7703999999953,market_close
2020-08-06,LONG,2020-08-06 14:30:00,2020-08-06 15:59:00,333.6311,334.309,335,1.0,227.0965000000075,2.345,224.7515000000075,market_close
2020-08-10,SHORT,2020-08-10 11:00:00,2020-08-10 15:59:00,333.189,335.551,332,1.0,-784.1839999999888,2.324,-786.5079999999888,market_close
2020-08-12,LONG,2020-08-12 10:00:00,2020-08-12 15:59:00,336.39099999999996,337.41900000000004,329,1.0,338.2120000000253,2.303,335.9090000000253,market_close
2020-08-18,SHORT,2020-08-18 10:30:00,2020-08-18 15:59:00,336.79900000000004,338.621,327,1.0,-595.7939999999824,2.289,-598.0829999999823,market_close
2020-08-20,LONG,2020-08-20 15:00:00,2020-08-20 15:59:00,338.221,338.249,328,1.0,9.184000000006563,2.2960000000000003,6.888000000006563,market_close
2020-08-21,LONG,2020-08-21 15:00:00,2020-08-21 15:59:00,339.34099999999995,339.439,326,1.0,31.94800000002283,2.282,29.66600000002283,market_close
2020-08-26,LONG,2020-08-26 11:30:00,2020-08-26 15:59:00,345.441,347.559,319,1.0,675.6420000000165,2.233,673.4090000000166,market_close
2020-08-27,LONG,2020-08-27 10:00:00,2020-08-27 15:59:00,349.26099999999997,348.28900000000004,318,1.0,-309.09599999997556,2.226,-311.32199999997556,market_close
2020-08-31,SHORT,2020-08-31 11:30:00,2020-08-31 15:59:00,349.48900000000003,349.351,315,1.0,43.4700000000106,2.205,41.2650000000106,market_close
2020-09-01,LONG,2020-09-01 10:30:00,2020-09-01 15:59:00,351.39099999999996,352.559,316,1.0,369.08800000002,2.212,366.87600000002,market_close
2020-09-02,LONG,2020-09-02 12:30:00,2020-09-02 15:59:00,355.431,357.67900000000003,313,1.0,703.6240000000148,2.191,701.4330000000148,market_close
2020-09-03,SHORT,2020-09-03 10:30:00,2020-09-03 15:59:00,352.73900000000003,345.411,314,1.0,2300.9920000000097,2.198,2298.79400000001,market_close
2020-09-04,SHORT,2020-09-04 10:00:00,2020-09-04 15:59:00,343.54900000000004,342.601,329,1.0,311.8920000000118,2.303,309.5890000000118,market_close
2020-09-08,SHORT,2020-09-08 15:00:00,2020-09-08 15:59:00,334.48900000000003,333.26099999999997,339,1.0,416.2920000000222,2.373,413.9190000000222,market_close
2020-09-09,LONG,2020-09-09 10:00:00,2020-09-09 15:59:00,338.161,339.759,340,1.0,543.3200000000045,2.38,540.9400000000045,market_close
2020-09-10,SHORT,2020-09-10 14:30:00,2020-09-10 15:59:00,334.259,333.921,337,1.0,113.90600000000751,2.359,111.54700000000751,market_close
2020-09-11,SHORT,2020-09-11 13:30:00,2020-09-11 15:59:00,331.699,334.08099999999996,343,1.0,-817.0259999999822,2.4010000000000002,-819.4269999999822,market_close
2020-09-14,LONG,2020-09-14 10:00:00,2020-09-14 15:59:00,338.94599999999997,338.41900000000004,339,1.0,-178.65299999997626,2.373,-181.02599999997625,market_close
2020-09-18,SHORT,2020-09-18 10:00:00,2020-09-18 15:59:00,333.91400000000004,330.691,341,1.0,1099.0430000000238,2.387,1096.6560000000238,market_close
2020-09-21,SHORT,2020-09-21 10:30:00,2020-09-21 15:59:00,322.699,327.001,354,1.0,-1522.9079999999872,2.478,-1525.3859999999872,market_close
2020-09-23,SHORT,2020-09-23 12:00:00,2020-09-23 15:59:00,327.509,322.661,344,1.0,1667.7120000000045,2.408,1665.3040000000046,market_close
2020-09-24,LONG,2020-09-24 13:30:00,2020-09-24 15:59:00,326.32099999999997,323.519,360,1.0,-1008.7199999999871,2.52,-1011.239999999987,market_close
2020-09-25,LONG,2020-09-25 13:30:00,2020-09-25 15:59:00,326.19289999999995,328.689,355,1.0,886.1155000000247,2.485,883.6305000000247,market_close
2020-09-29,SHORT,2020-09-29 12:00:00,2020-09-29 15:59:00,332.15900000000005,332.39099999999996,345,1.0,-80.03999999997035,2.415,-82.45499999997035,market_close
2020-09-30,LONG,2020-09-30 10:00:00,2020-09-30 15:59:00,335.061,334.899,346,1.0,-56.05199999999229,2.422,-58.47399999999229,market_close
2020-10-05,LONG,2020-10-05 10:30:00,2020-10-05 15:59:00,337.661,339.72900000000004,343,1.0,709.3240000000139,2.4010000000000002,706.923000000014,market_close
2020-10-06,SHORT,2020-10-06 15:00:00,2020-10-06 15:59:00,337.019,334.941,341,1.0,708.5980000000106,2.387,706.2110000000107,market_close
2020-10-07,LONG,2020-10-07 14:30:00,2020-10-07 15:59:00,341.20099999999996,340.72900000000004,345,1.0,-162.8399999999735,2.415,-165.25499999997348,market_close
2020-10-12,LONG,2020-10-12 11:30:00,2020-10-12 15:59:00,351.741,352.42900000000003,333,1.0,229.104000000015,2.331,226.773000000015,market_close
2020-10-14,LONG,2020-10-14 10:00:00,2020-10-14 12:00:00,351.731,348.189,333,1.0,-1179.485999999991,2.331,-1181.816999999991,opposite_band
2020-10-14,SHORT,2020-10-14 12:00:00,2020-10-14 15:59:00,348.189,347.971,333,1.0,72.5940000000059,2.331,70.2630000000059,market_close
2020-10-16,LONG,2020-10-16 10:30:00,2020-10-16 15:59:00,350.621,347.23900000000003,331,1.0,-1119.4419999999827,2.317,-1121.7589999999827,market_close
2020-10-19,SHORT,2020-10-19 14:00:00,2020-10-19 15:59:00,344.819,342.02099999999996,328,1.0,917.7440000000192,2.2960000000000003,915.4480000000192,market_close
2020-10-20,LONG,2020-10-20 10:00:00,2020-10-20 15:59:00,344.82099999999997,343.339,336,1.0,-497.9519999999902,2.352,-500.3039999999902,market_close
2020-10-21,LONG,2020-10-21 10:00:00,2020-10-21 15:59:00,345.40599999999995,342.689,335,1.0,-910.1949999999758,2.345,-912.5399999999759,market_close
2020-10-26,SHORT,2020-10-26 11:00:00,2020-10-26 15:59:00,339.649,339.416,333,1.0,77.58900000000136,2.331,75.25800000000136,market_close
2020-10-27,SHORT,2020-10-27 10:30:00,2020-10-27 15:59:00,338.46900000000005,338.251,336,1.0,73.24800000002506,2.352,70.89600000002505,market_close
2020-10-28,SHORT,2020-10-28 10:00:00,2020-10-28 15:59:00,331.28900000000004,326.681,344,1.0,1585.152000000021,2.408,1582.744000000021,market_close
2020-10-29,LONG,2020-10-29 10:00:00,2020-10-29 15:59:00,327.871,329.98900000000003,354,1.0,749.7720000000184,2.478,747.2940000000184,market_close
2020-10-30,SHORT,2020-10-30 10:30:00,2020-10-30 15:59:00,325.25890000000004,326.53099999999995,355,1.0,-451.59549999996784,2.485,-454.08049999996786,market_close
2020-11-03,LONG,2020-11-03 10:00:00,2020-11-03 15:59:00,335.381,335.96900000000005,348,1.0,204.62400000002754,2.436,202.18800000002753,market_close
2020-11-04,LONG,2020-11-04 10:00:00,2020-11-04 15:59:00,342.491,343.48900000000003,341,1.0,340.3180000000161,2.387,337.9310000000161,market_close
2020-11-05,LONG,2020-11-05 11:00:00,2020-11-05 15:59:00,351.661,350.209,334,1.0,-484.9679999999994,2.338,-487.3059999999994,market_close
2020-11-06,SHORT,2020-11-06 10:00:00,2020-11-06 15:59:00,348.259,350.191,332,1.0,-641.4239999999866,2.324,-643.7479999999865,market_close
2020-11-12,SHORT,2020-11-12 13:30:00,2020-11-12 15:59:00,352.249,353.28099999999995,325,1.0,-335.39999999997576,2.275,-337.67499999997574,market_close
2020-11-17,SHORT,2020-11-17 10:00:00,2020-11-17 15:59:00,358.40900000000005,360.64099999999996,320,1.0,-714.2399999999725,2.24,-716.4799999999725,market_close
2020-11-24,LONG,2020-11-24 11:30:00,2020-11-24 15:59:00,362.421,363.189,317,1.0,243.45600000000923,2.219,241.23700000000923,market_close
2020-11-25,SHORT,2020-11-25 10:00:00,2020-11-25 15:59:00,362.15900000000005,362.65099999999995,316,1.0,-155.47199999996997,2.212,-157.68399999996996,market_close
2020-11-30,SHORT,2020-11-30 10:30:00,2020-11-30 15:59:00,361.209,362.001,315,1.0,-249.47999999999155,2.205,-251.68499999999156,market_close
2020-12-01,LONG,2020-12-01 10:30:00,2020-12-01 15:59:00,366.981,365.96900000000005,312,1.0,-315.7439999999824,2.184,-317.92799999998243,market_close
2020-12-03,LONG,2020-12-03 10:30:00,2020-12-03 15:59:00,367.57099999999997,366.66880000000003,310,1.0,-279.68199999998035,2.17,-281.85199999998036,market_close
2020-12-04,LONG,2020-12-04 10:00:00,2020-12-04 15:59:00,368.226,369.829,309,1.0,495.32700000000267,2.1630000000000003,493.16400000000266,market_close
2020-12-08,LONG,2020-12-08 13:00:00,2020-12-08 15:59:00,370.02599999999995,370.1589,310,1.0,41.19900000001962,2.17,39.02900000001962,market_close
2020-12-09,SHORT,2020-12-09 13:00:00,2020-12-09 15:59:00,368.509,366.89099999999996,308,1.0,498.34400000001597,2.156,496.18800000001596,market_close
2020-12-14,LONG,2020-12-14 10:00:00,2020-12-14 15:59:00,369.52099999999996,364.60900000000004,311,1.0,-1527.6319999999755,2.177,-1529.8089999999754,market_close
2020-12-15,LONG,2020-12-15 14:00:00,2020-12-15 15:59:00,369.161,369.569,308,1.0,125.66400000000476,2.156,123.50800000000476,market_close
2020-12-18,SHORT,2020-12-18 10:00:00,2020-12-18 15:59:00,369.639,369.131,305,1.0,154.94000000001165,2.1350000000000002,152.80500000001166,market_close
2020-12-21,SHORT,2020-12-21 10:30:00,2020-12-21 15:59:00,362.819,367.931,311,1.0,-1589.8319999999894,2.177,-1592.0089999999893,market_close
2020-12-23,LONG,2020-12-23 10:00:00,2020-12-23 15:59:00,368.971,367.529,303,1.0,-436.9260000000022,2.121,-439.0470000000022,market_close
2021-01-04,SHORT,2021-01-04 10:30:00,2021-01-04 15:59:00,372.47900000000004,368.851,297,1.0,1077.5160000000128,2.079,1075.4370000000129,market_close
2021-01-05,LONG,2021-01-05 10:00:00,2021-01-05 15:59:00,370.161,371.319,305,1.0,353.1900000000047,2.1350000000000002,351.0550000000047,market_close
2021-01-06,LONG,2021-01-06 10:00:00,2021-01-06 15:59:00,372.2473,373.529,305,1.0,390.9185000000002,2.1350000000000002,388.78350000000023,market_close
2021-01-07,LONG,2021-01-07 10:00:00,2021-01-07 15:59:00,378.09099999999995,379.059,301,1.0,291.36800000002245,2.107,289.2610000000224,market_close
2021-01-15,SHORT,2021-01-15 10:30:00,2021-01-15 15:59:00,374.589,375.681,301,1.0,-328.69199999999535,2.107,-330.7989999999954,market_close
2021-01-20,LONG,2021-01-20 11:00:00,2021-01-20 15:59:00,382.77099999999996,383.85900000000004,297,1.0,323.1360000000235,2.079,321.0570000000235,market_close
2021-01-25,SHORT,2021-01-25 11:00:00,2021-01-25 15:59:00,381.23900000000003,384.40099999999995,296,1.0,-935.9519999999766,2.072,-938.0239999999766,market_close
2021-01-27,SHORT,2021-01-27 10:00:00,2021-01-27 15:59:00,377.569,374.441,296,1.0,925.8880000000127,2.072,923.8160000000127,market_close
2021-01-28,LONG,2021-01-28 10:00:00,2021-01-28 15:59:00,377.59099999999995,377.59900000000005,301,1.0,2.4080000000286077,2.107,0.3010000000286075,market_close
2021-01-29,SHORT,2021-01-29 11:30:00,2021-01-29 15:59:00,372.71900000000005,370.191,302,1.0,763.4560000000232,2.114,761.3420000000232,market_close
2021-02-01,LONG,2021-02-01 12:30:00,2021-02-01 15:59:00,376.14099999999996,376.17900000000003,305,1.0,11.590000000020666,2.1350000000000002,9.455000000020666,market_close
2021-02-02,LONG,2021-02-02 10:00:00,2021-02-02 15:59:00,380.89099999999996,381.53900000000004,301,1.0,195.0480000000245,2.107,192.9410000000245,market_close
2021-02-04,LONG,2021-02-04 10:00:00,2021-02-04 15:59:00,383.90099999999995,386.16900000000004,299,1.0,678.1320000000258,2.093,676.0390000000258,market_close
2021-02-18,SHORT,2021-02-18 10:30:00,2021-02-18 15:59:00,388.48900000000003,390.751,295,1.0,-667.2899999999834,2.065,-669.3549999999834,market_close
2021-02-23,SHORT,2021-02-23 10:00:00,2021-02-23 15:30:00,382.22900000000004,388.8623,297,1.0,-1970.090099999989,2.079,-1972.169099999989,opposite_band
2021-02-23,LONG,2021-02-23 15:30:00,2021-02-23 15:59:00,388.8623,387.499,297,1.0,-404.9000999999944,2.079,-406.9790999999944,market_close
2021-02-24,LONG,2021-02-24 11:00:00,2021-02-24 15:59:00,388.351,391.759,290,1.0,988.3200000000045,2.0300000000000002,986.2900000000045,market_close
2021-02-25,SHORT,2021-02-25 11:00:00,2021-02-25 15:59:00,388.97900000000004,382.39099999999996,289,1.0,1903.932000000023,2.023,1901.909000000023,market_close
2021-02-26,SHORT,2021-02-26 10:30:00,2021-02-26 15:59:00,378.48900000000003,380.32099999999997,299,1.0,-547.7679999999812,2.093,-549.8609999999811,market_close
2021-03-01,LONG,2021-03-01 10:00:00,2021-03-01 15:59:00,386.941,389.519,296,1.0,763.0880000000093,2.072,761.0160000000093,market_close
2021-03-02,SHORT,2021-03-02 10:30:00,2021-03-02 15:59:00,387.53900000000004,386.551,295,1.0,291.46000000001663,2.065,289.39500000001664,market_close
2021-03-03,SHORT,2021-03-03 10:00:00,2021-03-03 15:59:00,384.48900000000003,381.45099999999996,299,1.0,908.3620000000203,2.093,906.2690000000204,market_close
2021-03-04,SHORT,2021-03-04 13:00:00,2021-03-04 15:59:00,377.009,376.731,305,1.0,84.7900000000061,2.1350000000000002,82.6550000000061,market_close
2021-03-05,SHORT,2021-03-05 11:00:00,2021-03-05 15:00:00,375.38,383.0929,306,1.0,-2360.147399999997,2.142,-2362.289399999997,opposite_band
2021-03-05,LONG,2021-03-05 15:00:00,2021-03-05 15:59:00,383.0929,383.59400000000005,306,1.0,153.33660000001987,2.142,151.19460000001988,market_close
2021-03-08,LONG,2021-03-08 10:30:00,2021-03-08 15:59:00,386.691,381.73900000000003,297,1.0,-1470.7439999999826,2.079,-1472.8229999999826,market_close
2021-03-09,LONG,2021-03-09 10:00:00,2021-03-09 15:59:00,387.26939999999996,387.10900000000004,292,1.0,-46.836799999977984,2.044,-48.88079999997798,market_close
2021-03-11,LONG,2021-03-11 11:00:00,2021-03-11 15:59:00,394.051,393.499,287,1.0,-158.4239999999897,2.009,-160.43299999998968,market_close
2021-03-19,SHORT,2021-03-19 10:00:00,2021-03-19 15:59:00,388.509,389.501,288,1.0,-285.695999999989,2.016,-287.711999999989,market_close
2021-03-22,LONG,2021-03-22 10:00:00,2021-03-22 15:59:00,391.301,392.53900000000004,288,1.0,356.54400000001624,2.016,354.5280000000162,market_close
2021-03-23,SHORT,2021-03-23 15:30:00,2021-03-23 15:59:00,389.389,389.51099999999997,287,1.0,-35.01399999998773,2.009,-37.02299999998773,market_close
2021-03-25,LONG,2021-03-25 15:30:00,2021-03-25 15:59:00,389.45099999999996,389.649,291,1.0,57.618000000010454,2.037,55.581000000010455,market_close
2021-03-26,LONG,2021-03-26 10:30:00,2021-03-26 15:59:00,392.051,395.939,288,1.0,1119.7440000000097,2.016,1117.7280000000096,market_close
2021-03-29,SHORT,2021-03-29 10:30:00,2021-03-29 15:59:00,393.09900000000005,395.77099999999996,288,1.0,-769.5359999999746,2.016,-771.5519999999746,market_close
2021-03-31,LONG,2021-03-31 10:00:00,2021-03-31 15:59:00,396.131,396.249,286,1.0,33.74800000001483,2.0020000000000002,31.746000000014828,market_close
2021-04-01,LONG,2021-04-01 10:30:00,2021-04-01 15:59:00,399.221,400.53900000000004,283,1.0,372.99400000001145,1.981,371.01300000001146,market_close
2021-04-05,LONG,2021-04-05 10:00:00,2021-04-05 15:59:00,404.551,406.309,281,1.0,493.99800000001073,1.967,492.03100000001075,market_close
2021-04-09,LONG,2021-04-09 14:00:00,2021-04-09 15:59:00,409.806,411.439,279,1.0,455.60700000001066,1.953,453.6540000000107,market_close
2021-04-13,LONG,2021-04-13 14:30:00,2021-04-13 15:59:00,412.69599999999997,412.82890000000003,278,1.0,36.9462000000176,1.946,35.0002000000176,market_close
2021-04-14,LONG,2021-04-14 10:00:00,2021-04-14 15:00:00,413.82099999999997,411.329,277,1.0,-690.2839999999894,1.939,-692.2229999999894,opposite_band
2021-04-14,SHORT,2021-04-14 15:00:00,2021-04-14 15:59:00,411.329,411.491,277,1.0,-44.87399999999383,1.939,-46.81299999999383,market_close
2021-04-15,LONG,2021-04-15 10:30:00,2021-04-15 15:59:00,414.561,415.829,274,1.0,347.432000000008,1.9180000000000001,345.51400000000797,market_close
2021-04-19,SHORT,2021-04-19 11:00:00,2021-04-19 15:59:00,415.34400000000005,415.26099999999997,274,1.0,22.742000000022927,1.9180000000000001,20.824000000022927,market_close
2021-04-20,SHORT,2021-04-20 11:00:00,2021-04-20 15:59:00,412.34900000000005,412.241,275,1.0,29.700000000016757,1.925,27.775000000016757,market_close
2021-04-21,LONG,2021-04-21 10:00:00,2021-04-21 15:59:00,413.411,416.089,277,1.0,741.8059999999992,1.939,739.8669999999993,market_close
2021-04-22,SHORT,2021-04-22 14:00:00,2021-04-22 15:59:00,411.829,412.32099999999997,276,1.0,-135.79199999998946,1.932,-137.72399999998945,market_close
2021-04-23,LONG,2021-04-23 10:00:00,2021-04-23 15:59:00,414.191,416.71900000000005,277,1.0,700.2560000000212,1.939,698.3170000000213,market_close
2021-04-27,SHORT,2021-04-27 10:00:00,2021-04-27 15:59:00,416.84900000000005,417.4885,276,1.0,-176.5019999999838,1.932,-178.4339999999838,market_close
2021-05-04,SHORT,2021-05-04 10:00:00,2021-05-04 15:59:00,413.879,415.65099999999995,276,1.0,-489.0719999999819,1.932,-491.00399999998194,market_close
2021-05-06,SHORT,2021-05-06 10:30:00,2021-05-06 12:30:00,414.29900000000004,417.52599999999995,275,1.0,-887.4249999999777,1.925,-889.3499999999776,opposite_band
2021-05-06,LONG,2021-05-06 12:30:00,2021-05-06 15:59:00,417.52599999999995,419.079,275,1.0,427.0750000000149,1.925,425.15000000001487,market_close
2021-05-07,LONG,2021-05-07 10:00:00,2021-05-07 15:59:00,420.96099999999996,422.089,272,1.0,306.8160000000116,1.9040000000000001,304.91200000001163,market_close
2021-05-10,SHORT,2021-05-10 14:30:00,2021-05-10 15:59:00,419.7748,417.991,271,1.0,483.4098000000114,1.897,481.5128000000114,market_close
2021-05-11,SHORT,2021-05-11 10:30:00,2021-05-11 15:59:00,411.85900000000004,414.27099999999996,278,1.0,-670.535999999978,1.946,-672.481999999978,market_close
2021-05-12,SHORT,2021-05-12 11:00:00,2021-05-12 15:59:00,409.42900000000003,405.441,278,1.0,1108.6640000000157,1.946,1106.7180000000158,market_close
2021-05-13,LONG,2021-05-13 10:00:00,2021-05-13 15:59:00,410.051,410.249,283,1.0,56.03400000001017,1.981,54.053000000010165,market_close
2021-05-14,LONG,2021-05-14 10:00:00,2021-05-14 15:59:00,414.90099999999995,416.54900000000004,279,1.0,459.7920000000227,1.953,457.83900000002274,market_close
2021-05-20,LONG,2021-05-20 10:00:00,2021-05-20 15:59:00,413.09099999999995,415.249,281,1.0,606.3980000000204,1.967,604.4310000000204,market_close
2021-05-21,LONG,2021-05-21 10:00:00,2021-05-21 15:59:00,418.181,414.949,279,1.0,-901.7279999999919,1.953,-903.6809999999919,market_close
2021-05-24,LONG,2021-05-24 10:30:00,2021-05-24 15:59:00,419.02099999999996,419.129,277,1.0,29.91600000001688,1.939,27.97700000001688,market_close
2021-06-04,LONG,2021-06-04 11:00:00,2021-06-04 15:59:00,421.721,422.569,275,1.0,233.20000000000363,1.925,231.27500000000362,market_close
2021-06-07,SHORT,2021-06-07 10:30:00,2021-06-07 15:59:00,421.60900000000004,422.221,274,1.0,-167.68799999999078,1.9180000000000001,-169.6059999999908,market_close
2021-06-08,SHORT,2021-06-08 11:30:00,2021-06-08 15:59:00,420.934,422.27099999999996,273,1.0,-365.0009999999815,1.911,-366.9119999999815,market_close
2021-06-10,LONG,2021-06-10 10:00:00,2021-06-10 15:59:00,424.251,423.589,272,1.0,-180.06399999999394,1.9040000000000001,-181.96799999999394,market_close
2021-06-14,SHORT,2021-06-14 12:30:00,2021-06-14 15:59:00,423.394,425.291,271,1.0,-514.0869999999977,1.897,-515.9839999999978,market_close
2021-06-15,SHORT,2021-06-15 10:30:00,2021-06-15 15:59:00,424.369,424.501,269,1.0,-35.507999999986055,1.883,-37.39099999998606,market_close
2021-06-16,SHORT,2021-06-16 12:30:00,2021-06-16 15:59:00,423.519,422.121,270,1.0,377.46000000000663,1.8900000000000001,375.57000000000664,market_close
2021-06-17,SHORT,2021-06-17 12:30:00,2021-06-17 15:59:00,419.65900000000005,421.981,272,1.0,-631.5839999999853,1.9040000000000001,-633.4879999999853,market_close
2021-06-18,SHORT,2021-06-18 11:00:00,2021-06-18 15:59:00,416.189,415.001,274,1.0,325.51200000001234,1.9180000000000001,323.59400000001233,market_close
2021-06-21,LONG,2021-06-21 10:00:00,2021-06-21 15:59:00,417.881,420.839,275,1.0,813.4500000000073,1.925,811.5250000000074,market_close
2021-06-22,LONG,2021-06-22 11:00:00,2021-06-22 15:59:00,421.881,423.03900000000004,274,1.0,317.2920000000198,1.9180000000000001,315.3740000000198,market_close
2021-07-01,LONG,2021-07-01 10:00:00,2021-07-01 15:59:00,429.34099999999995,430.46900000000005,270,1.0,304.5600000000269,1.8900000000000001,302.6700000000269,market_close
2021-07-02,LONG,2021-07-02 13:00:00,2021-07-02 15:59:00,433.2611,433.749,269,1.0,131.24510000000663,1.883,129.36210000000662,market_close
2021-07-06,SHORT,2021-07-06 10:00:00,2021-07-06 15:59:00,432.96900000000005,432.90099999999995,268,1.0,18.22400000002608,1.8760000000000001,16.34800000002608,market_close
2021-07-09,LONG,2021-07-09 10:00:00,2021-07-09 15:59:00,433.58099999999996,435.48900000000003,268,1.0,511.3440000000194,1.8760000000000001,509.4680000000194,market_close
2021-07-12,LONG,2021-07-12 10:30:00,2021-07-12 15:59:00,436.46099999999996,437.079,268,1.0,165.6240000000139,1.8760000000000001,163.7480000000139,market_close
2021-07-15,SHORT,2021-07-15 14:00:00,2021-07-15 15:59:00,432.769,434.731,269,1.0,-527.7779999999971,1.883,-529.6609999999971,market_close
2021-07-16,SHORT,2021-07-16 10:30:00,2021-07-16 15:59:00,433.22900000000004,431.40099999999995,267,1.0,488.07600000002356,1.869,486.2070000000235,market_close
2021-07-19,SHORT,2021-07-19 10:00:00,2021-07-19 15:59:00,424.249,424.96099999999996,274,1.0,-195.08799999998143,1.9180000000000001,-197.00599999998144,market_close
2021-07-20,LONG,2021-07-20 10:00:00,2021-07-20 15:59:00,428.251,431.029,274,1.0,761.1720000000055,1.9180000000000001,759.2540000000055,market_close
2021-07-21,LONG,2021-07-21 10:00:00,2021-07-21 15:59:00,433.661,434.559,271,1.0,243.35800000000665,1.897,241.46100000000666,market_close
2021-07-23,LONG,2021-07-23 11:30:00,2021-07-23 15:59:00,439.236,439.889,269,1.0,175.65700000000538,1.883,173.77400000000537,market_close
2021-07-27,SHORT,2021-07-27 11:00:00,2021-07-27 15:59:00,438.559,438.991,268,1.0,-115.77599999998915,1.8760000000000001,-117.65199999998916,market_close
2021-07-29,LONG,2021-07-29 10:00:00,2021-07-29 15:59:00,440.76099999999997,440.67900000000003,267,1.0,-21.893999999983123,1.869,-23.762999999983123,market_close
2021-08-03,SHORT,2021-08-03 10:00:00,2021-08-03 14:30:00,436.399,440.52099999999996,268,1.0,-1104.6959999999885,1.8760000000000001,-1106.5719999999885,opposite_band
2021-08-03,LONG,2021-08-03 14:30:00,2021-08-03 15:59:00,440.52099999999996,441.119,268,1.0,160.26400000001877,1.8760000000000001,158.38800000001876,market_close
2021-08-12,LONG,2021-08-12 15:00:00,2021-08-12 15:59:00,444.851,445.069,263,1.0,57.334000000004664,1.841,55.49300000000466,market_close
2021-08-16,SHORT,2021-08-16 10:00:00,2021-08-16 15:59:00,443.389,447.02099999999996,263,1.0,-955.2159999999864,1.841,-957.0569999999864,market_close
2021-08-17,SHORT,2021-08-17 12:00:00,2021-08-17 15:59:00,443.059,444.061,261,1.0,-261.52199999998766,1.827,-263.34899999998765,market_close
2021-08-18,SHORT,2021-08-18 15:30:00,2021-08-18 15:59:00,441.54900000000004,439.21099999999996,261,1.0,610.2180000000207,1.827,608.3910000000207,market_close
2021-08-19,LONG,2021-08-19 12:00:00,2021-08-19 15:59:00,440.726,439.839,266,1.0,-235.94200000000012,1.862,-237.80400000000012,market_close
2021-08-20,LONG,2021-08-20 10:00:00,2021-08-20 15:59:00,441.851,443.329,263,1.0,388.7140000000023,1.841,386.87300000000226,market_close
2021-08-23,LONG,2021-08-23 10:00:00,2021-08-23 15:59:00,446.351,447.249,261,1.0,234.3780000000064,1.827,232.5510000000064,market_close
2021-08-25,LONG,2021-08-25 12:30:00,2021-08-25 15:59:00,449.291,448.879,260,1.0,-107.1199999999942,1.82,-108.9399999999942,market_close
2021-08-26,SHORT,2021-08-26 10:30:00,2021-08-26 15:59:00,447.54900000000004,446.27099999999996,259,1.0,331.0020000000199,1.813,329.1890000000199,market_close
2021-08-27,LONG,2021-08-27 10:30:00,2021-08-27 15:59:00,449.311,450.17900000000003,261,1.0,226.54800000001353,1.827,224.72100000001353,market_close
2021-08-30,LONG,2021-08-30 10:30:00,2021-08-30 15:59:00,452.171,452.21900000000005,259,1.0,12.432000000015194,1.813,10.619000000015193,market_close
2021-08-31,SHORT,2021-08-31 10:00:00,2021-08-31 15:59:00,451.10900000000004,451.611,259,1.0,-130.01799999998775,1.813,-131.83099999998774,market_close
2021-09-07,SHORT,2021-09-07 10:00:00,2021-09-07 15:59:00,451.73900000000003,451.52099999999996,258,1.0,56.24400000001924,1.806,54.438000000019244,market_close
2021-09-08,SHORT,2021-09-08 11:00:00,2021-09-08 15:59:00,449.42900000000003,450.95099999999996,259,1.0,-394.19799999998304,1.813,-396.010999999983,market_close
2021-09-09,LONG,2021-09-09 10:00:00,2021-09-09 15:59:00,451.801,448.959,258,1.0,-733.235999999996,1.806,-735.041999999996,market_close
2021-09-10,SHORT,2021-09-10 11:30:00,2021-09-10 15:59:00,447.509,445.5012,257,1.0,516.0046000000082,1.799,514.2056000000082,market_close
2021-09-14,SHORT,2021-09-14 11:00:00,2021-09-14 15:59:00,444.96900000000005,444.181,259,1.0,204.09200000001755,1.813,202.27900000001756,market_close
2021-09-15,LONG,2021-09-15 12:30:00,2021-09-15 15:59:00,445.95099999999996,447.85900000000004,262,1.0,499.89600000001894,1.834,498.06200000001894,market_close
2021-09-16,SHORT,2021-09-16 10:00:00,2021-09-16 15:59:00,446.129,447.15099999999995,261,1.0,-266.7419999999829,1.827,-268.5689999999829,market_close
2021-09-17,SHORT,2021-09-17 10:00:00,2021-09-17 15:59:00,443.48900000000003,441.421,262,1.0,541.8160000000106,1.834,539.9820000000107,market_close
2021-09-20,SHORT,2021-09-20 12:00:00,2021-09-20 15:59:00,432.884,434.061,270,1.0,-317.7899999999903,1.8900000000000001,-319.6799999999903,market_close
2021-09-22,LONG,2021-09-22 10:30:00,2021-09-22 15:59:00,437.39099999999996,437.829,268,1.0,117.38400000001207,1.8760000000000001,115.50800000001206,market_close
2021-09-23,LONG,2021-09-23 10:00:00,2021-09-23 15:59:00,442.21099999999996,443.079,266,1.0,230.8880000000138,1.862,229.0260000000138,market_close
2021-09-28,SHORT,2021-09-28 10:00:00,2021-09-28 15:59:00,438.009,433.751,267,1.0,1136.8860000000102,1.869,1135.0170000000103,market_close
2021-09-30,SHORT,2021-09-30 12:30:00,2021-09-30 15:59:00,430.379,429.161,271,1.0,330.0780000000048,1.897,328.1810000000048,market_close
2021-10-01,LONG,2021-10-01 14:30:00,2021-10-01 15:59:00,434.04499999999996,434.189,275,1.0,39.60000000001713,1.925,37.675000000017135,market_close
2021-10-04,SHORT,2021-10-04 10:30:00,2021-10-04 15:59:00,429.949,428.691,274,1.0,344.69200000001047,1.9180000000000001,342.77400000001046,market_close
2021-10-05,LONG,2021-10-05 10:30:00,2021-10-05 15:59:00,433.741,433.04900000000004,277,1.0,-191.68399999998627,1.939,-193.62299999998626,market_close
2021-10-07,LONG,2021-10-07 10:00:00,2021-10-07 15:59:00,440.671,438.639,271,1.0,-550.6719999999953,1.897,-552.5689999999953,market_close
2021-10-11,LONG,2021-10-11 10:00:00,2021-10-11 15:59:00,439.40099999999995,434.65900000000005,271,1.0,-1285.0819999999742,1.897,-1286.9789999999741,market_close
2021-10-14,LONG,2021-10-14 11:30:00,2021-10-14 15:59:00,441.13599999999997,442.46900000000005,267,1.0,355.91100000002234,1.869,354.0420000000223,market_close
2021-10-28,LONG,2021-10-28 10:00:00,2021-10-28 15:59:00,456.77099999999996,458.259,258,1.0,383.90400000001455,1.806,382.09800000001457,market_close
2021-11-02,LONG,2021-11-02 10:00:00,2021-11-02 15:59:00,461.171,461.869,256,1.0,178.6880000000092,1.792,176.8960000000092,market_close
2021-11-03,LONG,2021-11-03 15:00:00,2021-11-03 15:59:00,463.921,464.73900000000003,256,1.0,209.40800000001036,1.792,207.61600000001036,market_close
2021-11-04,LONG,2021-11-04 10:00:00,2021-11-04 15:59:00,466.356,466.879,254,1.0,132.84200000000624,1.778,131.06400000000625,market_close
2021-11-05,LONG,2021-11-05 10:00:00,2021-11-05 15:59:00,470.26099999999997,468.48900000000003,252,1.0,-446.5439999999835,1.764,-448.3079999999835,market_close
2021-11-09,SHORT,2021-11-09 10:00:00,2021-11-09 15:59:00,466.949,467.39099999999996,251,1.0,-110.94199999998756,1.7570000000000001,-112.69899999998756,market_close
2021-11-10,SHORT,2021-11-10 14:00:00,2021-11-10 15:59:00,464.21900000000005,463.65099999999995,253,1.0,143.70400000002462,1.7710000000000001,141.93300000002463,market_close
2021-11-12,LONG,2021-11-12 11:30:00,2021-11-12 15:59:00,466.83099999999996,467.259,253,1.0,108.28400000001369,1.7710000000000001,106.51300000001369,market_close
2021-11-16,LONG,2021-11-16 10:00:00,2021-11-16 15:59:00,468.52099999999996,469.23900000000003,253,1.0,181.65400000001887,1.7710000000000001,179.88300000001888,market_close
2021-11-17,SHORT,2021-11-17 10:00:00,2021-11-17 15:59:00,467.569,468.111,252,1.0,-136.58399999999324,1.764,-138.34799999999325,market_close
2021-11-18,SHORT,2021-11-18 10:30:00,2021-11-18 15:59:00,466.829,469.721,251,1.0,-725.8919999999989,1.7570000000000001,-727.6489999999989,market_close
2021-11-22,LONG,2021-11-22 10:00:00,2021-11-22 15:59:00,472.71099999999996,467.519,249,1.0,-1292.8079999999877,1.743,-1294.5509999999877,market_close
2021-11-23,LONG,2021-11-23 10:00:00,2021-11-23 10:30:00,468.57099999999997,466.079,248,1.0,-618.0159999999905,1.736,-619.7519999999905,opposite_band
2021-11-23,SHORT,2021-11-23 10:30:00,2021-11-23 15:59:00,466.079,468.241,248,1.0,-536.1759999999945,1.736,-537.9119999999945,market_close
2021-11-29,SHORT,2021-11-29 10:30:00,2021-11-29 15:59:00,462.59900000000005,464.631,247,1.0,-501.9039999999816,1.729,-503.63299999998156,market_close
2021-11-30,SHORT,2021-11-30 11:00:00,2021-11-30 15:59:00,458.029,455.84099999999995,247,1.0,540.4360000000111,1.729,538.707000000011,market_close
2021-12-01,LONG,2021-12-01 11:00:00,2021-12-01 15:30:00,463.45099999999996,453.829,249,1.0,-2395.8779999999892,1.743,-2397.620999999989,opposite_band
2021-12-01,SHORT,2021-12-01 15:30:00,2021-12-01 15:59:00,453.829,450.51099999999997,249,1.0,826.18200000001,1.743,824.43900000001,market_close
2021-12-02,LONG,2021-12-02 10:00:00,2021-12-02 15:59:00,455.871,457.35900000000004,251,1.0,373.48800000001415,1.7570000000000001,371.73100000001415,market_close
2021-12-03,SHORT,2021-12-03 10:00:00,2021-12-03 15:59:00,455.41900000000004,453.431,248,1.0,493.024000000014,1.736,491.288000000014,market_close
2021-12-06,LONG,2021-12-06 10:30:00,2021-12-06 15:59:00,458.111,458.779,250,1.0,167.0000000000016,1.75,165.2500000000016,market_close
2021-12-07,LONG,2021-12-07 10:00:00,2021-12-07 15:59:00,467.241,468.23900000000003,246,1.0,245.50800000001163,1.722,243.78600000001163,market_close
2021-12-13,SHORT,2021-12-13 10:00:00,2021-12-13 15:59:00,468.699,466.611,244,1.0,509.47200000000544,1.708,507.7640000000054,market_close
2021-12-15,SHORT,2021-12-15 10:00:00,2021-12-15 15:30:00,461.709,469.51099999999997,248,1.0,-1934.895999999991,1.736,-1936.6319999999912,opposite_band
2021-12-15,LONG,2021-12-15 15:30:00,2021-12-15 15:59:00,469.51099999999997,470.579,248,1.0,264.86400000001004,1.736,263.12800000001005,market_close
2021-12-16,SHORT,2021-12-16 13:00:00,2021-12-16 15:59:00,467.649,466.431,240,1.0,292.32000000000426,1.68,290.64000000000425,market_close
2021-12-17,SHORT,2021-12-17 10:30:00,2021-12-17 15:59:00,459.40900000000005,459.90099999999995,246,1.0,-121.03199999997662,1.722,-122.75399999997661,market_close
2021-12-20,SHORT,2021-12-20 10:30:00,2021-12-20 15:59:00,452.35900000000004,454.981,250,1.0,-655.4999999999893,1.75,-657.2499999999893,market_close
2021-12-21,LONG,2021-12-21 13:00:00,2021-12-21 15:59:00,461.871,463.04900000000004,246,1.0,289.7880000000133,1.722,288.06600000001333,market_close
2021-12-22,LONG,2021-12-22 11:00:00,2021-12-22 15:59:00,466.131,467.699,245,1.0,384.1600000000099,1.715,382.44500000000994,market_close
2021-12-23,LONG,2021-12-23 10:00:00,2021-12-23 15:59:00,470.171,470.579,242,1.0,98.73600000000374,1.694,97.04200000000374,market_close
2021-12-27,LONG,2021-12-27 10:00:00,2021-12-27 15:59:00,473.191,477.269,241,1.0,982.7980000000075,1.687,981.1110000000075,market_close
2022-01-04,SHORT,2022-01-04 14:00:00,2022-01-04 15:59:00,475.71900000000005,477.51099999999997,239,1.0,-428.28799999998,1.673,-429.96099999998,market_close
2022-01-05,SHORT,2022-01-05 14:30:00,2022-01-05 15:59:00,473.41900000000004,468.381,239,1.0,1204.0820000000163,1.673,1202.4090000000162,market_close
2022-01-06,SHORT,2022-01-06 10:00:00,2022-01-06 15:59:00,467.03900000000004,467.931,247,1.0,-220.32399999998495,1.729,-222.05299999998496,market_close
2022-01-07,SHORT,2022-01-07 11:00:00,2022-01-07 15:59:00,465.269,466.121,246,1.0,-209.59199999999396,1.722,-211.31399999999397,market_close
2022-01-10,SHORT,2022-01-10 10:00:00,2022-01-10 15:59:00,459.339,465.541,249,1.0,-1544.2979999999995,1.743,-1546.0409999999995,market_close
2022-01-11,SHORT,2022-01-11 10:00:00,2022-01-11 12:00:00,462.85900000000004,467.551,244,1.0,-1144.847999999988,1.708,-1146.555999999988,opposite_band
2022-01-11,LONG,2022-01-11 12:00:00,2022-01-11 15:59:00,467.551,469.73900000000003,244,1.0,533.872000000011,1.708,532.164000000011,market_close
2022-01-12,LONG,2022-01-12 10:00:00,2022-01-12 15:59:00,472.64099999999996,471.069,239,1.0,-375.70799999998707,1.673,-377.38099999998707,market_close
2022-01-13,SHORT,2022-01-13 12:30:00,2022-01-13 15:59:00,467.72400000000005,464.541,238,1.0,757.5540000000118,1.666,755.8880000000117,market_close
2022-01-18,SHORT,2022-01-18 10:00:00,2022-01-18 15:59:00,458.09900000000005,456.51099999999997,246,1.0,390.64800000001947,1.722,388.9260000000195,market_close
2022-01-19,LONG,2022-01-19 10:00:00,2022-01-19 14:30:00,459.481,454.459,248,1.0,-1245.4559999999979,1.736,-1247.191999999998,opposite_band
2022-01-19,SHORT,2022-01-19 14:30:00,2022-01-19 15:59:00,454.459,451.791,248,1.0,661.6640000000016,1.736,659.9280000000016,market_close
2022-01-20,LONG,2022-01-20 10:00:00,2022-01-20 15:59:00,456.721,446.78900000000004,249,1.0,-2473.0679999999898,1.743,-2474.8109999999897,market_close
2022-01-21,SHORT,2022-01-21 10:00:00,2022-01-21 15:59:00,443.639,438.02099999999996,248,1.0,1393.2640000000129,1.736,1391.5280000000128,market_close
2022-01-24,SHORT,2022-01-24 10:00:00,2022-01-24 15:59:00,429.089,439.89099999999996,259,1.0,-2797.7179999999908,1.813,-2799.530999999991,market_close
2022-01-25,SHORT,2022-01-25 10:00:00,2022-01-25 15:59:00,429.129,434.481,252,1.0,-1348.7039999999938,1.764,-1350.4679999999937,market_close
2022-01-27,LONG,2022-01-27 10:00:00,2022-01-27 13:30:00,440.301,430.329,246,1.0,-2453.111999999995,1.722,-2454.8339999999953,opposite_band
2022-01-27,SHORT,2022-01-27 13:30:00,2022-01-27 15:59:00,430.329,431.27099999999996,246,1.0,-231.7319999999878,1.722,-233.45399999998781,market_close
2022-01-28,SHORT,2022-01-28 10:00:00,2022-01-28 11:30:00,428.499,435.001,243,1.0,-1579.9859999999885,1.701,-1581.6869999999885,opposite_band
2022-01-28,LONG,2022-01-28 11:30:00,2022-01-28 15:59:00,435.001,441.899,243,1.0,1676.2140000000059,1.701,1674.5130000000058,market_close
2022-01-31,LONG,2022-01-31 10:30:00,2022-01-31 15:59:00,444.371,449.78900000000004,238,1.0,1289.484000000015,1.666,1287.818000000015,market_close
2022-02-04,LONG,2022-02-04 13:30:00,2022-02-04 15:59:00,449.76099999999997,448.72900000000004,239,1.0,-246.64799999998218,1.673,-248.32099999998218,market_close
2022-02-08,LONG,2022-02-08 11:30:00,2022-02-08 15:59:00,449.01099999999997,450.889,238,1.0,446.9640000000102,1.666,445.2980000000102,market_close
2022-02-11,SHORT,2022-02-11 13:00:00,2022-02-11 15:59:00,446.67900000000003,440.51099999999997,237,1.0,1461.816000000015,1.659,1460.157000000015,market_close
2022-02-14,SHORT,2022-02-14 11:00:00,2022-02-14 15:59:00,437.879,439.061,246,1.0,-290.77199999999004,1.722,-292.49399999999,market_close
2022-02-15,LONG,2022-02-15 11:00:00,2022-02-15 15:59:00,445.51099999999997,446.069,243,1.0,135.59400000001204,1.701,133.89300000001205,market_close
2022-02-17,SHORT,2022-02-17 10:00:00,2022-02-17 15:59:00,440.769,437.111,244,1.0,892.5520000000038,1.708,890.8440000000038,market_close
2022-02-18,SHORT,2022-02-18 11:00:00,2022-02-18 15:59:00,435.47900000000004,434.27099999999996,249,1.0,300.79200000002083,1.743,299.04900000002084,market_close
2022-02-22,SHORT,2022-02-22 13:00:00,2022-02-22 15:59:00,429.449,429.65099999999995,253,1.0,-51.10599999998516,1.7710000000000001,-52.87699999998516,market_close
2022-02-23,SHORT,2022-02-23 11:00:00,2022-02-23 15:59:00,428.139,421.971,252,1.0,1554.3360000000016,1.764,1552.5720000000017,market_close
2022-02-25,LONG,2022-02-25 10:30:00,2022-02-25 15:59:00,431.861,437.67900000000003,258,1.0,1501.0440000000103,1.806,1499.2380000000103,market_close
2022-03-01,SHORT,2022-03-01 12:00:00,2022-03-01 15:59:00,429.764,430.01099999999997,258,1.0,-63.72599999998897,1.806,-65.53199999998897,market_close
2022-03-02,LONG,2022-03-02 11:30:00,2022-03-02 15:59:00,436.731,437.829,259,1.0,284.3820000000034,1.813,282.5690000000034,market_close
2022-03-03,SHORT,2022-03-03 11:00:00,2022-03-03 15:59:00,434.899,435.721,255,1.0,-209.6100000000007,1.7850000000000001,-211.3950000000007,market_close
2022-03-04,SHORT,2022-03-04 11:00:00,2022-03-04 15:59:00,428.509,432.241,260,1.0,-970.3199999999924,1.82,-972.1399999999925,market_close
2022-03-07,SHORT,2022-03-07 10:00:00,2022-03-07 15:59:00,427.79900000000004,419.46099999999996,258,1.0,2151.2040000000206,1.806,2149.3980000000206,market_close
2022-03-08,SHORT,2022-03-08 10:30:00,2022-03-08 12:30:00,416.35900000000004,423.791,270,1.0,-2006.639999999989,1.8900000000000001,-2008.529999999989,opposite_band
2022-03-08,LONG,2022-03-08 12:30:00,2022-03-08 15:59:00,423.791,416.29900000000004,270,1.0,-2022.8399999999897,1.8900000000000001,-2024.7299999999898,market_close
2022-03-14,LONG,2022-03-14 11:00:00,2022-03-14 15:59:00,424.33099999999996,417.059,260,1.0,-1890.719999999983,1.82,-1892.539999999983,market_close
2022-03-15,LONG,2022-03-15 12:30:00,2022-03-15 15:59:00,424.07099999999997,426.139,256,1.0,529.4080000000104,1.792,527.6160000000103,market_close
2022-03-16,LONG,2022-03-16 10:00:00,2022-03-16 15:59:00,431.931,435.60900000000004,251,1.0,923.1780000000135,1.7570000000000001,921.4210000000136,market_close
2022-03-17,LONG,2022-03-17 14:00:00,2022-03-17 15:59:00,439.441,440.999,251,1.0,391.05800000001244,1.7570000000000001,389.30100000001244,market_close
2022-03-22,LONG,2022-03-22 10:30:00,2022-03-22 15:59:00,448.56399999999996,449.579,245,1.0,248.67500000001058,1.715,246.96000000001058,market_close
2022-04-04,LONG,2022-04-04 10:00:00,2022-04-04 15:59:00,454.501,456.779,242,1.0,551.2760000000048,1.694,549.5820000000049,market_close
2022-04-05,SHORT,2022-04-05 12:30:00,2022-04-05 15:59:00,452.769,451.101,242,1.0,403.65600000000154,1.694,401.9620000000015,market_close
2022-04-06,SHORT,2022-04-06 10:00:00,2022-04-06 15:59:00,445.57910000000004,446.57099999999997,247,1.0,-244.99929999998272,1.729,-246.72829999998274,market_close
2022-04-07,LONG,2022-04-07 15:00:00,2022-04-07 15:59:00,449.251,448.73900000000003,247,1.0,-126.46399999998607,1.729,-128.19299999998609,market_close
2022-04-08,SHORT,2022-04-08 10:00:00,2022-04-08 11:00:00,446.079,449.801,246,1.0,-915.6119999999951,1.722,-917.3339999999951,opposite_band
2022-04-08,LONG,2022-04-08 11:00:00,2022-04-08 15:59:00,449.801,447.619,246,1.0,-536.77199999999,1.722,-538.49399999999,market_close
2022-04-11,SHORT,2022-04-11 10:30:00,2022-04-11 15:59:00,442.764,439.971,245,1.0,684.2850000000016,1.715,682.5700000000015,market_close
2022-04-12,LONG,2022-04-12 10:00:00,2022-04-12 14:30:00,445.07099999999997,438.47900000000004,247,1.0,-1628.2239999999822,1.729,-1629.9529999999822,opposite_band
2022-04-12,SHORT,2022-04-12 14:30:00,2022-04-12 15:59:00,438.47900000000004,438.241,247,1.0,58.78600000001393,1.729,57.05700000001393,market_close
2022-04-13,LONG,2022-04-13 10:30:00,2022-04-13 15:59:00,439.291,443.35900000000004,246,1.0,1000.72800000001,1.722,999.00600000001,market_close
2022-04-14,SHORT,2022-04-14 10:00:00,2022-04-14 15:59:00,442.17900000000003,437.871,245,1.0,1055.460000000012,1.715,1053.7450000000122,market_close
2022-04-19,LONG,2022-04-19 10:00:00,2022-04-19 15:59:00,441.40099999999995,445.009,251,1.0,905.6080000000153,1.7570000000000001,903.8510000000153,market_close
2022-04-21,SHORT,2022-04-21 14:00:00,2022-04-21 15:59:00,441.72900000000004,438.041,247,1.0,910.9360000000111,1.729,909.207000000011,market_close
2022-04-22,SHORT,2022-04-22 10:00:00,2022-04-22 15:59:00,434.339,426.09099999999995,255,1.0,2103.240000000012,1.7850000000000001,2101.455000000012,market_close
2022-04-25,SHORT,2022-04-25 10:00:00,2022-04-25 15:59:00,420.29900000000004,428.491,268,1.0,-2195.4559999999865,1.8760000000000001,-2197.3319999999867,market_close
2022-04-26,SHORT,2022-04-26 10:00:00,2022-04-26 15:59:00,423.84900000000005,416.111,262,1.0,2027.3560000000148,1.834,2025.5220000000147,market_close
2022-04-27,LONG,2022-04-27 10:00:00,2022-04-27 15:59:00,420.751,417.259,272,1.0,-949.8239999999896,1.9040000000000001,-951.7279999999896,market_close
2022-04-28,LONG,2022-04-28 13:00:00,2022-04-28 15:59:00,425.601,427.78900000000004,267,1.0,584.196000000012,1.869,582.3270000000119,market_close
2022-04-29,SHORT,2022-04-29 10:30:00,2022-04-29 15:59:00,421.189,412.051,267,1.0,2439.846000000009,1.869,2437.977000000009,market_close
2022-05-02,LONG,2022-05-02 10:30:00,2022-05-02 14:00:00,414.441,407.579,281,1.0,-1928.2219999999907,1.967,-1930.1889999999908,opposite_band
2022-05-02,SHORT,2022-05-02 14:00:00,2022-05-02 15:59:00,407.579,414.501,281,1.0,-1945.0819999999912,1.967,-1947.0489999999913,market_close
2022-05-03,LONG,2022-05-03 11:30:00,2022-05-03 15:59:00,417.96099999999996,416.41900000000004,269,1.0,-414.7979999999775,1.883,-416.6809999999775,market_close
2022-05-04,LONG,2022-05-04 15:00:00,2022-05-04 15:59:00,423.71099999999996,428.98900000000003,267,1.0,1409.2260000000206,1.869,1407.3570000000207,market_close
2022-05-05,SHORT,2022-05-05 10:00:00,2022-05-05 15:59:00,421.589,413.921,266,1.0,2039.6880000000017,1.862,2037.8260000000016,market_close
2022-05-06,SHORT,2022-05-06 10:00:00,2022-05-06 15:59:00,406.34900000000005,411.381,279,1.0,-1403.9279999999792,1.953,-1405.8809999999792,market_close
2022-05-09,SHORT,2022-05-09 10:30:00,2022-05-09 15:59:00,402.449,398.241,280,1.0,1178.2400000000075,1.96,1176.2800000000075,market_close
2022-05-11,LONG,2022-05-11 10:00:00,2022-05-11 14:00:00,402.251,393.509,288,1.0,-2517.695999999989,2.016,-2519.711999999989,opposite_band
2022-05-11,SHORT,2022-05-11 14:00:00,2022-05-11 15:59:00,393.509,392.77099999999996,288,1.0,212.54400000001624,2.016,210.52800000001625,market_close
2022-05-13,LONG,2022-05-13 10:30:00,2022-05-13 15:59:00,400.971,401.689,283,1.0,203.19400000000502,1.981,201.21300000000502,market_close
2022-05-18,SHORT,2022-05-18 10:00:00,2022-05-18 15:59:00,401.15900000000005,391.931,279,1.0,2574.6120000000183,1.953,2572.6590000000183,market_close
2022-05-20,SHORT,2022-05-20 12:30:00,2022-05-20 15:59:00,384.444,389.601,292,1.0,-1505.8439999999948,2.044,-1507.887999999995,market_close
2022-05-23,LONG,2022-05-23 12:30:00,2022-05-23 15:59:00,396.52099999999996,396.92900000000003,289,1.0,117.9120000000209,2.023,115.8890000000209,market_close
2022-05-24,SHORT,2022-05-24 10:30:00,2022-05-24 15:59:00,388.999,394.001,289,1.0,-1445.5779999999863,2.023,-1447.6009999999862,market_close
2022-05-26,LONG,2022-05-26 10:00:00,2022-05-26 15:59:00,402.561,405.28900000000004,281,1.0,766.5680000000184,1.967,764.6010000000184,market_close
2022-05-27,LONG,2022-05-27 10:00:00,2022-05-27 15:59:00,411.02099999999996,415.34900000000005,277,1.0,1198.8560000000243,1.939,1196.9170000000242,market_close
2022-05-31,SHORT,2022-05-31 10:00:00,2022-05-31 15:59:00,411.15900000000005,412.941,276,1.0,-491.8319999999794,1.932,-493.76399999997943,market_close
2022-06-01,SHORT,2022-06-01 11:30:00,2022-06-01 15:59:00,408.78900000000004,409.621,274,1.0,-227.96799999998268,1.9180000000000001,-229.8859999999827,market_close
2022-06-02,LONG,2022-06-02 12:30:00,2022-06-02 15:59:00,413.971,417.369,277,1.0,941.2460000000068,1.939,939.3070000000068,market_close
2022-06-09,SHORT,2022-06-09 15:30:00,2022-06-09 15:59:00,404.499,401.471,279,1.0,844.8120000000056,1.953,842.8590000000056,market_close
2022-06-10,SHORT,2022-06-10 10:30:00,2022-06-10 15:59:00,390.334,389.82099999999997,292,1.0,149.79600000000983,2.044,147.75200000000982,market_close
2022-06-13,SHORT,2022-06-13 10:30:00,2022-06-13 15:59:00,377.189,375.02099999999996,304,1.0,659.0720000000192,2.128,656.9440000000192,market_close
2022-06-15,LONG,2022-06-15 15:30:00,2022-06-15 15:59:00,382.291,379.129,307,1.0,-970.7339999999931,2.149,-972.8829999999931,market_close
2022-06-16,SHORT,2022-06-16 10:00:00,2022-06-16 15:59:00,368.809,366.931,310,1.0,582.1800000000133,2.17,580.0100000000133,market_close
2022-06-17,LONG,2022-06-17 10:00:00,2022-06-17 15:59:00,368.411,365.839,316,1.0,-812.7520000000009,2.212,-814.9640000000009,market_close
2022-06-21,LONG,2022-06-21 10:00:00,2022-06-21 15:59:00,374.84099999999995,375.06890000000004,309,1.0,70.42110000002799,2.1630000000000003,68.258100000028,market_close
2022-06-24,LONG,2022-06-24 10:00:00,2022-06-24 15:59:00,383.83099999999996,390.04900000000004,301,1.0,1871.6180000000224,2.107,1869.5110000000225,market_close
2022-06-27,SHORT,2022-06-27 10:00:00,2022-06-27 15:59:00,388.129,388.661,299,1.0,-159.0679999999947,2.093,-161.1609999999947,market_close
2022-06-28,SHORT,2022-06-28 11:30:00,2022-06-28 15:59:00,385.769,380.741,299,1.0,1503.372000000006,2.093,1501.279000000006,market_close
2022-06-30,SHORT,2022-06-30 10:00:00,2022-06-30 15:59:00,373.35900000000004,377.286,314,1.0,-1233.0779999999886,2.198,-1235.2759999999887,market_close
2022-07-05,SHORT,2022-07-05 10:00:00,2022-07-05 15:59:00,373.829,381.95099999999996,311,1.0,-2525.941999999987,2.177,-2528.118999999987,market_close
2022-07-07,LONG,2022-07-07 10:00:00,2022-07-07 15:59:00,387.39099999999996,388.939,297,1.0,459.7560000000174,2.079,457.6770000000174,market_close
2022-07-14,SHORT,2022-07-14 10:30:00,2022-07-14 15:59:00,371.97900000000004,377.96099999999996,307,1.0,-1836.4739999999736,2.149,-1838.6229999999734,market_close
2022-07-15,LONG,2022-07-15 10:30:00,2022-07-15 15:59:00,384.20099999999996,385.09900000000005,295,1.0,264.910000000024,2.065,262.845000000024,market_close
2022-07-19,LONG,2022-07-19 10:30:00,2022-07-19 15:59:00,388.061,392.249,293,1.0,1227.0840000000132,2.051,1225.0330000000133,market_close
2022-07-20,LONG,2022-07-20 11:00:00,2022-07-20 15:59:00,395.95099999999996,394.78900000000004,292,1.0,-339.3039999999769,2.044,-341.3479999999769,market_close
2022-07-21,SHORT,2022-07-21 10:30:00,2022-07-21 12:30:00,392.09900000000005,397.351,289,1.0,-1517.8279999999863,2.023,-1519.8509999999862,opposite_band
2022-07-21,LONG,2022-07-21 12:30:00,2022-07-21 15:59:00,397.351,398.79900000000004,289,1.0,418.4720000000104,2.023,416.44900000001036,market_close
2022-07-22,SHORT,2022-07-22 11:30:00,2022-07-22 15:59:00,396.71900000000005,395.121,283,1.0,452.2340000000198,1.981,450.2530000000198,market_close
2022-07-26,SHORT,2022-07-26 10:30:00,2022-07-26 15:59:00,392.529,390.911,288,1.0,465.98399999999856,2.016,463.96799999999854,market_close
2022-07-27,LONG,2022-07-27 11:00:00,2022-07-27 15:59:00,396.14099999999996,400.999,289,1.0,1403.9620000000177,2.023,1401.9390000000178,market_close
2022-07-28,SHORT,2022-07-28 10:00:00,2022-07-28 11:30:00,399.379,403.851,287,1.0,-1283.4639999999943,2.009,-1285.4729999999943,opposite_band
2022-07-28,LONG,2022-07-28 11:30:00,2022-07-28 15:59:00,403.851,406.009,287,1.0,619.3460000000044,2.009,617.3370000000044,market_close
2022-07-29,LONG,2022-07-29 10:00:00,2022-07-29 15:59:00,409.21099999999996,412.059,281,1.0,800.2880000000197,1.967,798.3210000000197,market_close
2022-08-03,LONG,2022-08-03 11:30:00,2022-08-03 15:59:00,412.45099999999996,414.40900000000005,281,1.0,550.1980000000235,1.967,548.2310000000235,market_close
2022-08-08,LONG,2022-08-08 10:00:00,2022-08-08 15:59:00,417.191,413.019,279,1.0,-1163.9879999999912,1.953,-1165.9409999999912,market_close
2022-08-12,LONG,2022-08-12 11:30:00,2022-08-12 15:59:00,423.421,427.059,272,1.0,989.5360000000092,1.9040000000000001,987.6320000000092,market_close
2022-08-16,LONG,2022-08-16 14:00:00,2022-08-16 15:59:00,430.991,429.65900000000005,271,1.0,-360.97199999998287,1.897,-362.86899999998286,market_close
2022-08-19,SHORT,2022-08-19 10:00:00,2022-08-19 15:59:00,423.16900000000004,422.15099999999995,272,1.0,276.8960000000234,1.9040000000000001,274.9920000000234,market_close
2022-08-22,SHORT,2022-08-22 10:30:00,2022-08-22 15:59:00,414.899,413.46099999999996,277,1.0,398.32600000001247,1.939,396.38700000001245,market_close
2022-08-24,LONG,2022-08-24 11:30:00,2022-08-24 15:59:00,414.441,413.629,282,1.0,-228.9839999999873,1.974,-230.9579999999873,market_close
2022-08-25,LONG,2022-08-25 10:30:00,2022-08-25 15:59:00,417.371,419.509,279,1.0,596.5020000000094,1.953,594.5490000000094,market_close
2022-08-26,SHORT,2022-08-26 10:30:00,2022-08-26 15:59:00,414.899,405.32099999999997,278,1.0,2662.684000000009,1.946,2660.738000000009,market_close
2022-08-30,SHORT,2022-08-30 10:30:00,2022-08-30 15:59:00,400.04900000000004,398.181,295,1.0,551.0600000000153,2.065,548.9950000000152,market_close
2022-09-01,SHORT,2022-09-01 11:00:00,2022-09-01 15:59:00,390.329,396.40099999999995,305,1.0,-1851.9599999999834,2.1350000000000002,-1854.0949999999834,market_close
2022-09-02,SHORT,2022-09-02 13:30:00,2022-09-02 15:59:00,393.4974,392.27099999999996,294,1.0,360.56160000002035,2.058,358.50360000002036,market_close
2022-09-06,SHORT,2022-09-06 10:30:00,2022-09-06 15:59:00,390.399,390.791,301,1.0,-117.99199999999877,2.107,-120.09899999999877,market_close
2022-09-07,LONG,2022-09-07 11:00:00,2022-09-07 15:59:00,392.78099999999995,397.769,302,1.0,1506.376000000017,2.114,1504.262000000017,market_close
2022-09-08,LONG,2022-09-08 11:00:00,2022-09-08 15:59:00,399.90599999999995,400.399,302,1.0,148.88600000001566,2.114,146.77200000001565,market_close
2022-09-09,LONG,2022-09-09 10:00:00,2022-09-09 15:59:00,404.28099999999995,406.54900000000004,297,1.0,673.5960000000255,2.079,671.5170000000255,market_close
2022-09-12,LONG,2022-09-12 10:00:00,2022-09-12 15:59:00,411.02099999999996,410.949,294,1.0,-21.16799999998409,2.058,-23.22599999998409,market_close
2022-09-13,SHORT,2022-09-13 11:00:00,2022-09-13 15:59:00,398.42900000000003,393.131,300,1.0,1589.4000000000176,2.1,1587.3000000000177,market_close
2022-09-16,SHORT,2022-09-16 10:00:00,2022-09-16 15:59:00,382.53900000000004,385.64099999999996,317,1.0,-983.3339999999741,2.219,-985.5529999999742,market_close
2022-09-20,SHORT,2022-09-20 14:00:00,2022-09-20 15:59:00,381.404,384.171,314,1.0,-868.8379999999987,2.198,-871.0359999999987,market_close
2022-09-22,SHORT,2022-09-22 10:00:00,2022-09-22 15:59:00,374.949,374.231,319,1.0,229.04200000000566,2.233,226.80900000000565,market_close
2022-09-23,SHORT,2022-09-23 10:00:00,2022-09-23 15:59:00,367.79900000000004,367.921,325,1.0,-39.64999999998611,2.275,-41.924999999986106,market_close
2022-09-26,LONG,2022-09-26 10:30:00,2022-09-26 13:30:00,369.83099999999996,363.629,328,1.0,-2034.2559999999808,2.2960000000000003,-2036.5519999999808,opposite_band
2022-09-26,SHORT,2022-09-26 13:30:00,2022-09-26 15:59:00,363.629,364.311,328,1.0,-223.69599999998673,2.2960000000000003,-225.99199999998672,market_close
2022-09-27,SHORT,2022-09-27 12:30:00,2022-09-27 15:59:00,362.21900000000005,363.39099999999996,321,1.0,-376.2119999999717,2.247,-378.4589999999717,market_close
2022-09-28,LONG,2022-09-28 10:30:00,2022-09-28 15:59:00,366.431,370.47900000000004,323,1.0,1307.504000000019,2.261,1305.243000000019,market_close
2022-09-29,SHORT,2022-09-29 10:00:00,2022-09-29 15:59:00,363.189,362.791,324,1.0,128.95200000000796,2.2680000000000002,126.68400000000796,market_close
2022-09-30,LONG,2022-09-30 11:30:00,2022-09-30 15:59:00,365.291,357.189,329,1.0,-2665.557999999992,2.303,-2667.8609999999917,market_close
2022-10-03,LONG,2022-10-03 10:30:00,2022-10-03 15:59:00,364.381,366.59900000000005,322,1.0,714.196000000024,2.254,711.942000000024,market_close
2022-10-04,LONG,2022-10-04 10:00:00,2022-10-04 15:59:00,376.01099999999997,377.92900000000003,314,1.0,602.2520000000198,2.198,600.0540000000199,market_close
2022-10-07,SHORT,2022-10-07 10:00:00,2022-10-07 15:59:00,365.53900000000004,362.801,319,1.0,873.422000000018,2.233,871.189000000018,market_close
2022-10-10,SHORT,2022-10-10 11:00:00,2022-10-10 15:59:00,360.199,360.07099999999997,326,1.0,41.728000000013935,2.282,39.44600000001394,market_close
2022-10-13,LONG,2022-10-13 11:30:00,2022-10-13 15:59:00,360.291,365.959,340,1.0,1927.1200000000022,2.38,1924.740000000002,market_close
2022-10-14,SHORT,2022-10-14 10:30:00,2022-10-14 15:59:00,361.96180000000004,357.681,327,1.0,1399.8216000000184,2.289,1397.5326000000184,market_close
2022-10-17,LONG,2022-10-17 10:30:00,2022-10-17 15:59:00,366.721,366.79900000000004,335,1.0,26.13000000001051,2.345,23.785000000010513,market_close
2022-10-20,LONG,2022-10-20 10:30:00,2022-10-20 15:59:00,372.191,365.42900000000003,331,1.0,-2238.2219999999816,2.317,-2240.5389999999816,market_close
2022-10-21,LONG,2022-10-21 10:00:00,2022-10-21 15:59:00,369.111,374.279,328,1.0,1695.104000000002,2.2960000000000003,1692.808000000002,market_close
2022-10-25,LONG,2022-10-25 10:00:00,2022-10-25 15:59:00,382.40099999999995,384.869,321,1.0,792.2280000000239,2.247,789.981000000024,market_close
2022-10-28,LONG,2022-10-28 10:00:00,2022-10-28 15:59:00,382.57099999999997,388.96900000000005,322,1.0,2060.1560000000263,2.254,2057.9020000000264,market_close
2022-11-02,SHORT,2022-11-02 15:30:00,2022-11-02 15:59:00,377.07300000000004,374.871,324,1.0,713.4480000000178,2.2680000000000002,711.1800000000178,market_close
2022-11-03,SHORT,2022-11-03 10:00:00,2022-11-03 15:59:00,369.21900000000005,371.02099999999996,336,1.0,-605.4719999999688,2.352,-607.8239999999688,market_close
2022-11-08,LONG,2022-11-08 11:30:00,2022-11-08 15:59:00,384.01099999999997,381.96900000000005,326,1.0,-665.6919999999727,2.282,-667.9739999999728,market_close
2022-11-09,SHORT,2022-11-09 14:00:00,2022-11-09 15:59:00,376.139,374.15099999999995,326,1.0,648.0880000000184,2.282,645.8060000000183,market_close
2022-11-10,LONG,2022-11-10 11:00:00,2022-11-10 15:59:00,390.441,394.639,320,1.0,1343.3600000000115,2.24,1341.1200000000115,market_close
2022-11-11,LONG,2022-11-11 15:00:00,2022-11-11 15:59:00,399.231,398.499,318,1.0,-232.77599999999074,2.226,-235.00199999999074,market_close
2022-11-23,LONG,2022-11-23 10:00:00,2022-11-23 15:59:00,401.411,402.389,314,1.0,307.0920000000027,2.198,304.89400000000273,market_close
2022-11-28,SHORT,2022-11-28 14:30:00,2022-11-28 15:59:00,395.999,395.921,315,1.0,24.570000000009884,2.205,22.365000000009886,market_close
2022-11-29,LONG,2022-11-29 10:30:00,2022-11-29 11:30:00,397.02099999999996,393.72900000000004,318,1.0,-1046.8559999999734,2.226,-1049.0819999999735,opposite_band
2022-11-29,SHORT,2022-11-29 11:30:00,2022-11-29 15:59:00,393.72900000000004,395.251,318,1.0,-483.9959999999792,2.226,-486.2219999999792,market_close
2022-11-30,SHORT,2022-11-30 10:30:00,2022-11-30 14:00:00,394.184,399.721,314,1.0,-1738.6179999999931,2.198,-1740.8159999999932,opposite_band
2022-11-30,LONG,2022-11-30 14:00:00,2022-11-30 15:59:00,399.721,407.46900000000005,314,1.0,2432.872000000015,2.198,2430.674000000015,market_close
2022-12-01,SHORT,2022-12-01 10:30:00,2022-12-01 15:59:00,405.279,407.381,306,1.0,-643.2119999999925,2.142,-645.3539999999925,market_close
2022-12-05,SHORT,2022-12-05 11:30:00,2022-12-05 15:59:00,402.509,399.611,308,1.0,892.5840000000076,2.156,890.4280000000076,market_close
2022-12-06,SHORT,2022-12-06 10:00:00,2022-12-06 15:59:00,397.17900000000003,393.861,313,1.0,1038.5340000000126,2.191,1036.3430000000126,market_close
2022-12-08,LONG,2022-12-08 10:00:00,2022-12-08 15:59:00,396.181,396.209,319,1.0,8.932000000006383,2.233,6.699000000006382,market_close
2022-12-12,LONG,2022-12-12 15:00:00,2022-12-12 15:59:00,396.751,398.90900000000005,320,1.0,690.5600000000231,2.24,688.3200000000231,market_close
2022-12-14,LONG,2022-12-14 10:00:00,2022-12-14 15:59:00,403.846,399.40900000000005,316,1.0,-1402.0919999999858,2.212,-1404.3039999999858,market_close
2022-12-15,SHORT,2022-12-15 10:00:00,2022-12-15 15:59:00,391.59900000000005,389.65099999999995,318,1.0,619.4640000000295,2.226,617.2380000000295,market_close
2022-12-16,SHORT,2022-12-16 10:30:00,2022-12-16 15:59:00,382.639,383.301,327,1.0,-216.4739999999927,2.289,-218.7629999999927,market_close
2022-12-19,SHORT,2022-12-19 14:00:00,2022-12-19 15:59:00,379.899,379.981,328,1.0,-26.895999999997912,2.2960000000000003,-29.19199999999791,market_close
2022-12-21,LONG,2022-12-21 11:00:00,2022-12-21 15:59:00,386.58099999999996,386.22900000000004,328,1.0,-115.4559999999733,2.2960000000000003,-117.75199999997331,market_close
2022-12-22,SHORT,2022-12-22 10:00:00,2022-12-22 15:59:00,381.569,380.76099999999997,328,1.0,265.02400000001626,2.2960000000000003,262.72800000001627,market_close
2022-12-27,SHORT,2022-12-27 10:00:00,2022-12-27 15:59:00,380.519,381.39099999999996,329,1.0,-286.88799999998594,2.303,-289.19099999998593,market_close
2022-12-28,SHORT,2022-12-28 11:30:00,2022-12-28 15:59:00,379.149,376.681,330,1.0,814.4400000000059,2.31,812.1300000000059,market_close
2022-12-29,LONG,2022-12-29 10:00:00,2022-12-29 15:59:00,381.601,383.389,333,1.0,595.4040000000036,2.331,593.0730000000036,market_close
2023-01-03,SHORT,2023-01-03 11:30:00,2023-01-03 15:59:00,380.03900000000004,380.84099999999995,331,1.0,-265.4619999999693,2.317,-267.7789999999693,market_close
2023-01-05,SHORT,2023-01-05 10:00:00,2023-01-05 15:59:00,380.129,379.40099999999995,332,1.0,241.69600000002174,2.324,239.37200000002173,market_close
2023-01-06,LONG,2023-01-06 11:00:00,2023-01-06 15:59:00,385.301,388.029,332,1.0,905.6960000000029,2.324,903.3720000000029,market_close
2023-01-09,LONG,2023-01-09 10:00:00,2023-01-09 15:59:00,391.621,387.8647,328,1.0,-1232.0663999999847,2.2960000000000003,-1234.3623999999847,market_close
2023-01-12,SHORT,2023-01-12 10:00:00,2023-01-12 15:59:00,393.72900000000004,396.941,320,1.0,-1027.8399999999783,2.24,-1030.0799999999783,market_close
2023-01-18,SHORT,2023-01-18 11:30:00,2023-01-18 15:59:00,395.35900000000004,391.541,315,1.0,1202.6700000000128,2.205,1200.4650000000129,market_close
2023-01-20,LONG,2023-01-20 11:30:00,2023-01-20 15:59:00,392.351,395.829,325,1.0,1130.3500000000029,2.275,1128.0750000000028,market_close
2023-01-23,LONG,2023-01-23 10:00:00,2023-01-23 15:59:00,397.871,400.589,323,1.0,877.9140000000057,2.261,875.6530000000057,market_close
2023-01-25,SHORT,2023-01-25 10:00:00,2023-01-25 15:59:00,394.40900000000005,400.361,326,1.0,-1940.3519999999808,2.282,-1942.6339999999807,market_close
2023-01-27,LONG,2023-01-27 15:30:00,2023-01-27 15:59:00,407.631,405.67900000000003,315,1.0,-614.8799999999815,2.205,-617.0849999999815,market_close
2023-01-31,LONG,2023-01-31 10:30:00,2023-01-31 15:59:00,402.70099999999996,406.449,315,1.0,1180.620000000015,2.205,1178.415000000015,market_close
2023-02-01,LONG,2023-02-01 15:00:00,2023-02-01 15:59:00,409.181,410.78900000000004,315,1.0,506.5200000000192,2.205,504.3150000000192,market_close
2023-02-02,LONG,2023-02-02 11:00:00,2023-02-02 15:59:00,416.65099999999995,416.779,309,1.0,39.55200000001321,2.1630000000000003,37.38900000001321,market_close
2023-02-07,LONG,2023-02-07 13:00:00,2023-02-07 15:59:00,414.33099999999996,415.17900000000003,313,1.0,265.4240000000219,2.191,263.23300000002195,market_close
2023-02-08,SHORT,2023-02-08 11:30:00,2023-02-08 15:59:00,410.79900000000004,410.661,311,1.0,42.918000000010466,2.177,40.741000000010466,market_close
2023-02-09,SHORT,2023-02-09 14:30:00,2023-02-09 15:59:00,408.314,407.131,310,1.0,366.73000000001537,2.17,364.56000000001535,market_close
2023-02-13,LONG,2023-02-13 10:00:00,2023-02-13 15:59:00,410.32099999999997,412.819,315,1.0,786.8700000000149,2.205,784.6650000000149,market_close
2023-02-14,SHORT,2023-02-14 12:00:00,2023-02-14 15:59:00,409.559,412.671,315,1.0,-980.2799999999894,2.205,-982.4849999999894,market_close
2023-02-17,SHORT,2023-02-17 10:00:00,2023-02-17 15:59:00,404.749,407.241,317,1.0,-789.9639999999879,2.219,-792.1829999999879,market_close
2023-02-21,SHORT,2023-02-21 10:30:00,2023-02-21 15:59:00,401.71900000000005,399.131,317,1.0,820.3960000000251,2.219,818.177000000025,market_close
2023-02-23,SHORT,2023-02-23 12:00:00,2023-02-23 15:59:00,396.46900000000005,400.65099999999995,320,1.0,-1338.2399999999689,2.24,-1340.4799999999689,market_close
2023-02-24,SHORT,2023-02-24 10:00:00,2023-02-24 15:59:00,394.47900000000004,396.39099999999996,322,1.0,-615.6639999999745,2.254,-617.9179999999745,market_close
2023-03-02,LONG,2023-03-02 14:30:00,2023-03-02 15:59:00,396.95099999999996,397.78900000000004,323,1.0,270.67400000002556,2.261,268.41300000002553,market_close
2023-03-03,LONG,2023-03-03 10:00:00,2023-03-03 15:59:00,400.52099999999996,404.139,317,1.0,1146.9060000000163,2.219,1144.6870000000163,market_close
2023-03-06,LONG,2023-03-06 10:00:00,2023-03-06 15:59:00,405.77099999999996,404.459,316,1.0,-414.5919999999858,2.212,-416.80399999998576,market_close
2023-03-07,SHORT,2023-03-07 10:30:00,2023-03-07 15:59:00,401.689,398.26099999999997,316,1.0,1083.248000000017,2.212,1081.036000000017,market_close
2023-03-09,LONG,2023-03-09 10:00:00,2023-03-09 13:30:00,400.77099999999996,396.449,322,1.0,-1391.6839999999825,2.254,-1393.9379999999824,opposite_band
2023-03-09,SHORT,2023-03-09 13:30:00,2023-03-09 15:59:00,396.449,391.59099999999995,322,1.0,1564.2760000000196,2.254,1562.0220000000197,market_close
2023-03-10,SHORT,2023-03-10 10:00:00,2023-03-10 15:59:00,389.17900000000003,385.921,330,1.0,1075.1400000000126,2.31,1072.8300000000127,market_close
2023-03-13,LONG,2023-03-13 11:00:00,2023-03-13 15:59:00,387.721,385.28900000000004,340,1.0,-826.8799999999862,2.38,-829.2599999999862,market_close
2023-03-14,LONG,2023-03-14 10:30:00,2023-03-14 15:59:00,392.231,391.689,331,1.0,-179.40199999999112,2.317,-181.71899999999113,market_close
2023-03-16,LONG,2023-03-16 11:00:00,2023-03-16 15:59:00,391.59099999999995,396.029,333,1.0,1477.854000000015,2.331,1475.5230000000151,market_close
2023-03-17,SHORT,2023-03-17 10:30:00,2023-03-17 15:59:00,391.20910000000003,390.111,332,1.0,364.5692000000149,2.324,362.2452000000149,market_close
2023-03-20,LONG,2023-03-20 10:30:00,2023-03-20 15:59:00,392.371,393.65900000000005,335,1.0,431.4800000000227,2.345,429.13500000002267,market_close
2023-03-23,LONG,2023-03-23 10:30:00,2023-03-23 15:59:00,396.691,393.10900000000004,332,1.0,-1189.223999999979,2.324,-1191.547999999979,market_close
2023-03-31,LONG,2023-03-31 10:00:00,2023-03-31 15:59:00,405.491,409.35900000000004,321,1.0,1241.6280000000165,2.247,1239.3810000000165,market_close
2023-04-03,LONG,2023-04-03 10:00:00,2023-04-03 15:59:00,410.15099999999995,410.92900000000003,321,1.0,249.73800000002467,2.247,247.49100000002466,market_close
2023-04-04,SHORT,2023-04-04 11:30:00,2023-04-04 15:59:00,408.874,408.70099999999996,319,1.0,55.18700000001871,2.233,52.954000000018716,market_close
2023-04-06,SHORT,2023-04-06 10:00:00,2023-04-06 13:30:00,406.149,408.991,323,1.0,-917.965999999995,2.261,-920.226999999995,opposite_band
2023-04-06,LONG,2023-04-06 13:30:00,2023-04-06 15:59:00,408.991,409.199,323,1.0,67.18400000000867,2.261,64.92300000000867,market_close
2023-04-12,SHORT,2023-04-12 15:30:00,2023-04-12 15:59:00,407.589,408.07099999999997,317,1.0,-152.79399999999077,2.219,-155.01299999999077,market_close
2023-04-13,LONG,2023-04-13 10:30:00,2023-04-13 15:59:00,410.741,413.444,319,1.0,862.2570000000101,2.233,860.0240000000101,market_close
2023-04-14,LONG,2023-04-14 10:00:00,2023-04-14 11:30:00,414.791,411.579,318,1.0,-1021.4159999999965,2.226,-1023.6419999999965,opposite_band
2023-04-14,SHORT,2023-04-14 11:30:00,2023-04-14 15:59:00,411.579,412.491,318,1.0,-290.0159999999929,2.226,-292.2419999999929,market_close
2023-04-21,SHORT,2023-04-21 10:00:00,2023-04-21 15:59:00,410.944,412.181,316,1.0,-390.89199999998937,2.212,-393.10399999998936,market_close
2023-04-25,SHORT,2023-04-25 10:30:00,2023-04-25 15:59:00,409.66900000000004,406.121,316,1.0,1121.1680000000185,2.212,1118.9560000000185,market_close
2023-04-26,SHORT,2023-04-26 10:30:00,2023-04-26 15:59:00,405.379,404.371,322,1.0,324.5760000000123,2.254,322.3220000000123,market_close
2023-04-27,LONG,2023-04-27 10:30:00,2023-04-27 15:59:00,408.19599999999997,412.399,322,1.0,1353.36600000001,2.254,1351.11200000001,market_close
2023-04-28,LONG,2023-04-28 10:30:00,2023-04-28 15:59:00,414.69599999999997,415.92900000000003,322,1.0,397.0260000000196,2.254,394.7720000000196,market_close
2023-05-02,SHORT,2023-05-02 10:00:00,2023-05-02 15:59:00,413.889,410.871,320,1.0,965.7600000000093,2.24,963.5200000000093,market_close
2023-05-03,LONG,2023-05-03 10:00:00,2023-05-03 15:59:00,412.21099999999996,407.98900000000003,325,1.0,-1372.149999999975,2.275,-1374.4249999999752,market_close
2023-05-04,SHORT,2023-05-04 10:00:00,2023-05-04 15:59:00,405.60900000000004,405.171,326,1.0,142.78800000001468,2.282,140.50600000001467,market_close
2023-05-05,LONG,2023-05-05 10:00:00,2023-05-05 15:59:00,410.121,412.60900000000004,324,1.0,806.1120000000183,2.2680000000000002,803.8440000000182,market_close
2023-05-11,SHORT,2023-05-11 10:00:00,2023-05-11 15:59:00,410.319,412.161,324,1.0,-596.807999999995,2.2680000000000002,-599.075999999995,market_close
2023-05-12,SHORT,2023-05-12 12:30:00,2023-05-12 15:59:00,410.089,411.611,321,1.0,-488.5619999999972,2.247,-490.80899999999724,market_close
2023-05-17,LONG,2023-05-17 13:00:00,2023-05-17 15:59:00,414.431,415.209,321,1.0,249.73800000000642,2.247,247.4910000000064,market_close
2023-05-18,LONG,2023-05-18 10:30:00,2023-05-18 15:59:00,416.89099999999996,419.22900000000004,320,1.0,748.1600000000253,2.24,745.9200000000253,market_close
2023-05-23,SHORT,2023-05-23 14:30:00,2023-05-23 15:59:00,414.34900000000005,414.09099999999995,320,1.0,82.56000000003041,2.24,80.32000000003042,market_close
2023-05-24,SHORT,2023-05-24 10:00:00,2023-05-24 15:59:00,411.129,411.09099999999995,323,1.0,12.274000000021886,2.261,10.013000000021886,market_close
2023-05-26,LONG,2023-05-26 10:00:00,2023-05-26 15:59:00,417.001,419.97900000000004,321,1.0,955.938000000021,2.247,953.6910000000211,market_close
2023-05-31,SHORT,2023-05-31 10:30:00,2023-05-31 15:59:00,416.879,417.83099999999996,321,1.0,-305.59199999998117,2.247,-307.8389999999812,market_close
2023-06-01,LONG,2023-06-01 11:00:00,2023-06-01 15:59:00,419.381,421.809,321,1.0,779.3880000000174,2.247,777.1410000000175,market_close
2023-06-02,LONG,2023-06-02 11:00:00,2023-06-02 15:59:00,426.83599999999996,427.90900000000005,318,1.0,341.2140000000295,2.226,338.9880000000295,market_close
2023-06-07,LONG,2023-06-07 10:00:00,2023-06-07 15:59:00,429.296,426.59900000000005,315,1.0,-849.554999999983,2.205,-851.759999999983,market_close
2023-06-08,LONG,2023-06-08 11:30:00,2023-06-08 15:59:00,428.251,429.124,315,1.0,274.9950000000149,2.205,272.7900000000149,market_close
2023-06-09,LONG,2023-06-09 10:00:00,2023-06-09 15:59:00,430.941,429.889,313,1.0,-329.27599999998876,2.191,-331.46699999998873,market_close
2023-06-12,LONG,2023-06-12 15:30:00,2023-06-12 15:59:00,433.241,433.78900000000004,312,1.0,170.9760000000183,2.184,168.7920000000183,market_close
2023-06-14,LONG,2023-06-14 11:30:00,2023-06-14 14:30:00,438.6509,434.494,308,1.0,-1280.3251999999848,2.156,-1282.4811999999847,opposite_band
2023-06-14,SHORT,2023-06-14 14:30:00,2023-06-14 15:59:00,434.494,437.181,308,1.0,-827.5959999999861,2.156,-829.7519999999861,market_close
2023-06-15,LONG,2023-06-15 10:00:00,2023-06-15 15:59:00,438.721,442.59900000000005,303,1.0,1175.0340000000128,2.121,1172.9130000000127,market_close
2023-06-16,SHORT,2023-06-16 10:00:00,2023-06-16 15:59:00,441.29900000000004,439.431,301,1.0,562.2680000000156,2.107,560.1610000000156,market_close
2023-06-20,SHORT,2023-06-20 10:30:00,2023-06-20 15:59:00,435.29900000000004,437.231,306,1.0,-591.1919999999876,2.142,-593.3339999999877,market_close
2023-06-21,SHORT,2023-06-21 10:00:00,2023-06-21 15:59:00,435.22900000000004,434.931,306,1.0,91.18800000001795,2.142,89.04600000001795,market_close
2023-06-26,LONG,2023-06-26 10:00:00,2023-06-26 15:59:00,434.27099999999996,431.42900000000003,309,1.0,-878.1779999999776,2.1630000000000003,-880.3409999999776,market_close
2023-06-27,LONG,2023-06-27 11:30:00,2023-06-27 15:59:00,433.82599999999996,436.139,307,1.0,710.0910000000138,2.149,707.9420000000138,market_close
2023-06-29,LONG,2023-06-29 11:30:00,2023-06-29 15:59:00,437.63719999999995,438.139,306,1.0,153.55080000001828,2.142,151.4088000000183,market_close
2023-06-30,LONG,2023-06-30 10:00:00,2023-06-30 15:59:00,442.34099999999995,443.339,302,1.0,301.3960000000143,2.114,299.2820000000143,market_close
2023-07-06,SHORT,2023-07-06 10:00:00,2023-07-06 15:59:00,438.509,439.671,305,1.0,-354.4099999999932,2.1350000000000002,-356.5449999999932,market_close
2023-07-07,LONG,2023-07-07 13:00:00,2023-07-07 15:59:00,442.256,438.52000000000004,304,1.0,-1135.7439999999797,2.128,-1137.8719999999796,market_close
2023-07-13,LONG,2023-07-13 15:00:00,2023-07-13 15:59:00,449.27599999999995,449.529,295,1.0,74.63500000001261,2.065,72.57000000001261,market_close
2023-07-17,LONG,2023-07-17 11:30:00,2023-07-17 15:59:00,450.381,450.85400000000004,295,1.0,139.53500000002066,2.065,137.47000000002066,market_close
2023-07-18,LONG,2023-07-18 11:00:00,2023-07-18 15:59:00,452.26099999999997,454.189,294,1.0,566.8320000000159,2.058,564.7740000000159,market_close
2023-07-19,LONG,2023-07-19 10:00:00,2023-07-19 15:59:00,456.01099999999997,455.129,292,1.0,-257.54399999998486,2.044,-259.58799999998485,market_close
2023-07-20,SHORT,2023-07-20 14:30:00,2023-07-20 15:59:00,452.11400000000003,452.181,292,1.0,-19.563999999985526,2.044,-21.607999999985527,market_close
2023-07-24,LONG,2023-07-24 11:30:00,2023-07-24 15:59:00,454.28099999999995,454.199,293,1.0,-24.02599999998148,2.051,-26.07699999998148,market_close
2023-07-25,LONG,2023-07-25 12:00:00,2023-07-25 15:59:00,455.38599999999997,455.40900000000005,293,1.0,6.73900000002385,2.051,4.68800000002385,market_close
2023-07-27,SHORT,2023-07-27 14:30:00,2023-07-27 15:59:00,453.934,452.481,289,1.0,419.91700000000907,2.023,417.89400000000904,market_close
2023-07-28,LONG,2023-07-28 11:00:00,2023-07-28 15:59:00,456.791,456.90900000000005,292,1.0,34.45600000001514,2.044,32.41200000001514,market_close
2023-08-02,SHORT,2023-08-02 10:30:00,2023-08-02 15:59:00,451.96900000000005,450.14099999999996,294,1.0,537.4320000000259,2.058,535.374000000026,market_close
2023-08-04,LONG,2023-08-04 12:30:00,2023-08-04 15:59:00,452.501,446.79900000000004,297,1.0,-1693.4939999999826,2.079,-1695.5729999999826,market_close
2023-08-07,LONG,2023-08-07 10:30:00,2023-08-07 15:59:00,449.621,450.699,294,1.0,316.9320000000092,2.058,314.87400000000923,market_close
2023-08-08,SHORT,2023-08-08 10:00:00,2023-08-08 15:59:00,446.584,448.751,295,1.0,-639.2649999999921,2.065,-641.3299999999922,market_close
2023-08-09,SHORT,2023-08-09 11:00:00,2023-08-09 15:59:00,447.394,445.751,293,1.0,481.3990000000085,2.051,479.34800000000854,market_close
2023-08-10,LONG,2023-08-10 10:00:00,2023-08-10 15:59:00,451.221,445.92900000000003,295,1.0,-1561.1399999999921,2.065,-1563.2049999999922,market_close
2023-08-14,LONG,2023-08-14 11:00:00,2023-08-14 15:59:00,447.231,448.089,294,1.0,252.2520000000012,2.058,250.1940000000012,market_close
2023-08-15,SHORT,2023-08-15 10:00:00,2023-08-15 15:59:00,445.23900000000003,442.941,293,1.0,673.3140000000171,2.051,671.2630000000171,market_close
2023-08-16,SHORT,2023-08-16 15:30:00,2023-08-16 15:59:00,440.139,439.631,297,1.0,150.87600000001135,2.079,148.79700000001134,market_close
2023-08-17,SHORT,2023-08-17 15:00:00,2023-08-17 15:59:00,437.184,436.26099999999997,299,1.0,275.97700000001754,2.093,273.8840000000175,market_close
2023-08-21,LONG,2023-08-21 10:00:00,2023-08-21 15:59:00,438.721,439.339,302,1.0,186.6359999999985,2.114,184.52199999999849,market_close
2023-08-23,LONG,2023-08-23 10:00:00,2023-08-23 15:59:00,440.371,442.96900000000005,301,1.0,781.9980000000211,2.107,779.8910000000211,market_close
2023-08-24,SHORT,2023-08-24 11:00:00,2023-08-24 15:59:00,441.124,436.921,299,1.0,1256.6970000000094,2.093,1254.6040000000094,market_close
2023-08-29,LONG,2023-08-29 10:00:00,2023-08-29 15:59:00,443.811,449.139,303,1.0,1614.3840000000096,2.121,1612.2630000000095,market_close
2023-08-30,LONG,2023-08-30 10:00:00,2023-08-30 15:59:00,451.241,450.98900000000003,302,1.0,-76.10399999998572,2.114,-78.21799999998572,market_close
2023-09-05,SHORT,2023-09-05 10:00:00,2023-09-05 15:59:00,449.589,449.251,301,1.0,101.7380000000067,2.107,99.63100000000671,market_close
2023-09-06,SHORT,2023-09-06 10:30:00,2023-09-06 15:59:00,446.09400000000005,446.191,303,1.0,-29.390999999976714,2.121,-31.511999999976712,market_close
2023-09-08,LONG,2023-09-08 10:30:00,2023-09-08 15:59:00,446.861,445.509,305,1.0,-412.3599999999925,2.1350000000000002,-414.4949999999925,market_close
2023-09-15,SHORT,2023-09-15 10:30:00,2023-09-15 15:59:00,445.999,443.291,303,1.0,820.5240000000081,2.121,818.4030000000081,market_close
2023-09-19,SHORT,2023-09-19 10:30:00,2023-09-19 15:59:00,441.624,442.751,308,1.0,-347.11599999998543,2.156,-349.27199999998544,market_close
2023-09-20,SHORT,2023-09-20 15:30:00,2023-09-20 15:59:00,440.879,438.58099999999996,306,1.0,703.188000000018,2.142,701.0460000000179,market_close
2023-09-21,SHORT,2023-09-21 10:00:00,2023-09-21 15:59:00,434.144,431.411,314,1.0,858.1620000000013,2.198,855.9640000000013,market_close
2023-09-22,LONG,2023-09-22 11:30:00,2023-09-22 15:59:00,433.876,430.379,318,1.0,-1112.0459999999864,2.226,-1114.2719999999865,market_close
2023-09-25,LONG,2023-09-25 12:30:00,2023-09-25 15:59:00,431.90099999999995,432.21900000000005,318,1.0,101.12400000003095,2.226,98.89800000003095,market_close
2023-09-26,SHORT,2023-09-26 10:30:00,2023-09-26 15:59:00,427.92900000000003,425.83099999999996,318,1.0,667.1640000000223,2.226,664.9380000000223,market_close
2023-09-27,SHORT,2023-09-27 12:30:00,2023-09-27 15:59:00,424.199,426.02099999999996,321,1.0,-584.8619999999826,2.247,-587.1089999999825,market_close
2023-09-28,LONG,2023-09-28 10:00:00,2023-09-28 15:59:00,426.721,428.529,321,1.0,580.3679999999977,2.247,578.1209999999977,market_close
2023-09-29,SHORT,2023-09-29 14:00:00,2023-09-29 15:59:00,426.16900000000004,427.39099999999996,318,1.0,-388.59599999997556,2.226,-390.82199999997556,market_close
2023-10-02,SHORT,2023-10-02 13:00:00,2023-10-02 15:59:00,424.819,427.361,320,1.0,-813.4399999999914,2.24,-815.6799999999914,market_close
2023-10-03,SHORT,2023-10-03 10:30:00,2023-10-03 15:59:00,422.519,421.671,320,1.0,271.3600000000042,2.24,269.1200000000042,market_close
2023-10-04,SHORT,2023-10-04 10:30:00,2023-10-04 12:00:00,420.61400000000003,423.931,323,1.0,-1071.390999999984,2.261,-1073.651999999984,opposite_band
2023-10-04,LONG,2023-10-04 12:00:00,2023-10-04 15:59:00,423.931,424.709,323,1.0,251.29400000000646,2.261,249.03300000000647,market_close
2023-10-05,SHORT,2023-10-05 10:30:00,2023-10-05 15:59:00,423.41900000000004,424.46099999999996,319,1.0,-332.3979999999733,2.233,-334.6309999999733,market_close
2023-10-06,LONG,2023-10-06 12:00:00,2023-10-06 15:59:00,428.881,429.519,320,1.0,204.16000000001077,2.24,201.92000000001076,market_close
2023-10-09,LONG,2023-10-09 14:00:00,2023-10-09 15:59:00,432.121,432.269,316,1.0,46.76800000000776,2.212,44.55600000000776,market_close
2023-10-10,LONG,2023-10-10 10:00:00,2023-10-10 15:59:00,433.64099999999996,434.47900000000004,312,1.0,261.4560000000247,2.184,259.27200000002466,market_close
2023-10-12,SHORT,2023-10-12 10:00:00,2023-10-12 15:59:00,435.439,433.70099999999996,310,1.0,538.7800000000175,2.17,536.6100000000175,market_close
2023-10-13,SHORT,2023-10-13 13:30:00,2023-10-13 15:59:00,430.189,431.551,313,1.0,-426.30599999998947,2.191,-428.49699999998944,market_close
2023-10-16,LONG,2023-10-16 10:30:00,2023-10-16 15:59:00,435.921,436.009,313,1.0,27.544000000006974,2.191,25.353000000006976,market_close
2023-10-18,SHORT,2023-10-18 15:30:00,2023-10-18 15:59:00,430.46900000000005,430.251,312,1.0,68.01600000002327,2.184,65.83200000002327,market_close
2023-10-19,SHORT,2023-10-19 15:00:00,2023-10-19 15:59:00,426.949,426.431,315,1.0,163.17000000000917,2.205,160.96500000000916,market_close
2023-10-20,SHORT,2023-10-20 10:00:00,2023-10-20 15:59:00,425.069,421.21099999999996,319,1.0,1230.7020000000193,2.233,1228.4690000000194,market_close
2023-10-23,LONG,2023-10-23 13:00:00,2023-10-23 15:59:00,424.421,420.449,327,1.0,-1298.8439999999935,2.289,-1301.1329999999934,market_close
2023-10-24,LONG,2023-10-24 10:00:00,2023-10-24 15:59:00,423.83099999999996,423.619,321,1.0,-68.05199999997825,2.247,-70.29899999997825,market_close
2023-10-25,SHORT,2023-10-25 10:00:00,2023-10-25 15:59:00,420.17900000000003,417.611,322,1.0,826.896000000013,2.254,824.642000000013,market_close
2023-10-26,SHORT,2023-10-26 10:00:00,2023-10-26 15:59:00,415.379,412.59099999999995,328,1.0,914.4640000000222,2.2960000000000003,912.1680000000222,market_close
2023-10-27,SHORT,2023-10-27 14:30:00,2023-10-27 15:59:00,409.829,410.731,332,1.0,-299.4639999999956,2.324,-301.78799999999563,market_close
2023-10-30,LONG,2023-10-30 10:00:00,2023-10-30 15:59:00,414.89599999999996,415.579,332,1.0,226.75600000001646,2.324,224.43200000001644,market_close
2023-11-01,LONG,2023-11-01 10:30:00,2023-11-01 15:59:00,421.161,422.699,328,1.0,504.4640000000036,2.2960000000000003,502.1680000000036,market_close
2023-11-02,LONG,2023-11-02 10:30:00,2023-11-02 15:59:00,428.226,430.749,323,1.0,814.9290000000079,2.261,812.668000000008,market_close
2023-11-03,LONG,2023-11-03 10:00:00,2023-11-03 15:59:00,434.671,434.66900000000004,320,1.0,-0.639999999984866,2.24,-2.879999999984866,market_close
2023-11-07,LONG,2023-11-07 11:00:00,2023-11-07 15:59:00,437.171,436.869,318,1.0,-96.03599999998858,2.226,-98.26199999998857,market_close
2023-11-09,SHORT,2023-11-09 14:30:00,2023-11-09 15:59:00,434.78900000000004,433.871,316,1.0,290.08800000002,2.212,287.87600000002,market_close
2023-11-10,LONG,2023-11-10 13:00:00,2023-11-10 15:59:00,438.791,440.59900000000005,319,1.0,576.7520000000159,2.233,574.5190000000159,market_close
2023-11-14,LONG,2023-11-14 10:00:00,2023-11-14 15:59:00,447.931,448.709,312,1.0,242.73600000000624,2.184,240.55200000000625,market_close
2023-11-20,LONG,2023-11-20 10:00:00,2023-11-20 15:59:00,452.166,454.23900000000003,310,1.0,642.6300000000111,2.17,640.4600000000112,market_close
2023-11-28,LONG,2023-11-28 11:30:00,2023-11-28 15:59:00,455.57099999999997,454.879,309,1.0,-213.82799999998468,2.1630000000000003,-215.9909999999847,market_close
2023-11-29,LONG,2023-11-29 10:00:00,2023-11-29 15:59:00,458.121,454.619,306,1.0,-1071.6119999999855,2.142,-1073.7539999999856,market_close
2023-11-30,SHORT,2023-11-30 12:30:00,2023-11-30 15:59:00,453.569,456.311,305,1.0,-836.3099999999883,2.1350000000000002,-838.4449999999883,market_close
2023-12-01,LONG,2023-12-01 11:30:00,2023-12-01 15:59:00,457.46099999999996,459.03400000000005,303,1.0,476.6190000000281,2.121,474.4980000000281,market_close
2023-12-04,SHORT,2023-12-04 10:30:00,2023-12-04 15:59:00,454.814,456.661,304,1.0,-561.4879999999939,2.128,-563.615999999994,market_close
2023-12-06,SHORT,2023-12-06 15:30:00,2023-12-06 15:59:00,454.98900000000003,454.71099999999996,301,1.0,83.67800000002313,2.107,81.57100000002313,market_close
2023-12-07,LONG,2023-12-07 10:30:00,2023-12-07 15:59:00,457.981,458.209,302,1.0,68.85600000000261,2.114,66.7420000000026,market_close
2023-12-08,LONG,2023-12-08 10:30:00,2023-12-08 15:59:00,459.861,460.129,302,1.0,80.93600000000879,2.114,78.82200000000879,market_close
2023-12-11,LONG,2023-12-11 13:30:00,2023-12-11 15:59:00,461.471,461.96900000000005,301,1.0,149.89800000001424,2.107,147.79100000001424,market_close
2023-12-12,LONG,2023-12-12 15:00:00,2023-12-12 15:59:00,463.57099999999997,464.15900000000005,300,1.0,176.40000000002374,2.1,174.30000000002374,market_close
2023-12-13,LONG,2023-12-13 14:30:00,2023-12-13 15:59:00,467.45099999999996,470.439,298,1.0,890.4240000000168,2.086,888.3380000000168,market_close
2023-12-18,LONG,2023-12-18 12:30:00,2023-12-18 15:59:00,472.501,472.019,296,1.0,-142.67199999999139,2.072,-144.7439999999914,market_close
2023-12-19,LONG,2023-12-19 10:00:00,2023-12-19 15:59:00,473.501,474.819,295,1.0,388.81000000001194,2.065,386.74500000001194,market_close
2023-12-20,SHORT,2023-12-20 15:00:00,2023-12-20 15:59:00,470.48900000000003,467.971,295,1.0,742.8100000000086,2.065,740.7450000000085,market_close
2023-12-22,LONG,2023-12-22 10:00:00,2023-12-22 15:59:00,474.921,473.619,297,1.0,-386.69399999998933,2.079,-388.77299999998934,market_close
2023-12-26,LONG,2023-12-26 12:00:00,2023-12-26 15:59:00,475.08099999999996,475.589,296,1.0,150.3680000000113,2.072,148.2960000000113,market_close
2023-12-29,SHORT,2023-12-29 11:00:00,2023-12-29 15:59:00,475.449,475.351,294,1.0,28.812000000003877,2.058,26.754000000003877,market_close
2024-01-03,SHORT,2024-01-03 10:00:00,2024-01-03 15:59:00,469.949,468.731,298,1.0,362.9640000000053,2.086,360.8780000000053,market_close
2024-01-04,LONG,2024-01-04 10:30:00,2024-01-04 15:59:00,469.76099999999997,467.269,300,1.0,-747.5999999999885,2.1,-749.6999999999886,market_close
2024-01-05,LONG,2024-01-05 10:00:00,2024-01-05 15:59:00,468.15099999999995,467.959,299,1.0,-57.40799999998518,2.093,-59.50099999998518,market_close
2024-01-08,LONG,2024-01-08 10:00:00,2024-01-08 15:59:00,469.731,474.559,299,1.0,1443.5720000000094,2.093,1441.4790000000094,market_close
2024-01-10,LONG,2024-01-10 11:00:00,2024-01-10 15:59:00,475.231,476.519,298,1.0,383.82400000000325,2.086,381.73800000000324,market_close
2024-01-11,SHORT,2024-01-11 10:30:00,2024-01-11 15:59:00,474.98900000000003,476.32099999999997,297,1.0,-395.6039999999812,2.079,-397.68299999998123,market_close
2024-01-16,SHORT,2024-01-16 10:00:00,2024-01-16 15:59:00,474.48900000000003,474.95099999999996,297,1.0,-137.21399999997988,2.079,-139.29299999997988,market_close
2024-01-18,LONG,2024-01-18 14:30:00,2024-01-18 15:59:00,475.621,476.459,298,1.0,249.72400000000664,2.086,247.63800000000663,market_close
2024-01-19,LONG,2024-01-19 12:30:00,2024-01-19 15:59:00,479.381,482.41900000000004,296,1.0,899.24800000002,2.072,897.17600000002,market_close
2024-01-22,LONG,2024-01-22 10:00:00,2024-01-22 15:59:00,485.0209,483.519,294,1.0,-441.5585999999935,2.058,-443.61659999999347,market_close
2024-01-29,LONG,2024-01-29 15:30:00,2024-01-29 15:59:00,490.941,491.259,291,1.0,92.53800000001178,2.037,90.50100000001177,market_close
2024-01-31,SHORT,2024-01-31 10:00:00,2024-01-31 15:59:00,487.72900000000004,482.921,290,1.0,1394.3200000000143,2.0300000000000002,1392.2900000000143,market_close
2024-02-01,LONG,2024-02-01 10:30:00,2024-02-01 15:59:00,486.181,489.22900000000004,296,1.0,902.2080000000174,2.072,900.1360000000174,market_close
2024-02-02,LONG,2024-02-02 10:00:00,2024-02-02 15:59:00,490.431,494.269,295,1.0,1132.2100000000066,2.065,1130.1450000000066,market_close
2024-02-05,SHORT,2024-02-05 10:30:00,2024-02-05 15:59:00,491.399,492.58099999999996,294,1.0,-347.5079999999881,2.058,-349.5659999999881,market_close
2024-02-07,LONG,2024-02-07 10:30:00,2024-02-07 15:59:00,497.96099999999996,498.04900000000004,292,1.0,25.696000000023105,2.044,23.652000000023104,market_close
2024-02-09,LONG,2024-02-09 10:00:00,2024-02-09 15:59:00,499.501,501.17900000000003,291,1.0,488.29800000001575,2.037,486.26100000001577,market_close
2024-02-12,LONG,2024-02-12 11:30:00,2024-02-12 15:59:00,502.89099999999996,500.939,290,1.0,-566.079999999983,2.0300000000000002,-568.109999999983,market_close
2024-02-13,SHORT,2024-02-13 10:00:00,2024-02-13 15:59:00,493.824,494.14099999999996,293,1.0,-92.88099999998548,2.051,-94.93199999998548,market_close
2024-02-14,LONG,2024-02-14 10:30:00,2024-02-14 15:59:00,497.721,498.624,292,1.0,263.67600000000584,2.044,261.63200000000586,market_close
2024-02-15,LONG,2024-02-15 12:30:00,2024-02-15 15:59:00,500.45099999999996,501.949,291,1.0,435.91800000001376,2.037,433.8810000000138,market_close
2024-02-16,SHORT,2024-02-16 10:00:00,2024-02-16 15:59:00,499.649,499.491,290,1.0,45.820000000004484,2.0300000000000002,43.79000000000448,market_close
2024-02-20,SHORT,2024-02-20 10:00:00,2024-02-20 15:59:00,496.67900000000003,496.741,292,1.0,-18.103999999986854,2.044,-20.147999999986855,market_close
2024-02-22,LONG,2024-02-22 10:00:00,2024-02-22 15:59:00,505.02099999999996,507.529,289,1.0,724.812000000011,2.023,722.789000000011,market_close
2024-03-01,LONG,2024-03-01 10:30:00,2024-03-01 15:59:00,510.366,512.839,287,1.0,709.7510000000201,2.009,707.7420000000201,market_close
2024-03-05,SHORT,2024-03-05 10:30:00,2024-03-05 15:59:00,508.40900000000005,507.15099999999995,288,1.0,362.3040000000274,2.016,360.28800000002735,market_close
2024-03-07,LONG,2024-03-07 10:30:00,2024-03-07 15:59:00,514.1809999999999,514.869,287,1.0,197.45600000002923,2.009,195.44700000002925,market_close
2024-03-08,LONG,2024-03-08 10:00:00,2024-03-08 13:00:00,517.761,512.549,286,1.0,-1490.6319999999969,2.0020000000000002,-1492.6339999999968,opposite_band
2024-03-08,SHORT,2024-03-08 13:00:00,2024-03-08 15:59:00,512.549,511.76099999999997,286,1.0,225.36800000000312,2.0020000000000002,223.3660000000031,market_close
2024-03-11,SHORT,2024-03-11 10:00:00,2024-03-11 15:59:00,509.42900000000003,511.26099999999997,287,1.0,-525.7839999999819,2.009,-527.7929999999819,market_close
2024-03-12,LONG,2024-03-12 10:30:00,2024-03-12 15:59:00,515.0609999999999,516.809,284,1.0,496.43200000001343,1.988,494.44400000001343,market_close
2024-03-13,SHORT,2024-03-13 10:00:00,2024-03-13 15:59:00,516.0790000000001,515.991,283,1.0,24.904000000022393,1.981,22.92300000002239,market_close
2024-03-14,SHORT,2024-03-14 10:00:00,2024-03-14 15:59:00,513.989,514.951,283,1.0,-272.2459999999969,1.981,-274.2269999999969,market_close
2024-03-15,SHORT,2024-03-15 13:00:00,2024-03-15 15:59:00,508.46900000000005,509.741,286,1.0,-363.7919999999813,2.0020000000000002,-365.7939999999813,market_close
2024-03-18,LONG,2024-03-18 10:30:00,2024-03-18 15:59:00,515.1809999999999,512.869,283,1.0,-654.2959999999712,1.981,-656.2769999999712,market_close
2024-03-19,LONG,2024-03-19 13:00:00,2024-03-19 15:59:00,514.6809999999999,515.759,283,1.0,305.07400000002497,1.981,303.093000000025,market_close
2024-03-20,LONG,2024-03-20 14:30:00,2024-03-20 15:59:00,517.661,520.419,282,1.0,777.7560000000108,1.974,775.7820000000107,market_close
2024-03-22,SHORT,2024-03-22 11:00:00,2024-03-22 15:59:00,521.059,521.271,280,1.0,-59.359999999996944,1.96,-61.319999999996945,market_close
2024-04-01,SHORT,2024-04-01 11:30:00,2024-04-01 15:59:00,522.0690000000001,522.221,279,1.0,-42.40799999998046,1.953,-44.360999999980464,market_close
2024-04-02,SHORT,2024-04-02 10:00:00,2024-04-02 15:59:00,517.609,518.851,282,1.0,-350.2439999999892,1.974,-352.2179999999892,market_close
2024-04-03,LONG,2024-04-03 10:30:00,2024-04-03 15:59:00,520.411,519.359,281,1.0,-295.61199999997393,1.967,-297.5789999999739,market_close
2024-04-04,SHORT,2024-04-04 14:30:00,2024-04-04 15:59:00,517.999,513.031,278,1.0,1381.1040000000207,1.946,1379.1580000000208,market_close
2024-04-05,LONG,2024-04-05 10:00:00,2024-04-05 15:59:00,515.9209999999999,518.399,285,1.0,706.2300000000187,1.995,704.2350000000187,market_close
2024-04-09,SHORT,2024-04-09 10:30:00,2024-04-09 15:59:00,517.589,519.2909999999999,283,1.0,-481.6659999999673,1.981,-483.6469999999673,market_close
2024-04-11,SHORT,2024-04-11 10:30:00,2024-04-11 13:30:00,512.5690000000001,517.521,285,1.0,-1411.319999999967,1.995,-1413.3149999999669,opposite_band
2024-04-11,LONG,2024-04-11 13:30:00,2024-04-11 15:59:00,517.521,518.049,285,1.0,150.4800000000057,1.995,148.4850000000057,market_close
2024-04-12,SHORT,2024-04-12 11:00:00,2024-04-12 15:59:00,512.309,510.82099999999997,283,1.0,421.10399999999987,1.981,419.1229999999999,market_close
2024-04-15,SHORT,2024-04-15 13:30:00,2024-04-15 15:59:00,506.579,504.501,283,1.0,588.0740000000089,1.981,586.0930000000089,market_close
2024-04-17,SHORT,2024-04-17 12:00:00,2024-04-17 15:59:00,501.709,500.501,290,1.0,350.3200000000078,2.0300000000000002,348.2900000000078,market_close
2024-04-19,SHORT,2024-04-19 12:00:00,2024-04-19 15:59:00,497.089,495.101,294,1.0,584.4719999999999,2.058,582.4139999999999,market_close
2024-04-22,LONG,2024-04-22 14:00:00,2024-04-22 15:59:00,501.431,499.629,296,1.0,-533.3919999999894,2.072,-535.4639999999894,market_close
2024-04-23,LONG,2024-04-23 10:00:00,2024-04-23 15:59:00,503.08099999999996,505.639,293,1.0,749.4940000000145,2.051,747.4430000000144,market_close
2024-04-24,SHORT,2024-04-24 12:00:00,2024-04-24 15:59:00,503.73900000000003,505.471,292,1.0,-505.7439999999915,2.044,-507.7879999999915,market_close
2024-04-25,SHORT,2024-04-25 10:00:00,2024-04-25 15:59:00,498.199,503.441,295,1.0,-1546.3899999999887,2.065,-1548.4549999999888,market_close
2024-04-26,LONG,2024-04-26 10:00:00,2024-04-26 15:59:00,507.84099999999995,508.23900000000003,288,1.0,114.62400000002344,2.016,112.60800000002344,market_close
2024-04-30,SHORT,2024-04-30 12:00:00,2024-04-30 15:59:00,506.60900000000004,502.041,287,1.0,1311.0160000000117,2.009,1309.0070000000117,market_close
