date,start_equity,end_equity,pnl,return,shares,leverage
2018-01-24,100000.0,100000.0,0.0,0.0,1408,4.0
2018-01-25,100000.0,100000.0,0.0,0.0,1407,4.0
2018-01-26,100000.0,102041.55700000004,2041.5570000000378,0.020415570000000383,1407,4.0
2018-01-29,102041.55700000004,101886.01400000016,-155.54299999988385,-0.0015243103356399335,1427,4.0
2018-01-30,101886.01400000016,101846.83500000024,-39.17899999991153,-0.0003845375676382323,1351,3.7491382704361573
2018-01-31,101846.83500000024,101846.83500000024,0.0,0.0,1121,3.1123929119061207
2018-02-01,101846.83500000024,101084.84400000026,-761.9909999999745,-0.007481734704863241,1139,3.145337764523603
2018-02-02,101084.84400000026,105443.84300000036,4358.999000000099,0.043122181600241616,1159,3.213841248255506
2018-02-05,105443.84300000036,109377.4650000004,3933.622000000047,0.03730537400841927,902,2.339990228253578
2018-02-06,109377.4650000004,109846.84100000048,469.37600000007,0.0042913409997211716,608,1.4461884224479964
2018-02-07,109846.84100000048,109725.07700000048,-121.76399999999393,-0.0011084888640539026,556,1.3608114243986054
2018-02-08,109725.07700000048,113739.95300000049,4014.8760000000048,0.036590322921350005,556,1.3591505011197829
2018-02-09,113739.95300000049,112198.19200000049,-1541.7609999999956,-0.013555140118617692,509,1.1678985960567698
2018-02-12,112198.19200000049,112054.37300000053,-143.81899999995974,-0.0012818299246744047,481,1.1316018352489523
2018-02-13,112054.37300000053,112054.37300000053,0.0,0.0,463,1.0921461519978277
2018-02-14,112054.37300000053,112542.43300000054,488.0600000000186,0.004355564061743644,460,1.0877460293591987
2018-02-15,112542.43300000054,112542.43300000054,0.0,0.0,436,1.0527823446158584
2018-02-16,112542.43300000054,112542.43300000054,0.0,0.0,434,1.0507928969737277
2018-02-20,112542.43300000054,112542.43300000054,0.0,0.0,434,1.0509342637600347
2018-02-21,112542.43300000054,112542.43300000054,0.0,0.0,437,1.0567571079976592
2018-02-22,112542.43300000054,112542.43300000054,0.0,0.0,439,1.0574561923720835
2018-02-23,112542.43300000054,112542.43300000054,0.0,0.0,437,1.05596751316321
2018-02-26,112542.43300000054,112542.43300000054,0.0,0.0,435,1.0673837836441482
2018-02-27,112542.43300000054,112542.43300000054,0.0,0.0,550,1.3598713803531783
2018-02-28,112542.43300000054,112542.43300000054,0.0,0.0,558,1.368388214397044
2018-03-01,112542.43300000054,112298.34900000057,-244.0839999999775,-0.0021688175161449497,556,1.3430907602910092
2018-03-02,112298.34900000057,112298.34900000057,0.0,0.0,764,1.809891012649563
2018-03-05,112298.34900000057,113043.1490000006,744.800000000036,0.006632332591105294,800,1.907737316572539
2018-03-06,113043.1490000006,113043.1490000006,0.0,0.0,802,1.9407865977275893
2018-03-07,113043.1490000006,113043.1490000006,0.0,0.0,811,1.9411460542168908
2018-03-08,113043.1490000006,113043.1490000006,0.0,0.0,851,2.0598310074781807
2018-03-09,113043.1490000006,114837.79700000062,1794.6480000000179,0.015875778548950503,888,2.166712332586664
2018-03-12,114837.79700000062,114837.79700000062,0.0,0.0,799,1.9445775264533447
2018-03-13,114837.79700000062,114837.79700000062,0.0,0.0,813,1.9827874756162442
2018-03-14,114837.79700000062,114837.79700000062,0.0,0.0,813,1.9686865853457494
2018-03-15,114837.79700000062,114837.79700000062,0.0,0.0,806,1.9366223815159154
2018-03-16,114837.79700000062,114837.79700000062,0.0,0.0,889,2.1253343694653606
2018-03-19,114837.79700000062,116790.34900000067,1952.5520000000472,0.017002694679000507,952,2.265985786227504
2018-03-20,116790.34900000067,116790.34900000067,0.0,0.0,966,2.2429453357156626
2018-03-21,116790.34900000067,116790.34900000067,0.0,0.0,1021,2.369354623706634
2018-03-22,116790.34900000067,118005.89900000076,1215.5500000000957,0.010407966158231918,1150,2.6399713179101094
2018-03-23,118005.89900000076,119652.8840000008,1646.9850000000458,0.013956802278164426,885,1.9822979720674654
2018-03-26,119652.8840000008,119652.8840000008,0.0,0.0,854,1.8727815346663854
2018-03-27,119652.8840000008,119779.32600000087,126.44200000006141,0.0010567400949572647,662,1.474680976189807
2018-03-28,119779.32600000087,119779.32600000087,0.0,0.0,648,1.4118283229951438
2018-03-29,119779.32600000087,120353.1060000009,573.780000000025,0.004790309138991367,655,1.4299391269680706
2018-04-02,120353.1060000009,122457.13800000097,2104.0320000000606,0.01748215787634133,672,1.4669284891895222
2018-04-03,122457.13800000097,122457.13800000097,0.0,0.0,653,1.3815308424361692
2018-04-04,122457.13800000097,122457.13800000097,0.0,0.0,625,1.3114170943509962
2018-04-05,122457.13800000097,122457.13800000097,0.0,0.0,583,1.2642380211312072
2018-04-06,122457.13800000097,122324.54700000098,-132.5909999999884,-0.0010827543593251443,579,1.2474861847723195
2018-04-09,122324.54700000098,123183.80100000101,859.2540000000274,0.007024379170601058,554,1.1851671400043522
2018-04-10,123183.80100000101,123183.80100000101,0.0,0.0,556,1.1944105747183382
2018-04-11,123183.80100000101,123183.80100000101,0.0,0.0,535,1.1447205196321362
2018-04-12,123183.80100000101,122887.53100000104,-296.26999999998094,-0.002405105197232693,530,1.142748280149185
2018-04-13,122887.53100000104,122887.53100000104,0.0,0.0,563,1.2268885647595125
2018-04-16,122887.53100000104,122887.53100000104,0.0,0.0,611,1.3277308424135754
2018-04-17,122887.53100000104,122887.53100000104,0.0,0.0,686,1.5038485199243452
2018-04-18,122887.53100000104,122887.53100000104,0.0,0.0,729,1.6077155375775165
2018-04-19,122887.53100000104,122887.53100000104,0.0,0.0,737,1.6180710916507342
2018-04-20,122887.53100000104,122187.8190000011,-699.7119999999476,-0.005693921867467089,754,1.651367953068018
2018-04-23,122187.8190000011,122187.8190000011,0.0,0.0,879,1.9230883494035773
2018-04-24,122187.8190000011,122681.21100000115,493.3920000000535,0.004037980250715778,912,1.9993252451472499
2018-04-25,122681.21100000115,122120.39700000118,-560.8139999999695,-0.0045713112499351505,906,1.943313133267501
2018-04-26,122120.39700000118,121948.21800000122,-172.17899999996314,-0.0014099118921138132,911,1.9771104747556407
2018-04-27,121948.21800000122,121948.21800000122,0.0,0.0,1090,2.388303751195831
2018-04-30,121948.21800000122,121948.21800000122,0.0,0.0,1092,2.3951983999431308
2018-05-01,121948.21800000122,121814.36600000125,-133.85199999996985,-0.0010976134149001116,1228,2.658477649234644
2018-05-02,121814.36600000125,121814.36600000125,0.0,0.0,1244,2.704401549749841
2018-05-03,121814.36600000125,117285.72600000139,-4528.639999999856,-0.03717656749943443,1280,2.7564917086734897
2018-05-04,117285.72600000139,119218.24400000145,1932.5180000000503,0.016477009316547386,1238,2.7608029476966136
2018-05-07,119218.24400000145,119218.24400000145,0.0,0.0,1148,2.5700979387789746
2018-05-08,119218.24400000145,119218.24400000145,0.0,0.0,1238,2.768322499895342
2018-05-09,119218.24400000145,119028.20800000153,-190.0359999999192,-0.0015940177746613937,1234,2.7726982998743726
2018-05-10,119028.20800000153,119093.11200000158,64.90400000005218,0.0005452825098404279,1159,2.6341383899103774
2018-05-11,119093.11200000158,119093.11200000158,0.0,0.0,1160,2.6514455754857122
2018-05-14,119093.11200000158,119093.11200000158,0.0,0.0,1157,2.6557592425763534
2018-05-15,119093.11200000158,118896.42700000165,-196.68499999992665,-0.0016515228857225672,1415,3.2267186485208406
2018-05-16,118896.42700000165,118544.84400000173,-351.5829999999263,-0.0029570526959562526,1307,2.9810541455639834
2018-05-17,118544.84400000173,118544.84400000173,0.0,0.0,1381,3.169023667852197
2018-05-18,118544.84400000173,118544.84400000173,0.0,0.0,1376,3.1543272957038684
2018-05-21,118544.84400000173,118544.84400000173,0.0,0.0,1481,3.412530581734271
2018-05-22,118544.84400000173,118544.84400000173,0.0,0.0,1430,3.306401018885369
2018-05-23,118544.84400000173,118544.84400000173,0.0,0.0,1537,3.517038090698786
2018-05-24,118544.84400000173,117909.35200000175,-635.4919999999863,-0.005360773008398212,1573,3.6235084949648093
2018-05-25,117909.35200000175,117909.35200000175,0.0,0.0,1733,4.0
2018-05-29,117909.35200000175,116864.69600000177,-1044.6559999999731,-0.008859823095287322,1744,4.0
2018-05-30,116864.69600000177,118191.85700000185,1327.161000000078,0.011356389443738069,1441,3.3358038100970617
2018-05-31,118191.85700000185,118058.00900000187,-133.8479999999791,-0.0011324638041686486,1352,3.113559434771251
2018-06-01,118058.00900000187,118874.47480000192,816.4658000000504,0.006915801874992189,1394,3.217771453337736
2018-06-04,118874.47480000192,118874.47480000192,0.0,0.0,1261,2.9134010441323923
2018-06-05,118874.47480000192,118874.47480000192,0.0,0.0,1242,2.874052824804411
2018-06-06,118874.47480000192,119513.75680000198,639.2820000000615,0.0053777903210558975,1302,3.0216458169283604
2018-06-07,119513.75680000198,118849.86180000207,-663.8949999999178,-0.005554967208594275,1255,2.9187872734873253
2018-06-08,118849.86180000207,118849.86180000207,0.0,0.0,1253,2.9200000237541834
2018-06-11,118849.86180000207,118687.19280000211,-162.6689999999461,-0.0013686932196327328,1261,2.9546402873978974
2018-06-12,118687.19280000211,118687.19280000211,0.0,0.0,1294,3.0433861844521637
2018-06-13,118687.19280000211,118687.19280000211,0.0,0.0,1317,3.0985816453912114
2018-06-14,118687.19280000211,118687.19280000211,0.0,0.0,1288,3.0294520699848855
2018-06-15,118687.19280000211,118687.19280000211,0.0,0.0,1309,3.052888978895779
2018-06-18,118687.19280000211,118687.19280000211,0.0,0.0,1278,2.9681518687223596
2018-06-19,118687.19280000211,118687.19280000211,0.0,0.0,1493,3.4475361467306405
2018-06-20,118687.19280000211,118687.19280000211,0.0,0.0,1702,3.963296253928684
2018-06-21,118687.19280000211,117780.75280000236,-906.4399999997559,-0.007637218293023218,1720,4.0
2018-06-22,117780.75280000236,117780.75280000236,0.0,0.0,1709,4.0
2018-06-25,117780.75280000236,118884.5548000025,1103.8020000001402,0.009371667048812649,1722,4.0
2018-06-26,118884.5548000025,118884.5548000025,0.0,0.0,1646,3.761500831746907
2018-06-27,118884.5548000025,118678.52680000263,-206.0279999998745,-0.001733008971152472,1746,4.0
2018-06-28,118678.52680000263,118190.0808000028,-488.4459999998178,-0.004115706633458283,1757,3.9887048377487604
2018-06-29,118190.0808000028,117713.53680000297,-476.5439999998389,-0.00403201348856197,1632,3.757900794564214
2018-07-02,117713.53680000297,117713.53680000297,0.0,0.0,1647,3.7709541560644806
2018-07-05,117713.53680000297,117713.53680000297,0.0,0.0,1608,3.719610695925721
2018-07-06,117713.53680000297,119833.10280000303,2119.566000000066,0.018006136402147543,1546,3.588732654534166
2018-07-09,119833.10280000303,119491.09380000316,-342.008999999877,-0.0028540444335375392,1431,3.303217482449729
2018-07-10,119491.09380000316,119491.09380000316,0.0,0.0,1331,3.1029856273677803
2018-07-11,119491.09380000316,119491.09380000316,0.0,0.0,1335,3.098496449783918
2018-07-12,119491.09380000316,119014.03490000327,-477.0588999998938,-0.003992422236910431,1289,3.0024738442737853
2018-07-13,119014.03490000327,119014.03490000327,0.0,0.0,1215,2.851145510460155
2018-07-16,119014.03490000327,119014.03490000327,0.0,0.0,1270,2.984562906586399
2018-07-17,119014.03490000327,118685.10490000334,-328.9299999999399,-0.0027637916845378863,1270,2.973891823014396
2018-07-18,118685.10490000334,118685.10490000334,0.0,0.0,1610,3.8081328867717548
2018-07-19,118685.10490000334,118685.10490000334,0.0,0.0,1612,3.8079654318652754
2018-07-20,118685.10490000334,118685.10490000334,0.0,0.0,1696,4.0
2018-07-23,118685.10490000334,118685.10490000334,0.0,0.0,1698,4.0
2018-07-24,118685.10490000334,118685.10490000334,0.0,0.0,1685,4.0
2018-07-25,118685.10490000334,121166.68190000344,2481.5770000001103,0.02090891693688879,1687,4.0
2018-07-26,121166.68190000344,121166.68190000344,0.0,0.0,1711,4.0
2018-07-27,121166.68190000344,122944.70990000354,1778.0280000001003,0.01467423199281348,1708,4.0
2018-07-30,122944.70990000354,123524.71390000364,580.0040000001056,0.004717600297498237,1747,4.0
2018-07-31,123524.71390000364,122769.02590000372,-755.6879999999234,-0.006117706944147816,1702,3.8699614465335714
2018-08-01,122769.02590000372,122769.02590000372,0.0,0.0,1744,4.0
2018-08-02,122769.02590000372,122718.07290000374,-50.95299999998482,-0.0004150313943313,1757,4.0
2018-08-03,122718.07290000374,122718.07290000374,0.0,0.0,1737,4.0
2018-08-06,122718.07290000374,122139.91890000374,-578.1539999999968,-0.004711237606143781,1731,4.0
2018-08-07,122139.91890000374,122139.91890000374,0.0,0.0,1711,4.0
2018-08-08,122139.91890000374,122139.91890000374,0.0,0.0,1711,4.0
2018-08-09,122139.91890000374,122139.91890000374,0.0,0.0,1711,4.0
2018-08-10,122139.91890000374,122139.91890000374,0.0,0.0,1723,4.0
2018-08-13,122139.91890000374,121329.24740000394,-810.6714999998135,-0.006637236272143854,1723,4.0
2018-08-14,121329.24740000394,120801.02740000407,-528.2199999998729,-0.0043536081474107036,1715,4.0
2018-08-15,120801.02740000407,118930.90440000425,-1870.1229999998188,-0.015481018996695628,1711,4.0
2018-08-16,118930.90440000425,118504.69240000432,-426.21199999992825,-0.003583694264750803,1678,4.0
2018-08-17,118504.69240000432,117760.65340000432,-744.038999999997,-0.006278561506143143,1621,3.8826443996117965
2018-08-20,117760.65340000432,117760.65340000432,0.0,0.0,1649,4.0
2018-08-21,117760.65340000432,117712.94840000443,-47.70499999989228,-0.0004051013528079128,1645,4.0
2018-08-22,117712.94840000443,117712.94840000443,0.0,0.0,1647,4.0
2018-08-23,117712.94840000443,117712.94840000443,0.0,0.0,1646,4.0
2018-08-24,117712.94840000443,118158.20140000446,445.2530000000329,0.00378253204980461,1643,4.0
2018-08-27,118158.20140000446,118352.06740000463,193.86600000016665,0.0016407324900271636,1636,4.0
2018-08-28,118352.06740000463,118352.06740000463,0.0,0.0,1617,3.967862267996771
2018-08-29,118352.06740000463,118418.61040000472,66.5430000000952,0.0005622461986674043,1623,3.979822714687829
2018-08-30,118418.61040000472,118188.93040000481,-229.67999999991005,-0.0019395600001053115,1595,3.919785293052204
2018-08-31,118188.93040000481,118188.93040000481,0.0,0.0,1631,4.0
2018-09-04,118188.93040000481,118188.93040000481,0.0,0.0,1631,4.0
2018-09-05,118188.93040000481,117839.46840000492,-349.46199999989676,-0.0029568082122172212,1633,4.0
2018-09-06,117839.46840000492,116178.498400005,-1660.9699999999082,-0.014095192574713367,1630,4.0
2018-09-07,116178.498400005,116178.498400005,0.0,0.0,1619,4.0
2018-09-10,116178.498400005,116178.498400005,0.0,0.0,1609,4.0
2018-09-11,116178.498400005,115921.39540000512,-257.1029999998868,-0.0022129998540235674,1617,4.0
2018-09-12,115921.39540000512,115921.39540000512,0.0,0.0,1604,4.0
2018-09-13,115921.39540000512,115921.39540000512,0.0,0.0,1597,4.0
2018-09-14,115921.39540000512,115921.39540000512,0.0,0.0,1593,4.0
2018-09-17,115921.39540000512,116753.4634000052,832.0680000000928,0.007177863906217663,1594,4.0
2018-09-18,116753.4634000052,117254.79540000527,501.33200000006525,0.004293936859778302,1612,4.0
2018-09-19,117254.79540000527,117254.79540000527,0.0,0.0,1611,4.0
2018-09-20,117254.79540000527,117440.62740000535,185.83200000007577,0.0015848562898099772,1602,4.0
2018-09-21,117440.62740000535,117730.58940000542,289.9620000000721,0.0024690092893702165,1602,4.0
2018-09-24,117730.58940000542,117730.58940000542,0.0,0.0,1616,4.0
2018-09-25,117730.58940000542,117730.58940000542,0.0,0.0,1615,4.0
2018-09-26,117730.58940000542,117730.58940000542,0.0,0.0,1618,4.0
2018-09-27,117730.58940000542,117408.0104000055,-322.57899999991963,-0.0027399760898496606,1621,4.0
2018-09-28,117408.0104000055,117408.0104000055,0.0,0.0,1619,4.0
2018-10-01,117408.0104000055,117168.5674000056,-239.44299999990207,-0.002039409399615222,1607,4.0
2018-10-02,117168.5674000056,117168.5674000056,0.0,0.0,1607,4.0
2018-10-03,117168.5674000056,117168.5674000056,0.0,0.0,1601,4.0
2018-10-04,117168.5674000056,117477.65630000568,309.08890000007085,0.002637984801374893,1609,4.0
2018-10-05,117477.65630000568,116092.4683000058,-1385.1879999998753,-0.01179107622357134,1622,4.0
2018-10-08,116092.4683000058,115135.6894000059,-956.7788999999048,-0.008241524312562643,1617,4.0
2018-10-09,115135.6894000059,115135.6894000059,0.0,0.0,1602,4.0
2018-10-10,115135.6894000059,125633.99440000599,10498.305000000093,0.0911820223139217,1605,4.0
2018-10-11,125633.99440000599,127061.60040000606,1427.606000000074,0.011363214286212342,1033,2.280388891125444
2018-10-12,127061.60040000606,127061.60040000606,0.0,0.0,923,2.0115454655902565
2018-10-15,127061.60040000606,127061.60040000606,0.0,0.0,827,1.7953694230186685
2018-10-16,127061.60040000606,128473.17540000612,1411.5750000000614,0.011109375260159204,825,1.7976298779366282
2018-10-17,128473.17540000612,128248.91840000615,-224.25699999996834,-0.0017455550491511929,703,1.536269062379757
2018-10-18,128248.91840000615,128285.02640000614,36.107999999994846,0.00028154623407727897,708,1.543064429036971
2018-10-19,128285.02640000614,127861.16240000616,-423.8639999999829,-0.003304080077735194,696,1.5043816180457255
2018-10-22,127861.16240000616,126635.11340000619,-1226.0489999999731,-0.009588908602006452,701,1.519741020732266
2018-10-23,126635.11340000619,126635.11340000619,0.0,0.0,712,1.5241208945047116
2018-10-24,126635.11340000619,130415.50140000624,3780.3880000000427,0.029852604846325903,709,1.5322432069076481
2018-10-25,130415.50140000624,131386.36140000625,970.8600000000057,0.0074443604447160805,660,1.3536769636939727
2018-10-26,131386.36140000625,129776.57140000629,-1609.7899999999684,-0.012252337174472383,610,1.2357589089564982
2018-10-29,129776.57140000629,129776.57140000629,0.0,0.0,584,1.2103767803114025
2018-10-30,129776.57140000629,128473.32040000637,-1303.2509999999218,-0.010042267151464057,597,1.2139019119140717
2018-10-31,128473.32040000637,128473.32040000637,0.0,0.0,611,1.2891850893661705
2018-11-01,128473.32040000637,128473.32040000637,0.0,0.0,635,1.3426684583345554
2018-11-02,128473.32040000637,128301.96740000641,-171.35299999996408,-0.0013337633017224126,637,1.3629274744006243
2018-11-05,128301.96740000641,128301.96740000641,0.0,0.0,640,1.3610943094622314
2018-11-06,128301.96740000641,128301.96740000641,0.0,0.0,697,1.484853906568491
2018-11-07,128301.96740000641,128363.66540000646,61.69800000004748,0.0004808811684680059,678,1.4679140240470037
2018-11-08,128363.66540000646,128363.66540000646,0.0,0.0,640,1.397101541343681
2018-11-09,128363.66540000646,128104.2974000065,-259.367999999958,-0.002020571780898539,642,1.3961636094342074
2018-11-12,128104.2974000065,130187.73240000651,2083.4350000000068,0.016263583988088026,635,1.375609161485751
2018-11-13,130187.73240000651,130187.73240000651,0.0,0.0,617,1.2960352243682902
2018-11-14,130187.73240000651,129371.17540000653,-816.5569999999885,-0.006272150109282837,743,1.5649824379489452
2018-11-15,129371.17540000653,128796.77540000656,-574.3999999999647,-0.004439938017289924,800,1.6635045438424974
2018-11-16,128796.77540000656,128796.77540000656,0.0,0.0,851,1.7975059346450633
2018-11-19,128796.77540000656,130921.21540000658,2124.4400000000196,0.016494512330779365,865,1.8344937731886144
2018-11-20,130921.21540000658,130921.21540000658,0.0,0.0,865,1.7546943410626914
2018-11-21,130921.21540000658,130921.21540000658,0.0,0.0,820,1.6671151294952884
2018-11-26,130921.21540000658,130854.06540000663,-67.149999999954,-0.00051290388494174,850,1.7257797158007586
2018-11-27,130854.06540000663,130854.06540000663,0.0,0.0,826,1.6820587851216657
2018-11-28,130854.06540000663,132616.1084000067,1762.043000000067,0.01346571078715586,823,1.6966741869945883
2018-11-29,132616.1084000067,132616.1084000067,0.0,0.0,725,1.4982164145309569
2018-11-30,132616.1084000067,132616.1084000067,0.0,0.0,815,1.684408583265209
2018-12-03,132616.1084000067,132616.1084000067,0.0,0.0,783,1.6557847673238624
2018-12-04,132616.1084000067,137196.61940000672,4580.511000000028,0.034539627615854496,771,1.6190167634897206
2018-12-06,137196.61940000672,135657.04940000674,-1539.569999999982,-0.011221632185493213,730,1.4158295775050074
2018-12-07,135657.04940000674,138922.2814000068,3265.232000000053,0.02406975541958012,712,1.415460614522282
2018-12-10,138922.2814000068,138957.36940000684,35.0880000000341,0.00025257287489410807,688,1.3050930924422848
2018-12-11,138957.36940000684,138957.36940000684,0.0,0.0,694,1.3379501084834369
2018-12-12,138957.36940000684,138957.36940000684,0.0,0.0,697,1.341655035592024
2018-12-13,138957.36940000684,138957.36940000684,0.0,0.0,721,1.3841855703825205
2018-12-14,138957.36940000684,139004.88840000686,47.519000000031525,0.0003419681892742332,779,1.475550060767515
2018-12-17,139004.88840000686,140080.0094000069,1075.1210000000517,0.0077344114467847724,743,1.3879052807786023
2018-12-18,140080.0094000069,140080.0094000069,0.0,0.0,730,1.3410291676904496
2018-12-19,140080.0094000069,137558.82940000697,-2521.1799999999334,-0.01799814271000333,740,1.3495258553135572
2018-12-20,137558.82940000697,136589.86140000698,-968.9680000000004,-0.007044026212103982,847,1.5390708885648523
2018-12-21,136589.86140000698,139035.10140000697,2445.2400000000052,0.017902060774767525,840,1.5189172661682437
2018-12-26,139035.10140000697,136935.97640000697,-2099.1249999999964,-0.01509780608539113,875,1.4853457446606084
2018-12-27,136935.97640000697,136935.97640000697,0.0,0.0,763,1.3516029619674526
2018-12-28,136935.97640000697,136935.97640000697,0.0,0.0,783,1.4273537450658766
2018-12-31,136935.97640000697,136935.97640000697,0.0,0.0,782,1.425880230670267
2019-01-02,136935.97640000697,136935.97640000697,0.0,0.0,816,1.4664006481047356
2019-01-03,136935.97640000697,135236.19140000694,-1699.7850000000353,-0.012412990688690506,810,1.4695304326273853
2019-01-04,135236.19140000694,136355.93740000692,1119.7459999999862,0.008279928533982073,746,1.3673800834464158
2019-01-07,136355.93740000692,136025.43940000693,-330.49800000000096,-0.0024237888448558342,602,1.1158059598927217
2019-01-08,136025.43940000693,136025.43940000693,0.0,0.0,583,1.102597341411664
2019-01-09,136025.43940000693,136025.43940000693,0.0,0.0,592,1.1215852335742134
2019-01-10,136025.43940000693,136025.43940000693,0.0,0.0,624,1.1765906119280183
2019-01-11,136025.43940000693,136025.43940000693,0.0,0.0,620,1.1754165376716816
2019-01-14,136025.43940000693,136025.43940000693,0.0,0.0,648,1.2237671239211187
2019-01-15,136025.43940000693,136493.15140000696,467.7120000000211,0.003438415652712079,672,1.2745124484369086
2019-01-16,136493.15140000696,136493.15140000696,0.0,0.0,787,1.5043161118606785
2019-01-17,136493.15140000696,136493.15140000696,0.0,0.0,841,1.6032953902776854
2019-01-18,136493.15140000696,136493.15140000696,0.0,0.0,828,1.6074779404243904
2019-01-22,136493.15140000696,136075.57540000702,-417.57599999992976,-0.003059318330017824,822,1.595134947898016
2019-01-23,136075.57540000702,136075.57540000702,0.0,0.0,770,1.494466886679636
2019-01-24,136075.57540000702,136075.57540000702,0.0,0.0,773,1.4959959385316095
2019-01-25,136075.57540000702,136075.57540000702,0.0,0.0,958,1.8701294000756647
2019-01-28,136075.57540000702,136075.57540000702,0.0,0.0,1485,2.876228653007929
2019-01-29,136075.57540000702,136075.57540000702,0.0,0.0,1376,2.670171588468839
2019-01-30,136075.57540000702,134795.70340000704,-1279.8719999999814,-0.009405596825423412,1408,2.743188670203812
2019-01-31,134795.70340000704,135877.7842000071,1082.0808000000425,0.008027561507572445,1233,2.4474340946964515
2019-02-01,135877.7842000071,135877.7842000071,0.0,0.0,1209,2.404369218486985
2019-02-04,135877.7842000071,135842.63620000717,-35.147999999920636,-0.0002586736323886285,1212,2.411262122938433
2019-02-05,135842.63620000717,135842.63620000717,0.0,0.0,1252,2.5119773952857796
2019-02-06,135842.63620000717,135842.63620000717,0.0,0.0,1297,2.6049331792696124
2019-02-07,135842.63620000717,134699.38220000724,-1143.2539999999333,-0.008416017474194626,1286,2.5665503111419974
2019-02-08,134699.38220000724,134699.38220000724,0.0,0.0,1201,2.396345050175225
2019-02-11,134699.38220000724,134699.38220000724,0.0,0.0,1288,2.5945023898238206
2019-02-12,134699.38220000724,136361.89220000734,1662.510000000092,0.012342372866503082,1510,3.054558690157799
2019-02-13,136361.89220000734,136361.89220000734,0.0,0.0,1389,2.802576673388166
2019-02-14,136361.89220000734,136361.89220000734,0.0,0.0,1399,2.809356979455394
2019-02-15,136361.89220000734,136361.89220000734,0.0,0.0,1395,2.828223715923437
2019-02-19,136361.89220000734,136361.89220000734,0.0,0.0,1449,2.9385774881718962
2019-02-20,136361.89220000734,136361.89220000734,0.0,0.0,1469,2.992854960144703
2019-02-21,136361.89220000734,134737.96820000748,-1623.9239999998497,-0.011908928321543,1713,3.4890761516659206
2019-02-22,134737.96820000748,134061.66320000758,-676.3049999998967,-0.005019409220984983,1695,3.5002312810865597
2019-02-25,134061.66320000758,134061.66320000758,0.0,0.0,1646,3.4471104841426072
2019-02-26,134061.66320000758,134061.66320000758,0.0,0.0,1702,3.5436293725704244
2019-02-27,134061.66320000758,134061.66320000758,0.0,0.0,1705,3.542933441839764
2019-02-28,134061.66320000758,134061.66320000758,0.0,0.0,1716,3.570856679631349
2019-03-01,134061.66320000758,134061.66320000758,0.0,0.0,1912,4.0
2019-03-04,134061.66320000758,131264.6872000076,-2796.975999999979,-0.020863354468660722,1904,4.0
2019-03-05,131264.6872000076,130350.0142000077,-914.672999999915,-0.006968157388789753,1797,3.82788651624751
2019-03-06,130350.0142000077,131714.7912000078,1364.7770000001053,0.010470094755079984,1867,4.0
2019-03-07,131714.7912000078,131901.0949000079,186.30370000010134,0.0014144478255080362,1903,4.0
2019-03-08,131901.0949000079,131901.0949000079,0.0,0.0,1850,3.8289768273148983
2019-03-11,131901.0949000079,135275.17090000797,3374.076000000056,0.025580348688977184,1916,4.0
2019-03-12,135275.17090000797,135275.17090000797,0.0,0.0,1656,3.416943311579093
2019-03-13,135275.17090000797,134197.046900008,-1078.1239999999784,-0.007969858717065681,1636,3.3929786535422823
2019-03-14,134197.046900008,134197.046900008,0.0,0.0,1582,3.318086739753258
2019-03-15,134197.046900008,134197.046900008,0.0,0.0,1633,3.4155837487530136
2019-03-18,134197.046900008,133033.9409000081,-1163.105999999897,-0.008667150484067854,1629,3.419419277992793
2019-03-19,133033.9409000081,133033.9409000081,0.0,0.0,1591,3.3917454558668223
2019-03-20,133033.9409000081,132068.5379000083,-965.4029999998158,-0.00725681727135663,1601,3.3963259852322882
2019-03-21,132068.5379000083,135305.5639000084,3237.026000000093,0.024510197897783303,1586,3.371545677538672
2019-03-22,135305.5639000084,138284.50990000853,2978.9460000001422,0.022016433871127505,1503,3.146780719962957
2019-03-25,138284.50990000853,138284.50990000853,0.0,0.0,1199,2.418501880181841
2019-03-26,138284.50990000853,138284.50990000853,0.0,0.0,1190,2.419928887501672
2019-03-27,138284.50990000853,136488.48190000857,-1796.0279999999657,-0.012987918902114481,1191,2.4220714712417037
2019-03-28,136488.48190000857,136488.48190000857,0.0,0.0,1213,2.4930608948848527
2019-03-29,136488.48190000857,136488.48190000857,0.0,0.0,1209,2.5025791382272815
2019-04-01,136488.48190000857,136488.48190000857,0.0,0.0,1320,2.755044477395206
2019-04-02,136488.48190000857,136488.48190000857,0.0,0.0,1227,2.573481201096983
2019-04-03,136488.48190000857,136488.48190000857,0.0,0.0,1244,2.619964298184877
2019-04-04,136488.48190000857,136488.48190000857,0.0,0.0,1249,2.625047360496631
2019-04-05,136488.48190000857,136488.48190000857,0.0,0.0,1244,2.624591845954955
2019-04-08,136488.48190000857,136488.48190000857,0.0,0.0,1239,2.616827412748044
2019-04-09,136488.48190000857,136488.48190000857,0.0,0.0,1242,2.6189491137464738
2019-04-10,136488.48190000857,136488.48190000857,0.0,0.0,1224,2.5824920749369933
2019-04-11,136488.48190000857,136488.48190000857,0.0,0.0,1301,2.7539199132132497
2019-04-12,136488.48190000857,136488.48190000857,0.0,0.0,1882,4.0
2019-04-15,136488.48190000857,135784.98790000865,-703.4939999999282,-0.005154237121014371,1881,4.0
2019-04-16,135784.98790000865,135784.98790000865,0.0,0.0,1866,4.0
2019-04-17,135784.98790000865,136140.82090000872,355.83300000006693,0.002620562151260053,1863,4.0
2019-04-18,136140.82090000872,136140.82090000872,0.0,0.0,1877,4.0
2019-04-22,136140.82090000872,136140.82090000872,0.0,0.0,1883,4.0
2019-04-23,136140.82090000872,138530.76890000887,2389.9480000001354,0.017554969804064013,1873,4.0
2019-04-24,138530.76890000887,138530.76890000887,0.0,0.0,1892,4.0
2019-04-25,138530.76890000887,138530.76890000887,0.0,0.0,1896,4.0
2019-04-26,138530.76890000887,138530.76890000887,0.0,0.0,1897,4.0
2019-04-29,138530.76890000887,138419.43590000895,-111.33299999993221,-0.0008036698336690851,1887,4.0
2019-04-30,138419.43590000895,138157.28190000905,-262.1539999999022,-0.0018939103334395524,1886,4.0
2019-05-01,138157.28190000905,138157.28190000905,0.0,0.0,1875,4.0
2019-05-02,138157.28190000905,136203.81030000912,-1953.4715999999191,-0.014139476205197399,1894,4.0
2019-05-03,136203.81030000912,136410.27030000923,206.46000000009641,0.001515816624699129,1860,4.0
2019-05-06,136410.27030000923,136410.27030000923,0.0,0.0,1886,4.0
2019-05-07,136410.27030000923,137540.15030000923,1129.8800000000076,0.008282954043819846,1880,4.0
2019-05-08,137540.15030000923,137540.15030000923,0.0,0.0,1478,3.090966576872309
2019-05-09,137540.15030000923,136272.59330000935,-1267.556999999892,-0.00921590529918015,1493,3.09758264532751
2019-05-10,136272.59330000935,133323.46730000948,-2949.125999999866,-0.02164137284382095,1479,3.101532785053062
2019-05-13,133323.46730000948,131519.32030000954,-1804.1469999999322,-0.013532103811403129,1433,3.0370584318071656
2019-05-14,131519.32030000954,131444.93830000958,-74.38199999995147,-0.0005655594921740725,1078,2.3120554811423903
2019-05-15,131444.93830000958,131333.9763000096,-110.961999999975,-0.0008441709618876025,1018,2.1810486366226183
2019-05-16,131333.9763000096,130481.23930000969,-852.7369999999233,-0.006492889532652146,974,2.1211744570256297
2019-05-17,130481.23930000969,130481.23930000969,0.0,0.0,941,2.0571830925041716
2019-05-20,130481.23930000969,130481.23930000969,0.0,0.0,940,2.048301886973463
2019-05-21,130481.23930000969,130481.23930000969,0.0,0.0,929,2.037066820078984
2019-05-22,130481.23930000969,130481.23930000969,0.0,0.0,900,1.970688705522403
2019-05-23,130481.23930000969,129901.66630000973,-579.572999999953,-0.004441810969218141,907,1.9688035432406639
2019-05-24,129901.66630000973,129901.66630000973,0.0,0.0,915,1.9994000968251329
2019-05-28,129901.66630000973,129901.66630000973,0.0,0.0,910,1.984977968291699
2019-05-29,129901.66630000973,129901.66630000973,0.0,0.0,984,2.113404608445477
2019-05-30,129901.66630000973,129901.66630000973,0.0,0.0,975,2.0951656350873225
2019-05-31,129901.66630000973,129901.66630000973,0.0,0.0,976,2.076823086059534
2019-06-03,129901.66630000973,129901.66630000973,0.0,0.0,954,2.0228278517106664
2019-06-04,129901.66630000973,131559.20530000978,1657.5390000000518,0.012759951794397706,1209,2.5796432477169837
2019-06-05,131559.20530000978,131559.20530000978,0.0,0.0,966,2.0744659131629843
2019-06-06,131559.20530000978,131559.20530000978,0.0,0.0,948,2.0430258768176177
2019-06-07,131559.20530000978,131780.04130000982,220.8360000000539,0.0016786054574930986,956,2.078303963315279
2019-06-10,131780.04130000982,131780.04130000982,0.0,0.0,920,2.020315340891322
2019-06-11,131780.04130000982,131780.04130000982,0.0,0.0,931,2.0567419010105645
2019-06-12,131780.04130000982,131780.04130000982,0.0,0.0,963,2.11005871583786
2019-06-13,131780.04130000982,131780.04130000982,0.0,0.0,963,2.116859603472498
2019-06-14,131780.04130000982,131780.04130000982,0.0,0.0,1038,2.2795749005172574
2019-06-17,131780.04130000982,131780.04130000982,0.0,0.0,1031,2.2669514149121452
2019-06-18,131780.04130000982,130875.3033000099,-904.7379999999195,-0.006865516136394301,1094,2.419892510248848
2019-06-19,130875.3033000099,130875.3033000099,0.0,0.0,1110,2.482248655254322
2019-06-20,130875.3033000099,130875.3033000099,0.0,0.0,1097,2.482387268440476
2019-06-21,130875.3033000099,130875.3033000099,0.0,0.0,1351,3.0383064185942152
2019-06-24,130875.3033000099,130875.3033000099,0.0,0.0,1286,2.892455849319755
2019-06-25,130875.3033000099,134296.4903000099,3421.1869999999994,0.02614081429983406,1727,3.877544352390592
2019-06-26,134296.4903000099,134296.4903000099,0.0,0.0,1541,3.348180432984214
2019-06-27,134296.4903000099,134296.4903000099,0.0,0.0,1569,3.403885377889573
2019-06-28,134296.4903000099,134296.4903000099,0.0,0.0,1709,3.7238315053951982
2019-07-01,134296.4903000099,134296.4903000099,0.0,0.0,1672,3.6958601703946323
2019-07-02,134296.4903000099,134296.4903000099,0.0,0.0,1577,3.4714636156705514
2019-07-05,134296.4903000099,134298.08030000995,1.5900000000607353,1.183947545091435e-05,1590,3.522077817603224
2019-07-08,134298.08030000995,134298.08030000995,0.0,0.0,1568,3.4684228604033613
2019-07-09,134298.08030000995,134298.08030000995,0.0,0.0,1513,3.33034089745143
2019-07-10,134298.08030000995,134298.08030000995,0.0,0.0,1500,3.333087184236854
2019-07-11,134298.08030000995,134298.08030000995,0.0,0.0,1597,3.560748885905321
2019-07-12,134298.08030000995,134298.08030000995,0.0,0.0,1595,3.56306804347069
2019-07-15,134298.08030000995,134298.08030000995,0.0,0.0,1710,3.8356482412356105
2019-07-16,134298.08030000995,133289.52610001015,-1008.5541999998079,-0.007509818440790683,1786,4.0
2019-07-17,133289.52610001015,133801.41230001044,511.8862000002929,0.003840408282464791,1778,4.0
2019-07-18,133801.41230001044,134136.2123000106,334.80000000017515,0.0025022157408134404,1800,4.0
2019-07-19,134136.2123000106,134136.2123000106,0.0,0.0,1788,4.0
2019-07-22,134136.2123000106,134136.2123000106,0.0,0.0,1802,4.0
2019-07-23,134136.2123000106,134136.2123000106,0.0,0.0,1793,4.0
2019-07-24,134136.2123000106,134962.78530001064,826.5730000000318,0.00616219129664497,1793,4.0
2019-07-25,134962.78530001064,134511.84580001084,-450.9394999998165,-0.003341213646394503,1793,4.0
2019-07-26,134511.84580001084,134951.69380001092,439.8480000000764,0.0032699573586556507,1788,4.0
2019-07-29,134951.69380001092,134318.74180001096,-632.9519999999642,-0.004690211602219274,1788,4.0
2019-07-30,134318.74180001096,134318.74180001096,0.0,0.0,1791,4.0
2019-07-31,134318.74180001096,137158.67680001108,2839.935000000125,0.021143251953837705,1785,4.0
2019-08-01,137158.67680001108,135471.85080001122,-1686.8259999998436,-0.012298354281001012,1657,3.596126707146314
2019-08-02,135471.85080001122,133234.90680001143,-2236.9439999997867,-0.016512242113692288,1607,3.486355157738678
2019-08-05,133234.90680001143,137300.26980001145,4065.3630000000067,0.03051274697930495,1563,3.380757371929051
2019-08-06,137300.26980001145,137300.26980001145,0.0,0.0,1008,2.0990736334590525
2019-08-07,137300.26980001145,137300.26980001145,0.0,0.0,920,1.9061459253997912
2019-08-08,137300.26980001145,139328.1558000115,2027.8860000000554,0.014769716060673677,911,1.9236050254310624
2019-08-09,139328.1558000115,138838.51980001156,-489.63599999993454,-0.0035142645590081623,804,1.6887498340960094
2019-08-13,138838.51980001156,137388.45180001165,-1450.0679999999084,-0.010444277294864857,811,1.681335826480197
2019-08-14,137388.45180001165,139169.73480001168,1781.2830000000292,0.01296530368209492,813,1.705306400739937
2019-08-15,139169.73480001168,139169.73480001168,0.0,0.0,717,1.4681774712663918
2019-08-16,139169.73480001168,139283.40080001167,113.66600000000449,0.0008167436703341302,706,1.4552181557608959
2019-08-19,139283.40080001167,139283.40080001167,0.0,0.0,664,1.393173486209293
2019-08-20,139283.40080001167,139283.40080001167,0.0,0.0,640,1.3415290369327315
2019-08-21,139283.40080001167,139283.40080001167,0.0,0.0,635,1.3346421109124555
2019-08-22,139283.40080001167,139283.40080001167,0.0,0.0,633,1.3330339915690363
2019-08-23,139283.40080001167,140501.20480001168,1217.8040000000158,0.008743353429089273,644,1.3463487704131705
2019-08-26,140501.20480001168,140501.20480001168,0.0,0.0,602,1.2309658267327086
2019-08-27,140501.20480001168,140501.20480001168,0.0,0.0,673,1.3880898884107011
2019-08-28,140501.20480001168,140501.20480001168,0.0,0.0,700,1.4258414794968923
2019-08-29,140501.20480001168,140501.20480001168,0.0,0.0,680,1.4130836350700793
2019-08-30,140501.20480001168,140501.20480001168,0.0,0.0,702,1.470579420271841
2019-09-03,140501.20480001168,140501.20480001168,0.0,0.0,717,1.4846534336340635
2019-09-04,140501.20480001168,140501.20480001168,0.0,0.0,707,1.476881004207289
2019-09-05,140501.20480001168,140209.32580001172,-291.87899999994556,-0.0020774127909821694,861,1.8204363294677246
2019-09-06,140209.32580001172,140209.32580001172,0.0,0.0,829,1.7631480263883494
2019-09-09,140209.32580001172,140209.32580001172,0.0,0.0,862,1.840465366406659
2019-09-10,140209.32580001172,139555.41280001175,-653.912999999982,-0.0046638338517701605,897,1.9026230030326423
2019-09-11,139555.41280001175,139555.41280001175,0.0,0.0,918,1.963712257619931
2019-09-12,139555.41280001175,139555.41280001175,0.0,0.0,914,1.9735805304886789
2019-09-13,139555.41280001175,139555.41280001175,0.0,0.0,914,1.977114533953091
2019-09-16,139555.41280001175,139555.41280001175,0.0,0.0,1474,3.1681182566578605
2019-09-17,139555.41280001175,139555.41280001175,0.0,0.0,1497,3.2195193264138884
2019-09-18,139555.41280001175,138051.90880001182,-1503.5039999999146,-0.010773526944128697,1576,3.39532093002164
2019-09-19,138051.90880001182,137208.37380001185,-843.5349999999722,-0.0061102740797446264,1565,3.42037794050409
2019-09-20,137208.37380001185,138151.96080001196,943.5870000001204,0.006877036538421866,1777,3.8900154332526684
2019-09-23,138151.96080001196,138151.96080001196,0.0,0.0,1543,3.324012683928275
2019-09-24,138151.96080001196,139024.56880001206,872.608000000103,0.006316291096753135,1628,3.5291971638964528
2019-09-25,139024.56880001206,139177.26680001218,152.6980000001175,0.001098352624418375,1678,3.573241437463588
2019-09-26,139177.26680001218,138807.00680001234,-370.25999999983594,-0.0026603482631388786,1870,4.0
2019-09-27,138807.00680001234,137951.43080001246,-855.5759999998907,-0.00616378106353499,1864,4.0
2019-09-30,137951.43080001246,138027.85480001257,76.42400000010934,0.0005539920793637965,1864,4.0
2019-10-01,138027.85480001257,142011.63980001266,3983.7850000000994,0.028862181519608177,1835,3.9590298881657953
2019-10-02,142011.63980001266,144088.42380001282,2076.7840000001634,0.014624040697824414,1772,3.6382058678231712
2019-10-03,144088.42380001282,143191.64260001288,-896.7811999999429,-0.006223825456267207,1484,2.9653988953670494
2019-10-04,143191.64260001288,145068.58060001303,1876.9380000001413,0.01310787393677093,1334,2.712399303333539
2019-10-07,145068.58060001303,145068.58060001303,0.0,0.0,1154,2.3356540753916
2019-10-08,145068.58060001303,143602.80460001313,-1465.7759999998975,-0.01010402110462072,1170,2.348588226246013
2019-10-09,143602.80460001313,143602.80460001313,0.0,0.0,1070,2.167792951526461
2019-10-10,143602.80460001313,143568.5326000132,-34.271999999929406,-0.0002386582914964963,1008,2.0454156902165748
2019-10-11,143568.5326000132,141453.39160001322,-2115.140999999963,-0.014732622544055829,987,2.0368596476972836
2019-10-14,141453.39160001322,141453.39160001322,0.0,0.0,929,1.9448591717876569
2019-10-15,141453.39160001322,140923.45960001324,-529.9319999999659,-0.003746336471722511,948,1.991598945953268
2019-10-16,140923.45960001324,140923.45960001324,0.0,0.0,920,1.9496572351034358
2019-10-17,140923.45960001324,140923.45960001324,0.0,0.0,917,1.9511943255379802
2019-10-18,140923.45960001324,140923.45960001324,0.0,0.0,931,1.975152380929859
2019-10-21,140923.45960001324,140923.45960001324,0.0,0.0,927,1.9714984882705986
2019-10-22,140923.45960001324,140923.45960001324,0.0,0.0,976,2.0827054725528185
2019-10-23,140923.45960001324,140923.45960001324,0.0,0.0,1175,2.49276336296596
2019-10-24,140923.45960001324,140923.45960001324,0.0,0.0,1189,2.5402076068166237
2019-10-25,140923.45960001324,140333.4736000133,-589.9859999999348,-0.004186570509087106,1314,2.7965119646225753
2019-10-28,140333.4736000133,140333.4736000133,0.0,0.0,1327,2.8651046644404516
2019-10-29,140333.4736000133,140333.4736000133,0.0,0.0,1852,4.0
2019-10-30,140333.4736000133,140333.4736000133,0.0,0.0,1849,4.0
2019-10-31,140333.4736000133,138840.3151000134,-1493.1584999998995,-0.010640073688019669,1845,4.0
2019-11-01,138840.3151000134,139424.85610001345,584.5410000000571,0.00421016762731341,1821,4.0
2019-11-04,139424.85610001345,139424.85610001345,0.0,0.0,1811,4.0
2019-11-05,139424.85610001345,139424.85610001345,0.0,0.0,1813,4.0
2019-11-06,139424.85610001345,139424.85610001345,0.0,0.0,1816,4.0
2019-11-07,139424.85610001345,139424.85610001345,0.0,0.0,1807,4.0
2019-11-08,139424.85610001345,139424.85610001345,0.0,0.0,1811,4.0
2019-11-11,139424.85610001345,139424.85610001345,0.0,0.0,1814,4.0
2019-11-12,139424.85610001345,138668.1421000135,-756.7139999999598,-0.005427396672062046,1806,4.0
2019-11-13,138668.1421000135,138668.1421000135,0.0,0.0,1801,4.0
2019-11-14,138668.1421000135,138668.1421000135,0.0,0.0,1796,4.0
2019-11-15,138668.1421000135,138668.1421000135,0.0,0.0,1783,4.0
2019-11-18,138668.1421000135,138668.1421000135,0.0,0.0,1780,4.0
2019-11-19,138668.1421000135,138668.1421000135,0.0,0.0,1773,4.0
2019-11-20,138668.1421000135,136158.71310001353,-2509.4289999999764,-0.018096651199019154,1781,4.0
2019-11-21,136158.71310001353,135024.4153000137,-1134.2977999998147,-0.008330703002213613,1751,4.0
2019-11-22,135024.4153000137,135024.4153000137,0.0,0.0,1736,4.0
2019-11-25,135024.4153000137,135718.54630001384,694.1310000001251,0.005140781379855186,1731,4.0
2019-11-26,135718.54630001384,135718.54630001384,0.0,0.0,1732,4.0
2019-11-27,135718.54630001384,135960.90880001392,242.36250000006277,0.0017857728851908838,1725,4.0
2019-12-02,135960.90880001392,137018.44480001397,1057.5360000000574,0.007778235739477113,1728,4.0
2019-12-03,137018.44480001397,137018.44480001397,0.0,0.0,1775,4.0
2019-12-04,137018.44480001397,136576.3418000141,-442.10299999984863,-0.003226594789082049,1681,3.813911079088509
2019-12-05,136576.3418000141,136576.3418000141,0.0,0.0,1593,3.64191057962051
2019-12-06,136576.3418000141,136009.12180001414,-567.2199999999611,-0.004153135107620165,1580,3.6356651494016257
2019-12-09,136009.12180001414,136009.12180001414,0.0,0.0,1460,3.3758943821609564
2019-12-10,136009.12180001414,136009.12180001414,0.0,0.0,1510,3.4855436887572475
2019-12-11,136009.12180001414,136009.12180001414,0.0,0.0,1505,3.47709173130692
2019-12-12,136009.12180001414,133850.39380001454,-2158.727999999598,-0.015871935436608142,1496,3.4591527848059713
2019-12-13,133850.39380001454,133850.39380001454,0.0,0.0,1401,3.317563860726427
2019-12-16,133850.39380001454,133242.46180001472,-607.9319999998161,-0.004541876812914958,1404,3.3485058181800635
2019-12-17,133242.46180001472,133242.46180001472,0.0,0.0,1355,3.25408593877828
2019-12-18,133242.46180001472,133242.46180001472,0.0,0.0,1401,3.366172891500551
2019-12-19,133242.46180001472,133231.2618000149,-11.199999999800752,-8.405728810845225e-05,1400,3.362175092427557
2019-12-20,133231.2618000149,133231.2618000149,0.0,0.0,1400,3.3696530976987784
2019-12-23,133231.2618000149,133231.2618000149,0.0,0.0,1657,4.0
2019-12-26,133231.2618000149,133150.11780001505,-81.14399999986144,-0.0006090462471312064,1656,4.0
2019-12-27,133150.11780001505,133150.11780001505,0.0,0.0,1645,4.0
2019-12-30,133150.11780001505,132290.98880001524,-859.1289999998044,-0.006452333758278583,1649,4.0
2019-12-31,132290.98880001524,132290.98880001524,0.0,0.0,1650,4.0
2020-01-02,132290.98880001524,132290.98880001524,0.0,0.0,1635,4.0
2020-01-03,132290.98880001524,132290.98880001524,0.0,0.0,1647,4.0
2020-01-06,132290.98880001524,132290.98880001524,0.0,0.0,1651,4.0
2020-01-07,132290.98880001524,132290.98880001524,0.0,0.0,1638,4.0
2020-01-08,132290.98880001524,131637.42680001535,-653.5619999999002,-0.004940336495540709,1638,4.0
2020-01-09,131637.42680001535,131637.42680001535,0.0,0.0,1614,4.0
2020-01-10,131637.42680001535,131637.42680001535,0.0,0.0,1608,4.0
2020-01-13,131637.42680001535,131027.71280001548,-609.7139999998694,-0.004631767840054812,1613,4.0
2020-01-14,131027.71280001548,131027.71280001548,0.0,0.0,1600,4.0
2020-01-15,131027.71280001548,130485.99080001558,-541.721999999899,-0.004134407816663299,1598,3.992289623093933
2020-01-16,130485.99080001558,130485.99080001558,0.0,0.0,1579,3.991256623564924
2020-01-17,130485.99080001558,130485.99080001558,0.0,0.0,1499,3.811971979283904
2020-01-21,130485.99080001558,130485.99080001558,0.0,0.0,1507,3.8226973009093164
2020-01-22,130485.99080001558,130485.99080001558,0.0,0.0,1570,4.0
2020-01-23,130485.99080001558,130485.99080001558,0.0,0.0,1578,4.0
2020-01-24,130485.99080001558,134263.4108000157,3777.4200000001065,0.028948854791541745,1570,4.0
2020-01-27,134263.4108000157,134263.4108000157,0.0,0.0,1662,4.0
2020-01-28,134263.4108000157,134302.2848000157,38.87400000001369,0.00028953532290287853,1254,3.0377699040472614
2020-01-29,134302.2848000157,134302.2848000157,0.0,0.0,1155,2.824206117218398
2020-01-30,134302.2848000157,134302.2848000157,0.0,0.0,1185,2.8621892961721516
2020-01-31,134302.2848000157,137815.8618000158,3513.577000000076,0.026161706818554897,1207,2.939951162403689
2020-02-03,137815.8618000158,135700.4578000159,-2115.403999999906,-0.015349495858971274,1018,2.3890225559585656
2020-02-04,135700.4578000159,135190.28080001596,-510.17699999994454,-0.003759582010782858,983,2.3769252534940373
2020-02-05,135190.28080001596,135190.28080001596,0.0,0.0,862,2.120056415571462
2020-02-06,135190.28080001596,135190.28080001596,0.0,0.0,819,2.025259868421282
2020-02-07,135190.28080001596,135190.28080001596,0.0,0.0,838,2.0654825925725273
2020-02-10,135190.28080001596,135484.20080001603,293.9200000000827,0.002174120789310674,835,2.0460141306167707
2020-02-11,135484.20080001603,135484.20080001603,0.0,0.0,810,2.0110960932446575
2020-02-12,135484.20080001603,135484.20080001603,0.0,0.0,808,2.0106343580723687
2020-02-13,135484.20080001603,135484.20080001603,0.0,0.0,802,1.9894115749140764
2020-02-14,135484.20080001603,135484.20080001603,0.0,0.0,832,2.0741066898496534
2020-02-18,135484.20080001603,135484.20080001603,0.0,0.0,982,2.4414974203653963
2020-02-19,135484.20080001603,135484.20080001603,0.0,0.0,998,2.489131554594494
2020-02-20,135484.20080001603,134166.20080001611,-1317.9999999999168,-0.009728071555334838,1000,2.495253071129803
2020-02-21,134166.20080001611,134539.03280001623,372.8320000001256,0.002778881698795699,976,2.4404705849342765
2020-02-24,134539.03280001623,134539.03280001623,0.0,0.0,1207,2.900130839473302
2020-02-25,134539.03280001623,139616.28680001627,5077.254000000037,0.03773814850852286,714,1.719477357697607
2020-02-26,139616.28680001627,138996.8808000163,-619.4059999999466,-0.0044364881361382835,674,1.5176434179164182
2020-02-27,138996.8808000163,142421.31080001633,3424.430000000026,0.024636739905890215,730,1.6049139145150693
2020-02-28,142421.31080001633,140253.87980001638,-2167.430999999943,-0.015218445805792347,609,1.2346574298308648
2020-03-02,140253.87980001638,138195.4598000164,-2058.419999999984,-0.01467638544427452,580,1.233987384744464
2020-03-03,138195.4598000164,141151.16380001642,2955.704000000028,0.021387851701331284,424,0.9509763792020025
2020-03-04,141151.16380001642,142809.74680001644,1658.5830000000228,0.011750402585060549,423,0.9192897567827312
2020-03-05,142809.74680001644,142809.74680001644,0.0,0.0,370,0.790781470938083
2020-03-06,142809.74680001644,142809.74680001644,0.0,0.0,369,0.7589578447300052
2020-03-10,142809.74680001644,143331.03100001646,521.2842000000261,0.0036502004357588103,381,0.7597179017723734
2020-03-11,143331.03100001646,144912.21100001645,1581.1800000000023,0.011031665571426874,380,0.7445042369977765
2020-03-13,144912.21100001645,141392.92800001652,-3519.2829999999376,-0.024285620761107185,389,0.707311756953598
2020-03-17,141392.92800001652,141392.92800001652,0.0,0.0,410,0.7111772778765473
2020-03-19,141392.92800001652,141392.92800001652,0.0,0.0,385,0.6515313959566228
2020-03-20,141392.92800001652,142490.9920000165,1098.0639999999898,0.007766046120778025,367,0.6306778812325984
2020-03-23,142490.9920000165,140066.0560000165,-2424.9360000000015,-0.017018170524068732,382,0.6120956712175507
2020-03-24,140066.0560000165,139336.5430000165,-729.5129999999958,-0.005208349694660663,369,0.6192333776148601
2020-03-25,139336.5430000165,138293.4198000165,-1043.1232000000005,-0.007486357688663792,256,0.45048345053059885
2020-03-26,138293.4198000165,139772.1258000165,1478.7060000000001,0.010692526095155808,246,0.4453218432311633
2020-03-27,139772.1258000165,139772.1258000165,0.0,0.0,237,0.42951729073878114
2020-03-30,139772.1258000165,139587.49980001652,-184.62599999999586,-0.0013209071475678291,234,0.4288643418758963
2020-03-31,139587.49980001652,139587.49980001652,0.0,0.0,233,0.4357754803208181
2020-04-01,139587.49980001652,139587.49980001652,0.0,0.0,247,0.4396654367552167
2020-04-02,139587.49980001652,139181.0448000165,-406.45500000000374,-0.0029118295017988016,245,0.4309809412719025
2020-04-03,139181.0448000165,139004.2808000165,-176.76399999999768,-0.001270029264789474,236,0.4252256387382321
2020-04-06,139004.2808000165,138912.97240001653,-91.30839999997802,-0.000656874734177082,236,0.4380904399999795
2020-04-07,138912.97240001653,138912.97240001653,0.0,0.0,204,0.40296833975869917
2020-04-08,138912.97240001653,138928.80540001654,15.833000000019673,0.00011397783609745638,223,0.4310537861221314
2020-04-09,138928.80540001654,138928.80540001654,0.0,0.0,226,0.4532930669559262
2020-04-13,138928.80540001654,138896.94240001656,-31.86299999998944,-0.00022934768573179554,247,0.49369552237483044
2020-04-14,138896.94240001656,138896.94240001656,0.0,0.0,251,0.5090475856676915
2020-04-15,138896.94240001656,138896.94240001656,0.0,0.0,307,0.6142785127134899
2020-04-16,138896.94240001656,138896.94240001656,0.0,0.0,295,0.5930678549625047
2020-04-17,138896.94240001656,138896.94240001656,0.0,0.0,319,0.6564823454649591
2020-04-20,138896.94240001656,138896.94240001656,0.0,0.0,337,0.6867543792265014
2020-04-21,138896.94240001656,138340.00640001657,-556.9359999999884,-0.0040097066960339545,344,0.6866838095424374
2020-04-22,138340.00640001657,138340.00640001657,0.0,0.0,328,0.6615152066946354
2020-04-23,138340.00640001657,137978.0324000166,-361.97399999998936,-0.0026165532980627626,366,0.7425206511120005
2020-04-24,137978.0324000166,137978.0324000166,0.0,0.0,367,0.7481199267387258
2020-04-27,137978.0324000166,137978.0324000166,0.0,0.0,372,0.769494057358325
2020-04-28,137978.0324000166,137978.0324000166,0.0,0.0,471,0.9936208040326466
2020-04-29,137978.0324000166,137596.3784000166,-381.653999999979,-0.0027660490105665403,466,0.9860407549677488
2020-04-30,137596.3784000166,136565.86240001666,-1030.5159999999566,-0.0074894122358660775,482,1.0238265610989894
2020-05-01,136565.86240001666,136367.08840001666,-198.77399999999358,-0.0014555174807725502,486,1.017302242490241
2020-05-04,136367.08840001666,136367.08840001666,0.0,0.0,463,0.9537229125426739
2020-05-05,136367.08840001666,135656.12040001672,-710.967999999929,-0.005213633350551583,491,1.0324286736364674
2020-05-06,135656.12040001672,135656.12040001672,0.0,0.0,510,1.0845464665329372
2020-05-07,135656.12040001672,135656.12040001672,0.0,0.0,507,1.0769123501025795
2020-05-08,135656.12040001672,135656.12040001672,0.0,0.0,536,1.150343515548646
2020-05-11,135656.12040001672,135656.12040001672,0.0,0.0,548,1.173722484468348
2020-05-12,135656.12040001672,135656.12040001672,0.0,0.0,652,1.4138496565722392
2020-05-13,135656.12040001672,137140.26540001674,1484.1450000000318,0.010940494211566953,645,1.361051588393801
2020-05-14,137140.26540001674,135512.91640001678,-1627.3489999999658,-0.011866310709354622,631,1.2844688518153826
2020-05-15,135512.91640001678,135512.91640001678,0.0,0.0,622,1.296088381782422
2020-05-18,135512.91640001678,135485.15140001685,-27.764999999933494,-0.00020488821831543547,617,1.336323296947878
2020-05-19,135485.15140001685,135485.15140001685,0.0,0.0,542,1.1790749475242055
2020-05-20,135485.15140001685,135759.59740001688,274.44600000002976,0.0020256537130753927,579,1.2651938929118594
2020-05-21,135759.59740001688,135166.91240001688,-592.6849999999848,-0.0043656950326218524,565,1.2362469016323752
2020-05-22,135166.91240001688,135166.91240001688,0.0,0.0,640,1.3959636555779398
2020-05-26,135166.91240001688,135166.91240001688,0.0,0.0,624,1.3957655723509435
2020-05-27,135166.91240001688,135166.91240001688,0.0,0.0,618,1.3814946445625746
2020-05-28,135166.91240001688,135166.91240001688,0.0,0.0,613,1.383112504031782
2020-05-29,135166.91240001688,135166.91240001688,0.0,0.0,620,1.3891272553648166
2020-06-01,135166.91240001688,135166.91240001688,0.0,0.0,639,1.4365025077975861
2020-06-02,135166.91240001688,135166.91240001688,0.0,0.0,634,1.437898161420311
2020-06-03,135166.91240001688,134882.8429000169,-284.06949999997704,-0.0021016201003342116,715,1.6413371734730713
2020-06-04,134882.8429000169,134882.8429000169,0.0,0.0,829,1.9133321198501962
2020-06-05,134882.8429000169,133811.7369000169,-1071.1059999999877,-0.00794100996813929,794,1.8680081194655067
2020-06-08,133811.7369000169,134647.86690001693,836.1300000000285,0.006248555017448032,705,1.6894067339715686
2020-06-09,134647.86690001693,134647.86690001693,0.0,0.0,838,1.9940474910857895
2020-06-10,134647.86690001693,133813.55790001698,-834.3089999999418,-0.006196228868738496,861,2.056878840287099
2020-06-11,133813.55790001698,141233.535900017,7419.978000000024,0.05545012117190762,878,2.0447388369948545
2020-06-12,141233.535900017,141233.535900017,0.0,0.0,474,1.0350955204918584
2020-06-15,141233.535900017,140802.37090001703,-431.16499999997484,-0.0030528514155817588,485,1.0240985728335987
2020-06-16,140802.37090001703,140802.37090001703,0.0,0.0,459,1.030582254655254
2020-06-17,140802.37090001703,140802.37090001703,0.0,0.0,455,1.0162747322104475
2020-06-18,140802.37090001703,140802.37090001703,0.0,0.0,460,1.0134214714689844
2020-06-19,140802.37090001703,140108.20490001707,-694.1659999999703,-0.004930073233588406,454,1.013559315456516
2020-06-22,140108.20490001707,140108.20490001707,0.0,0.0,455,1.00133829902288
2020-06-23,140108.20490001707,140108.20490001707,0.0,0.0,448,1.0032729806067646
2020-06-24,140108.20490001707,142008.46490001708,1900.2600000000155,0.013562803130309664,460,1.0180018003298907
2020-06-25,142008.46490001708,142008.46490001708,0.0,0.0,450,0.9617081040834019
2020-06-26,142008.46490001708,143354.1369000171,1345.6720000000287,0.009475998497325167,472,1.0179518168006918
2020-06-29,143354.1369000171,143354.1369000171,0.0,0.0,477,1.0049018212524463
2020-06-30,143354.1369000171,143354.1369000171,0.0,0.0,458,0.9721255101748356
2020-07-01,143354.1369000171,143354.1369000171,0.0,0.0,439,0.9497000422582914
2020-07-02,143354.1369000171,143354.1369000171,0.0,0.0,662,1.4515551091550305
2020-07-06,143354.1369000171,143354.1369000171,0.0,0.0,670,1.4790943437600166
2020-07-07,143354.1369000171,143354.1369000171,0.0,0.0,654,1.440697159024826
2020-07-08,143354.1369000171,143354.1369000171,0.0,0.0,682,1.4970280444837933
2020-07-09,143354.1369000171,141728.85330001716,-1625.2835999999265,-0.011337542362893194,674,1.4897632313973888
2020-07-10,141728.85330001716,141902.67930001722,173.82600000005723,0.0012264686826477522,666,1.4773854078811266
2020-07-13,141902.67930001722,141902.67930001722,0.0,0.0,663,1.4960471653264942
2020-07-14,141902.67930001722,142875.70530001723,973.0260000000118,0.006856995264640453,666,1.4708122082074133
2020-07-15,142875.70530001723,142875.70530001723,0.0,0.0,635,1.4337058377971834
2020-07-16,142875.70530001723,142875.70530001723,0.0,0.0,764,1.712007736462569
2020-07-17,142875.70530001723,142875.70530001723,0.0,0.0,759,1.7116738990712739
2020-07-20,142875.70530001723,143941.64490001727,1065.939600000041,0.007460607790258811,1012,2.278221220697956
2020-07-21,143941.64490001727,143941.64490001727,0.0,0.0,1050,2.3827449041082542
2020-07-22,143941.64490001727,143941.64490001727,0.0,0.0,1108,2.5000449192953065
2020-07-23,143941.64490001727,146156.2689000173,2214.624000000037,0.015385568238700742,1104,2.5055196337388415
2020-07-24,146156.2689000173,146156.2689000173,0.0,0.0,1014,2.2279764478462614
2020-07-27,146156.2689000173,146168.11590001735,11.847000000031343,8.105707739525236e-05,1077,2.371238471074908
2020-07-28,146168.11590001735,146168.11590001735,0.0,0.0,1143,2.5226968375612366
2020-07-29,146168.11590001735,148254.19290001734,2086.0770000000043,0.014271764995773317,1127,2.4852784868623625
2020-07-30,148254.19290001734,147535.10090001734,-719.0919999999954,-0.004850399074277534,1108,2.407865852122979
2020-07-31,147535.10090001734,146366.51490001736,-1168.58599999997,-0.007920732035096578,1114,2.4617264979249978
2020-08-03,146366.51490001736,146366.51490001736,0.0,0.0,1155,2.5908541854228293
2020-08-04,146366.51490001736,146366.51490001736,0.0,0.0,1232,2.7601767572265494
2020-08-05,146366.51490001736,146366.51490001736,0.0,0.0,1266,2.867815221826302
2020-08-06,146366.51490001736,146751.4939000174,384.9790000000634,0.0026302395753772245,1279,2.8982134293804367
2020-08-07,146751.4939000174,146751.4939000174,0.0,0.0,1258,2.858865252851259
2020-08-10,146751.4939000174,146751.4939000174,0.0,0.0,1283,2.9313945127428616
2020-08-11,146751.4939000174,146751.4939000174,0.0,0.0,1276,2.930593321419357
2020-08-12,146751.4939000174,145636.96590001756,-1114.5279999998484,-0.00759466203975534,1201,2.7465189771960126
2020-08-13,145636.96590001756,145636.96590001756,0.0,0.0,1249,2.8873648702449417
2020-08-14,145636.96590001756,145636.96590001756,0.0,0.0,1326,3.0652287291699447
2020-08-17,145636.96590001756,145636.96590001756,0.0,0.0,1327,3.0802293821007556
2020-08-18,145636.96590001756,145636.96590001756,0.0,0.0,1448,3.365626890157238
2020-08-19,145636.96590001756,145636.96590001756,0.0,0.0,1584,3.6877782570299837
2020-08-20,145636.96590001756,145636.96590001756,0.0,0.0,1581,3.642254246724397
2020-08-21,145636.96590001756,145554.6397000176,-82.32619999995028,-0.0005652836798074601,1627,3.775644690079413
2020-08-24,145554.6397000176,145554.6397000176,0.0,0.0,1646,3.870903196761916
2020-08-25,145554.6397000176,145554.6397000176,0.0,0.0,1516,3.5792951864804117
2020-08-26,145554.6397000176,147943.05370001768,2388.4140000000834,0.01640905439306173,1533,3.6328176210530008
2020-08-27,147943.05370001768,147943.05370001768,0.0,0.0,1473,3.470848347605915
2020-08-28,147943.05370001768,147943.05370001768,0.0,0.0,1476,3.4869199013594083
2020-08-31,147943.05370001768,147943.05370001768,0.0,0.0,1452,3.4396111825911957
2020-09-01,147943.05370001768,150439.47370001778,2496.4200000000947,0.016874195425640393,1620,3.835602715498907
2020-09-02,150439.47370001778,153985.8097000179,3546.336000000119,0.02357317473119891,1696,4.0
2020-09-03,153985.8097000179,163638.4727000179,9652.66300000001,0.06268540600464734,1633,3.7740966106704197
2020-09-04,163638.4727000179,160535.504700018,-3102.967999999905,-0.0189623378219147,814,1.7221974164473104
2020-09-08,160535.504700018,160535.504700018,0.0,0.0,800,1.6798357748566157
2020-09-09,160535.504700018,160765.338700018,229.8340000000089,0.0014316708346198137,674,1.4192555481301652
2020-09-10,160765.338700018,162074.26170001802,1308.9230000000025,0.00814182342154246,623,1.3266819312375464
2020-09-11,162074.26170001802,161500.53270001806,-573.7289999999753,-0.0035399143206455985,611,1.2673937507932855
2020-09-14,161500.53270001806,161118.10070001808,-382.431999999974,-0.0023679921892909572,608,1.2708704184668849
2020-09-15,161118.10070001808,161118.10070001808,0.0,0.0,594,1.2577734551286668
2020-09-16,161118.10070001808,161118.10070001808,0.0,0.0,591,1.254467756793864
2020-09-17,161118.10070001808,161118.10070001808,0.0,0.0,617,1.2777498757289862
2020-09-18,161118.10070001808,162407.9217000181,1289.8210000000317,0.008005438212069782,611,1.2725249847365956
2020-09-21,162407.9217000181,161817.29070001814,-590.6309999999746,-0.0036367129990796387,629,1.262179332610757
2020-09-22,161817.29070001814,161817.29070001814,0.0,0.0,617,1.2533809005858616
2020-09-23,161817.29070001814,162709.11070001818,891.8200000000343,0.005511277541120796,610,1.2480490235925694
2020-09-24,162709.11070001818,161899.5737000182,-809.5369999999696,-0.004975363681339884,643,1.2700743423322673
2020-09-25,161899.5737000182,163176.29870001823,1276.725000000021,0.00788590711403403,725,1.4451321935146708
2020-09-28,163176.29870001823,163176.29870001823,0.0,0.0,660,1.3487983276523343
2020-09-29,163176.29870001823,162807.9267000183,-368.37199999995715,-0.0022575092273490194,703,1.4396510784207839
2020-09-30,162807.9267000183,162774.3107000183,-33.615999999982975,-0.00020647643318938425,764,1.5632088521440641
2020-10-01,162774.3107000183,162774.3107000183,0.0,0.0,793,1.645905411577957
2020-10-02,162774.3107000183,162774.3107000183,0.0,0.0,800,1.6313189396888232
2020-10-05,162774.3107000183,162816.27470001837,41.964000000070826,0.00025780480850823295,807,1.6681613537310982
2020-10-06,162816.27470001837,163685.15670001841,868.8820000000402,0.005336579537892794,742,1.5508988872668532
2020-10-07,163685.15670001841,163303.21870001845,-381.9379999999527,-0.0023333697917394813,722,1.4914824964014513
2020-10-08,163303.21870001845,163303.21870001845,0.0,0.0,680,1.4278329479809861
2020-10-09,163303.21870001845,163303.21870001845,0.0,0.0,711,1.5051985821221607
2020-10-12,163303.21870001845,163817.05170001846,513.8330000000198,0.0031464964627789804,733,1.570510220470959
2020-10-13,163817.05170001846,163817.05170001846,0.0,0.0,713,1.533632860028646
2020-10-14,163817.05170001846,163615.1867000185,-201.8649999999586,-0.0012322587783450967,859,1.8402091292797893
2020-10-15,163615.1867000185,163615.1867000185,0.0,0.0,840,1.7663298780127938
2020-10-16,163615.1867000185,163615.1867000185,0.0,0.0,852,1.8174289652691749
2020-10-19,163615.1867000185,166289.08670001855,2673.9000000000588,0.016342614973159808,900,1.9179020944991703
2020-10-20,166289.08670001855,166114.2587000186,-174.82799999995362,-0.0010513498117609155,857,1.7713088971586344
2020-10-21,166114.2587000186,165277.04270001868,-837.2159999999415,-0.0050400008196276325,864,1.7862372324504225
2020-10-22,165277.04270001868,165277.04270001868,0.0,0.0,863,1.7925184142328001
2020-10-23,165277.04270001868,165277.04270001868,0.0,0.0,886,1.856449324188099
2020-10-26,165277.04270001868,164655.72270001873,-621.3199999999537,-0.00375926377825897,980,2.0288911361832853
2020-10-27,164655.72270001873,164655.72270001873,0.0,0.0,930,1.919731278524628
2020-10-28,164655.72270001873,166863.66370001875,2207.9410000000235,0.013409439792278599,1061,2.140758134870906
2020-10-29,166863.66370001875,167562.7957000188,699.1320000000421,0.004189839684072272,812,1.5912518299195328
2020-10-30,167562.7957000188,163675.45770001886,-3887.337999999929,-0.02319929065255799,806,1.5803535105244102
2020-11-02,163675.45770001886,163675.45770001886,0.0,0.0,867,1.7506086360815298
2020-11-03,163675.45770001886,161781.05770001892,-1894.3999999999426,-0.011574123736204589,800,1.632912877591376
2020-11-04,161781.05770001892,160846.77070001897,-934.2869999999621,-0.005775008602875831,703,1.4811872527819798
2020-11-05,160846.77070001897,160846.77070001897,0.0,0.0,612,1.3290361033331408
2020-11-06,160846.77070001897,160846.77070001897,0.0,0.0,574,1.2503710990197525
2020-11-09,160846.77070001897,160846.77070001897,0.0,0.0,575,1.3031176440625059
2020-11-10,160846.77070001897,160846.77070001897,0.0,0.0,583,1.281661906562689
2020-11-11,160846.77070001897,160846.77070001897,0.0,0.0,578,1.2825909394963404
2020-11-12,160846.77070001897,160117.809700019,-728.9609999999726,-0.004532021356894345,579,1.2801429651714666
2020-11-13,160117.809700019,160117.809700019,0.0,0.0,565,1.2546452718722392
2020-11-16,160117.809700019,160117.809700019,0.0,0.0,586,1.322984851137367
2020-11-17,160117.809700019,160117.809700019,0.0,0.0,588,1.323531344171617
2020-11-18,160117.809700019,160117.809700019,0.0,0.0,835,1.882989158110497
2020-11-19,160117.809700019,160117.809700019,0.0,0.0,767,1.7038325522301188
2020-11-20,160117.809700019,160117.809700019,0.0,0.0,828,1.8490567849053092
2020-11-23,160117.809700019,160117.809700019,0.0,0.0,794,1.7738119863347774
2020-11-24,160117.809700019,160292.517700019,174.7080000000147,0.0010911215955760056,828,1.8640380471174156
2020-11-25,160292.517700019,160161.397700019,-131.1199999999964,-0.0008180044950406584,880,1.995361971841755
2020-11-30,160161.397700019,159925.2527000191,-236.14499999990403,-0.0014744189510771388,975,2.210847440828152
2020-12-01,159925.2527000191,159580.25370001912,-344.9989999999764,-0.002157251554556705,961,2.1986984154101656
2020-12-02,159580.25370001912,159580.25370001912,0.0,0.0,974,2.227001524295929
2020-12-03,159580.25370001912,159580.25370001912,0.0,0.0,975,2.242060125828807
2020-12-04,159580.25370001912,160696.7877000192,1116.534000000066,0.006996692724269948,982,2.2615013252734517
2020-12-07,160696.7877000192,160696.7877000192,0.0,0.0,1042,2.3938435852482653
2020-12-08,160696.7877000192,160543.33170001925,-153.45599999994278,-0.0009549413040316201,1104,2.5277288223696104
2020-12-09,160543.33170001925,161234.70030001935,691.3686000001005,0.004306429875841511,1174,2.712483785451922
2020-12-10,161234.70030001935,161234.70030001935,0.0,0.0,1146,2.597174547705705
2020-12-11,161234.70030001935,161234.70030001935,0.0,0.0,1315,2.976599976346221
2020-12-14,161234.70030001935,159110.5563000194,-2124.143999999933,-0.013174236042535648,1296,2.964526336081669
2020-12-15,159110.5563000194,158623.9772000195,-486.57909999991375,-0.0030581195321975896,1319,3.047131516477676
2020-12-16,158623.9772000195,158623.9772000195,0.0,0.0,1188,2.7715701329305844
2020-12-17,158623.9772000195,158623.9772000195,0.0,0.0,1406,3.2986863458368925
2020-12-18,158623.9772000195,158163.18830001954,-460.78889999995937,-0.0029049132932716937,1401,3.277962096201022
2020-12-21,158163.18830001954,156562.19630001957,-1600.9919999999797,-0.010122405960627523,1308,3.0189517550402787
2020-12-22,156562.19630001957,156562.19630001957,0.0,0.0,1389,3.2689188650934113
2020-12-23,156562.19630001957,156562.19630001957,0.0,0.0,1388,3.2651191621000146
2020-12-28,156562.19630001957,156562.19630001957,0.0,0.0,1374,3.2640005696253414
2020-12-29,156562.19630001957,156562.19630001957,0.0,0.0,1266,3.0241321541252213
2020-12-30,156562.19630001957,156562.19630001957,0.0,0.0,1272,3.0259363398167887
2020-12-31,156562.19630001957,156562.19630001957,0.0,0.0,1280,3.0396862966049767
2021-01-04,156562.19630001957,158109.42830001962,1547.2320000000395,0.00988253893063118,1362,3.2666219861197248
2021-01-05,158109.42830001962,159191.7503000197,1082.3220000000804,0.006845398226007937,1179,2.7468237326123397
2021-01-06,159191.7503000197,159655.3063000197,463.5560000000179,0.0029119348152550906,1156,2.685142527721011
2021-01-07,159655.3063000197,159696.74230001977,41.43600000007275,0.0002595341236089066,1151,2.712218775457561
2021-01-08,159696.74230001977,159696.74230001977,0.0,0.0,1114,2.656783336373745
2021-01-11,159696.74230001977,159696.74230001977,0.0,0.0,1112,2.6319784457829365
2021-01-12,159696.74230001977,159696.74230001977,0.0,0.0,1072,2.5434364702839862
2021-01-13,159696.74230001977,159696.74230001977,0.0,0.0,1142,2.708651427426197
2021-01-14,159696.74230001977,159696.74230001977,0.0,0.0,1159,2.764310987781079
2021-01-15,159696.74230001977,159696.74230001977,0.0,0.0,1159,2.734411532342693
2021-01-19,159696.74230001977,159696.74230001977,0.0,0.0,1090,2.5834168531928983
2021-01-20,159696.74230001977,159926.68630001988,229.9440000000957,0.0014398790901326564,1144,2.7316645694380273
2021-01-21,159926.68630001988,159926.68630001988,0.0,0.0,1042,2.5062313861110086
2021-01-22,159926.68630001988,159926.68630001988,0.0,0.0,1048,2.504937314327035
2021-01-25,159926.68630001988,158051.2973000199,-1875.3889999999537,-0.011726554481856555,1031,2.474026563173353
2021-01-26,158051.2973000199,158051.2973000199,0.0,0.0,1202,2.9318279910108194
2021-01-27,158051.2973000199,158710.91130002003,659.6140000001183,0.004173417183333861,1217,2.9288011180862
2021-01-28,158710.91130002003,159072.9713000201,362.06000000004656,0.0022812546222208407,860,2.0407081833877805
2021-01-29,159072.9713000201,159874.29130002012,801.3200000000393,0.005037436551610597,920,2.1736525981725796
2021-02-01,159874.29130002012,159639.70730002018,-234.58399999994217,-0.0014673028295695278,826,1.9309502397102354
2021-02-02,159639.70730002018,159647.86930002025,8.162000000063774,5.1127630701142124e-05,742,1.7647542769181297
2021-02-03,159647.86930002025,159647.86930002025,0.0,0.0,696,1.667343601207313
2021-02-04,159647.86930002025,160351.20930002033,703.3400000000863,0.004405570854680851,695,1.6690613345725924
2021-02-05,160351.20930002033,160351.20930002033,0.0,0.0,673,1.6317265091716855
2021-02-08,160351.20930002033,160351.20930002033,0.0,0.0,686,1.6667801085767817
2021-02-09,160351.20930002033,160351.20930002033,0.0,0.0,686,1.6691515599968376
2021-02-10,160351.20930002033,160351.20930002033,0.0,0.0,709,1.735063144858217
2021-02-11,160351.20930002033,160351.20930002033,0.0,0.0,710,1.733857510748884
2021-02-12,160351.20930002033,160351.20930002033,0.0,0.0,717,1.7455860965361831
2021-02-16,160351.20930002033,160351.20930002033,0.0,0.0,709,1.7425765407636373
2021-02-17,160351.20930002033,160351.20930002033,0.0,0.0,716,1.7442614038842785
2021-02-18,160351.20930002033,160351.20930002033,0.0,0.0,944,2.2956560210606414
2021-02-19,160351.20930002033,160351.20930002033,0.0,0.0,928,2.2706365826014903
2021-02-22,160351.20930002033,160351.20930002033,0.0,0.0,1314,3.1738121218161988
2021-02-23,160351.20930002033,160351.20930002033,0.0,0.0,1420,3.4085045103048346
2021-02-24,160351.20930002033,164270.46930002043,3919.260000000086,0.024441723995152875,1660,4.0
2021-02-25,164270.46930002043,173794.1303000205,9523.661000000095,0.05797549030316729,1561,3.7100053552390024
2021-02-26,173794.1303000205,173794.1303000205,0.0,0.0,1109,2.453663691664893
2021-03-01,173794.1303000205,175440.61830002058,1646.4880000000574,0.009473783706951178,1108,2.4603834122351524
2021-03-02,175440.61830002058,175353.64250002062,-86.97579999996755,-0.0004957563467499204,862,1.9170667619416664
2021-03-03,175353.64250002062,174379.79750002068,-973.8449999999557,-0.0055536057655593,855,1.882552268489918
2021-03-04,174379.79750002068,174413.45850002067,33.66100000000149,0.00019303268201120716,821,1.795280844871442
2021-03-05,174413.45850002067,172190.09850002071,-2223.359999999953,-0.012747640114020742,800,1.74548791252037
2021-03-08,172190.09850002071,171226.56750002073,-963.5309999999826,-0.00559573987350892,709,1.585592001637813
2021-03-09,171226.56750002073,171690.58950002078,464.0220000000444,0.002709988331688118,702,1.5822040737842673
2021-03-10,171690.58950002078,171690.58950002078,0.0,0.0,660,1.499258483130448
2021-03-11,171690.58950002078,171544.76550002082,-145.82399999995292,-0.0008493418330300928,651,1.4892217865931343
2021-03-12,171544.76550002082,171544.76550002082,0.0,0.0,638,1.4602668933289589
2021-03-15,171544.76550002082,171544.76550002082,0.0,0.0,644,1.482341782933966
2021-03-16,171544.76550002082,171544.76550002082,0.0,0.0,637,1.4761344242865118
2021-03-17,171544.76550002082,171544.76550002082,0.0,0.0,653,1.5039589764183106
2021-03-18,171544.76550002082,171544.76550002082,0.0,0.0,774,1.7811628520529674
2021-03-19,171544.76550002082,171544.76550002082,0.0,0.0,733,1.668067164393307
2021-03-22,171544.76550002082,172470.1015000209,925.3360000000678,0.005394137193885706,856,1.9478814162221798
2021-03-23,172470.1015000209,172470.1015000209,0.0,0.0,862,1.9590789330178313
2021-03-24,172470.1015000209,172470.1015000209,0.0,0.0,908,2.059741304509922
2021-03-25,172470.1015000209,172470.1015000209,0.0,0.0,983,2.2003567974199814
2021-03-26,172470.1015000209,171523.46650002096,-946.6349999999194,-0.005488690455718204,1115,2.527952078579401
2021-03-29,171523.46650002096,170729.732500021,-793.7339999999822,-0.0046275533966069204,1006,2.3138128401407574
2021-03-30,170729.732500021,170729.732500021,0.0,0.0,1080,2.495035565879565
2021-03-31,170729.732500021,170914.92550002105,185.19300000005862,0.0010847144038022005,1083,2.5098217131890754
2021-04-01,170914.92550002105,170516.22280002115,-398.70269999991916,-0.002332755309891632,1133,2.6423335419124916
2021-04-05,170516.22280002115,171555.88670002116,1039.6639000000232,0.00609715534937294,1049,2.4825265657876705
2021-04-06,171555.88670002116,171555.88670002116,0.0,0.0,969,2.2919740526413968
2021-04-07,171555.88670002116,171555.88670002116,0.0,0.0,970,2.296648844739163
2021-04-08,171555.88670002116,171555.88670002116,0.0,0.0,966,2.2988664952662456
2021-04-09,171555.88670002116,171499.78170002118,-56.10499999996928,-0.00032703628583774513,1145,2.726111496732713
2021-04-12,171499.78170002118,171499.78170002118,0.0,0.0,1187,2.843708855513543
2021-04-13,171499.78170002118,171238.83360002123,-260.9480999999571,-0.001521565202085129,1191,2.858138389795768
2021-04-14,171238.83360002123,171238.83360002123,0.0,0.0,1331,3.210081021324387
2021-04-15,171238.83360002123,171288.29760002124,49.464000000008745,0.0002888597110837221,1374,3.321681023586521
2021-04-16,171288.29760002124,171288.29760002124,0.0,0.0,1315,3.203588423914292
2021-04-19,171288.29760002124,170443.46560002136,-844.8319999998771,-0.004932222526799035,1553,3.774116512844039
2021-04-20,170443.46560002136,169461.6316000214,-981.8339999999546,-0.005760467240815248,1446,3.512689847127995
2021-04-21,169461.6316000214,172251.7596000214,2790.1280000000056,0.016464659130542847,1328,3.226842134699244
2021-04-22,172251.7596000214,173220.54960002145,968.7900000000493,0.005624267654795734,1290,3.116085283548808
2021-04-23,173220.54960002145,176111.8016000215,2891.2520000000577,0.016691160527294135,1222,2.9150030046054107
2021-04-26,176111.8016000215,176111.8016000215,0.0,0.0,1317,3.123574194997791
2021-04-27,176111.8016000215,176111.8016000215,0.0,0.0,1324,3.1424776594613077
2021-04-28,176111.8016000215,176111.8016000215,0.0,0.0,1318,3.1277243434286786
2021-04-29,176111.8016000215,176111.8016000215,0.0,0.0,1316,3.1411801809677495
2021-04-30,176111.8016000215,176111.8016000215,0.0,0.0,1336,3.1689073277038298
2021-05-03,176111.8016000215,176111.8016000215,0.0,0.0,1261,3.0035454533753447
2021-05-04,176111.8016000215,176823.84020002175,712.0386000002289,0.004043105535978642,1274,3.0103013339723725
2021-05-06,176823.84020002175,176823.84020002175,0.0,0.0,1247,2.93348173299202
2021-05-07,176823.84020002175,176481.33620002188,-342.50399999987917,-0.0019369786314584747,1278,3.0359990859098933
2021-05-10,176481.33620002188,178150.57220002194,1669.2360000000695,0.009458427933184854,1231,2.948936060888278
2021-05-11,178150.57220002194,178150.57220002194,0.0,0.0,1197,2.776474717287212
2021-05-12,178150.57220002194,182969.77020002203,4819.198000000082,0.027051263100009937,1178,2.7211111033297635
2021-05-13,182969.77020002203,180555.1382000222,-2414.631999999832,-0.013196890378996295,1012,2.2520334275389775
2021-05-14,180555.1382000222,181539.92520002223,984.7870000000464,0.005454217530542316,937,2.1465226471246983
2021-05-17,181539.92520002223,181539.92520002223,0.0,0.0,890,2.0380223784795763
2021-05-18,181539.92520002223,181539.92520002223,0.0,0.0,889,2.038333614238376
2021-05-19,181539.92520002223,181539.92520002223,0.0,0.0,887,1.9886733246544295
2021-05-20,181539.92520002223,182923.30020002226,1383.3750000000196,0.007620224578564816,875,1.9869106723464038
2021-05-21,182923.30020002226,182923.30020002226,0.0,0.0,846,1.9291398655038074
2021-05-24,182923.30020002226,182103.25220002234,-820.047999999917,-0.004483015554077707,856,1.9535663159423882
2021-05-25,182103.25220002234,182103.25220002234,0.0,0.0,817,1.8868109851566588
2021-05-26,182103.25220002234,182103.25220002234,0.0,0.0,830,1.9096322967857013
2021-05-27,182103.25220002234,182103.25220002234,0.0,0.0,845,1.9518476617673748
2021-05-28,182103.25220002234,182103.25220002234,0.0,0.0,861,1.9917255175324635
2021-06-01,182103.25220002234,182103.25220002234,0.0,0.0,889,2.0638797926266257
2021-06-02,182103.25220002234,182103.25220002234,0.0,0.0,928,2.143525053600475
2021-06-03,182103.25220002234,182103.25220002234,0.0,0.0,1284,2.9481952148641892
2021-06-04,182103.25220002234,182103.25220002234,0.0,0.0,1349,3.1186697497746074
2021-06-07,182103.25220002234,182103.25220002234,0.0,0.0,1563,3.6272393482424077
2021-06-08,182103.25220002234,182103.25220002234,0.0,0.0,1578,3.667804695080796
2021-06-09,182103.25220002234,182103.25220002234,0.0,0.0,1721,4.0
2021-06-10,182103.25220002234,182103.25220002234,0.0,0.0,1722,4.0
2021-06-11,182103.25220002234,182103.25220002234,0.0,0.0,1717,4.0
2021-06-14,182103.25220002234,181710.28820002248,-392.9639999998681,-0.0021579186272204787,1716,4.0
2021-06-15,181710.28820002248,180338.7642000227,-1371.523999999784,-0.007547861013186163,1708,4.0
2021-06-16,180338.7642000227,181316.81220002274,978.0480000000456,0.005423393047737868,1698,4.0
2021-06-17,181316.81220002274,181316.81220002274,0.0,0.0,1719,4.0
2021-06-18,181316.81220002274,179389.3702000228,-1927.4419999999573,-0.010630244248247989,1738,4.0
2021-06-21,179389.3702000228,182012.36820002284,2622.9980000000573,0.01462181397412432,1498,3.480603149131425
2021-06-22,182012.36820002284,182737.25020002294,724.8820000000923,0.003982597485921779,1237,2.860249769215987
2021-06-23,182737.25020002294,182737.25020002294,0.0,0.0,1214,2.8123438987527183
2021-06-24,182737.25020002294,182737.25020002294,0.0,0.0,1223,2.8457363969689022
2021-06-25,182737.25020002294,182737.25020002294,0.0,0.0,1263,2.943763516549603
2021-06-28,182737.25020002294,182737.25020002294,0.0,0.0,1252,2.9288277883509912
2021-06-29,182737.25020002294,182737.25020002294,0.0,0.0,1249,2.9257563069288284
2021-06-30,182737.25020002294,182737.25020002294,0.0,0.0,1257,2.9403520621182566
2021-07-01,182737.25020002294,182839.95820002304,102.70800000010033,0.0005620528922685164,1268,2.9756467465728695
2021-07-02,182839.95820002304,183559.23620002306,719.2780000000275,0.003933921266888296,1238,2.9229060770005613
2021-07-06,183559.23620002306,184262.46220002312,703.2260000000671,0.003831057562441398,1198,2.8322283693761086
2021-07-07,184262.46220002312,184262.46220002312,0.0,0.0,1202,2.8307414239644375
2021-07-08,184262.46220002312,184262.46220002312,0.0,0.0,1267,2.948848075460475
2021-07-09,184262.46220002312,185818.40120002322,1555.9390000000926,0.008444145277463289,1169,2.745743400966887
2021-07-12,185818.40120002322,185446.99520002326,-371.40599999995476,-0.0019987579141861334,1554,3.64220406204446
2021-07-13,185446.99520002326,185446.99520002326,0.0,0.0,1700,4.0
2021-07-14,185446.99520002326,185446.99520002326,0.0,0.0,1695,4.0
2021-07-15,185446.99520002326,185446.99520002326,0.0,0.0,1706,4.0
2021-07-16,185446.99520002326,188716.3172000235,3269.322000000254,0.017629414790323095,1701,4.0
2021-07-19,188716.3172000235,184611.1172000237,-4105.199999999795,-0.02175328588915093,1650,3.7275844869939263
2021-07-20,184611.1172000237,187166.39420002376,2555.2770000000487,0.013841403696351895,1277,2.9449225716718646
2021-07-21,187166.39420002376,187166.39420002376,0.0,0.0,1103,2.5481877144321223
2021-07-22,187166.39420002376,187166.39420002376,0.0,0.0,1061,2.4665202422950654
2021-07-23,187166.39420002376,187290.1662000238,123.77200000005047,0.0006612939279462271,1067,2.495960278484673
2021-07-26,187290.1662000238,187290.1662000238,0.0,0.0,1039,2.439171560077007
2021-07-27,187290.1662000238,186988.7392000239,-301.4269999999222,-0.0016094117812783804,1043,2.4507621681632576
2021-07-28,186988.7392000239,186988.7392000239,0.0,0.0,1027,2.41574153314271
2021-07-29,186988.7392000239,187199.63520002394,210.89600000003375,0.0011278540135748472,1076,2.5317567242704824
2021-07-30,187199.63520002394,187199.63520002394,0.0,0.0,1139,2.6644474479967943
2021-08-02,187199.63520002394,187199.63520002394,0.0,0.0,1116,2.626040432023278
2021-08-03,187199.63520002394,187933.31220002403,733.6770000000814,0.003919222381048693,1127,2.6400737342833676
2021-08-04,187933.31220002403,187933.31220002403,0.0,0.0,1088,2.5468429645451542
2021-08-05,187933.31220002403,187933.31220002403,0.0,0.0,1078,2.525912983371519
2021-08-06,187933.31220002403,187933.31220002403,0.0,0.0,1110,2.613288478152092
2021-08-09,187933.31220002403,187933.31220002403,0.0,0.0,1421,3.3466182645736176
2021-08-10,187933.31220002403,187933.31220002403,0.0,0.0,1677,3.9515732446771836
2021-08-11,187933.31220002403,187933.31220002403,0.0,0.0,1693,4.0
2021-08-12,187933.31220002403,187985.82620002414,52.51400000011478,0.0002794289069103506,1694,4.0
2021-08-13,187985.82620002414,187985.82620002414,0.0,0.0,1687,4.0
2021-08-16,187985.82620002414,186871.45720002425,-1114.3689999998815,-0.005927941603502407,1691,4.0
2021-08-17,186871.45720002425,186839.49920002435,-31.957999999905155,-0.00017101595117163804,1682,4.0
2021-08-18,186839.49920002435,186839.49920002435,0.0,0.0,1687,4.0
2021-08-19,186839.49920002435,185542.6792000244,-1296.8199999999392,-0.006940823570778298,1652,3.8590431326748678
2021-08-20,185542.6792000244,186837.57940002444,1294.90020000004,0.006978988368514738,1683,3.993681343677248
2021-08-23,186837.57940002444,187418.5654000245,580.986000000067,0.003109577858296575,1566,3.7332535114324483
2021-08-24,187418.5654000245,187418.5654000245,0.0,0.0,1538,3.678103033910277
2021-08-25,187418.5654000245,187418.5654000245,0.0,0.0,1615,3.863505232653229
2021-08-26,187418.5654000245,187689.26740002475,270.70200000026466,0.0014443713162699545,1671,4.0
2021-08-27,187689.26740002475,188526.12340002487,836.8560000001067,0.004458731240164715,1576,3.756495229121513
2021-08-30,188526.12340002487,187680.78340002496,-845.339999999921,-0.004483940924230545,1460,3.4938115355256265
2021-08-31,187680.78340002496,187680.78340002496,0.0,0.0,1434,3.4550924161143044
2021-09-01,187680.78340002496,187680.78340002496,0.0,0.0,1422,3.4294703705390415
2021-09-02,187680.78340002496,187680.78340002496,0.0,0.0,1424,3.4403097308478063
2021-09-03,187680.78340002496,187680.78340002496,0.0,0.0,1423,3.4280286751445765
2021-09-07,187680.78340002496,186148.94540002508,-1531.8379999998688,-0.008161933109235298,1421,3.428591763019083
2021-09-08,186148.94540002508,186148.94540002508,0.0,0.0,1482,3.591933864036914
2021-09-09,186148.94540002508,185539.35740002515,-609.5879999999444,-0.0032747324927893118,1652,4.0
2021-09-10,185539.35740002515,185539.35740002515,0.0,0.0,1645,4.0
2021-09-13,185539.35740002515,185539.35740002515,0.0,0.0,1654,4.0
2021-09-14,185539.35740002515,186733.33340002527,1193.9760000001083,0.0064351629580450265,1656,4.0
2021-09-15,186733.33340002527,188262.90240002537,1529.5690000001061,0.00819119421342629,1679,4.0
2021-09-16,188262.90240002537,187555.4184000255,-707.4839999998851,-0.0037579575741194526,1653,3.928380415104182
2021-09-17,187555.4184000255,190558.18440002552,3002.7660000000183,0.016010020001638203,1686,4.0
2021-09-20,190558.18440002552,187952.8344000256,-2605.349999999911,-0.013672202053157112,1650,3.767261599570272
2021-09-21,187952.8344000256,187952.8344000256,0.0,0.0,1345,3.1240051736568613
2021-09-22,187952.8344000256,187496.68080002567,-456.1535999999329,-0.00242695781341129,1344,3.11908939104651
2021-09-23,187496.68080002567,187260.86580002573,-235.81499999994125,-0.0012577022643480706,1185,2.781331782452634
2021-09-24,187260.86580002573,187260.86580002573,0.0,0.0,1055,2.4871374634741734
2021-09-27,187260.86580002573,187260.86580002573,0.0,0.0,1045,2.472291738234019
2021-09-28,187260.86580002573,188332.78380002585,1071.918000000126,0.0057241965395204986,1054,2.4752787328217885
2021-09-29,188332.78380002585,188332.78380002585,0.0,0.0,909,2.1025582551208983
2021-09-30,188332.78380002585,187403.5968000259,-929.1869999999409,-0.004933750679258053,903,2.090944086696
2021-10-01,187403.5968000259,186896.18080002593,-507.41599999995617,-0.002707610785834702,884,2.035253880972087
2021-10-04,186896.18080002593,186337.36380002595,-558.8169999999741,-0.002989986192376559,823,1.9070616048688556
2021-10-05,186337.36380002595,185197.02180002598,-1140.3419999999749,-0.006119771025760445,798,1.843951556424932
2021-10-06,185197.02180002598,185197.02180002598,0.0,0.0,784,1.8180494168352126
2021-10-07,185197.02180002598,185031.019800026,-166.00199999999174,-0.0008963535071272455,758,1.7948030089147413
2021-10-08,185031.019800026,185031.019800026,0.0,0.0,765,1.8180876424682821
2021-10-11,185031.019800026,184590.907800026,-440.11200000000036,-0.0023785849555152394,848,2.0041887057499306
2021-10-12,184590.907800026,184590.907800026,0.0,0.0,830,1.9613140978902055
2021-10-13,184590.907800026,184590.907800026,0.0,0.0,862,2.030966615337923
2021-10-14,184590.907800026,185236.49580002608,645.5880000000677,0.003497398694736642,908,2.1618153762326258
2021-10-15,185236.49580002608,185236.49580002608,0.0,0.0,798,1.9169272211762207
2021-10-18,185236.49580002608,185236.49580002608,0.0,0.0,787,1.8865378455594917
2021-10-19,185236.49580002608,185236.49580002608,0.0,0.0,941,2.2813869449732707
2021-10-20,185236.49580002608,185236.49580002608,0.0,0.0,924,2.250955052768606
2021-10-21,185236.49580002608,185236.49580002608,0.0,0.0,1051,2.5646343092703665
2021-10-22,185236.49580002608,185236.49580002608,0.0,0.0,1096,2.6812474023632693
2021-10-25,185236.49580002608,185236.49580002608,0.0,0.0,1340,3.2877286985394067
2021-10-26,185236.49580002608,185236.49580002608,0.0,0.0,1388,3.427826998044529
2021-10-27,185236.49580002608,185236.49580002608,0.0,0.0,1382,3.407308953700769
2021-10-28,185236.49580002608,186358.86380002624,1122.3680000001584,0.006059108358494436,1349,3.3185167140605216
2021-10-29,186358.86380002624,186358.86380002624,0.0,0.0,1324,3.240243554390434
2021-11-01,186358.86380002624,186358.86380002624,0.0,0.0,1498,3.700720286611897
2021-11-02,186358.86380002624,185054.68480002644,-1304.178999999794,-0.006998212874914644,1577,3.895392927859919
2021-11-03,185054.68480002644,185822.11780002652,767.4330000000739,0.004147060642260225,1563,3.8981033742544398
2021-11-04,185822.11780002652,183659.77980002656,-2162.337999999968,-0.011636601851276795,1597,4.0
2021-11-05,183659.77980002656,183659.77980002656,0.0,0.0,1565,4.0
2021-11-08,183659.77980002656,183659.77980002656,0.0,0.0,1564,4.0
2021-11-09,183659.77980002656,183348.34480002665,-311.4349999999224,-0.0016957169410690698,1565,4.0
2021-11-10,183348.34480002665,181995.41980002678,-1352.924999999872,-0.007378986712290647,1575,4.0
2021-11-11,181995.41980002678,181995.41980002678,0.0,0.0,1564,4.0
2021-11-12,181995.41980002678,182184.78480002686,189.36500000006689,0.0010404932179510773,1565,4.0
2021-11-15,182184.78480002686,182184.78480002686,0.0,0.0,1555,4.0
2021-11-16,182184.78480002686,181469.20380002694,-715.5809999999085,-0.003927775861114702,1559,4.0
2021-11-17,181469.20380002694,181469.20380002694,0.0,0.0,1547,4.0
2021-11-18,181469.20380002694,181469.20380002694,0.0,0.0,1546,4.0
2021-11-19,181469.20380002694,181469.20380002694,0.0,0.0,1545,4.0
2021-11-22,181469.20380002694,179868.10480002698,-1601.0989999999726,-0.008822979141762888,1541,4.0
2021-11-23,179868.10480002698,176154.49780002725,-3713.606999999739,-0.020646278583567823,1539,4.0
2021-11-24,176154.49780002725,176154.49780002725,0.0,0.0,1511,4.0
2021-11-29,176154.49780002725,175457.73580002735,-696.7619999999109,-0.003955402835020827,1518,4.0
2021-11-30,175457.73580002735,179697.26480002745,4239.52900000009,0.024162679295212097,1519,4.0
2021-12-01,179697.26480002745,177870.36180002752,-1826.9029999999373,-0.010166559864074554,1157,2.974840822674711
2021-12-02,177870.36180002752,180466.60680002757,2596.2450000000467,0.014596276601263725,1095,2.7761945900959257
2021-12-03,180466.60680002757,182466.67880002758,2000.0720000000188,0.011082781659524699,932,2.3722219072474418
2021-12-06,182466.67880002758,180973.2648000277,-1493.4139999998813,-0.008184584768140435,923,2.309146806253252
2021-12-07,180973.2648000277,180746.75280002775,-226.51199999995552,-0.0012516323902884707,858,2.202928139434351
2021-12-08,180746.75280002775,180746.75280002775,0.0,0.0,713,1.8504022445905295
2021-12-09,180746.75280002775,180746.75280002775,0.0,0.0,716,1.8549643089110555
2021-12-10,180746.75280002775,180746.75280002775,0.0,0.0,705,1.830643118623316
2021-12-13,180746.75280002775,180552.33180002778,-194.4209999999647,-0.0010756541790549745,687,1.7871521813695792
2021-12-14,180552.33180002778,180552.33180002778,0.0,0.0,681,1.748702947703874
2021-12-15,180552.33180002778,180552.33180002778,0.0,0.0,674,1.7308172277761527
2021-12-16,180552.33180002778,179760.63080002778,-791.7009999999947,-0.004384883829010033,619,1.6221277748748701
2021-12-17,179760.63080002778,179760.63080002778,0.0,0.0,620,1.5931593269826734
2021-12-20,179760.63080002778,179169.8868000278,-590.7439999999639,-0.0032862813029240767,616,1.5592790990410217
2021-12-21,179169.8868000278,179978.03280002784,808.1460000000246,0.0045105012590760385,646,1.6538157507202316
2021-12-22,179978.03280002784,180465.21880002785,487.18600000003056,0.002706919241312722,623,1.603980511399743
2021-12-23,180465.21880002785,180409.3388000279,-55.87999999993559,-0.0003096441539899297,635,1.650029419229304
2021-12-27,180409.3388000279,182092.18580002792,1682.8470000000027,0.00932793729633552,647,1.6952855502840876
2021-12-28,182092.18580002792,182092.18580002792,0.0,0.0,637,1.6726391474033666
2021-12-29,182092.18580002792,182092.18580002792,0.0,0.0,704,1.8464314008740266
2021-12-30,182092.18580002792,182092.18580002792,0.0,0.0,703,1.84773501669923
2021-12-31,182092.18580002792,182092.18580002792,0.0,0.0,719,1.8790175637501696
2022-01-03,182092.18580002792,182092.18580002792,0.0,0.0,731,1.9147618155083932
2022-01-04,182092.18580002792,182092.18580002792,0.0,0.0,747,1.9673383832308893
2022-01-05,182092.18580002792,184644.96680002793,2552.7810000000313,0.014019168306340424,771,2.022587145506791
2022-01-06,184644.96680002793,184644.96680002793,0.0,0.0,744,1.8858892003296714
2022-01-07,184644.96680002793,183706.01080002796,-938.9559999999847,-0.005085196830828753,764,1.9374765615284362
2022-01-10,183706.01080002796,181177.0634000281,-2528.9473999998727,-0.01376627465256286,829,2.089308608492747
2022-01-11,181177.0634000281,180478.1434000282,-698.9199999998866,-0.0038576627023516608,865,2.2222237111468526
2022-01-12,180478.1434000282,180478.1434000282,0.0,0.0,950,2.482739314456061
2022-01-13,180478.1434000282,183533.02140002826,3054.8780000000406,0.016926581482107572,998,2.611815215323383
2022-01-14,183533.02140002826,183533.02140002826,0.0,0.0,951,2.391075463206277
2022-01-18,183533.02140002826,182476.78440002832,-1056.2369999999448,-0.005755024310844625,1113,2.7879435844798586
2022-01-19,182476.78440002832,182476.78440002832,0.0,0.0,960,2.410664436457413
2022-01-20,182476.78440002832,180796.13640002834,-1680.6479999999726,-0.009210201755395109,956,2.378138794216744
2022-01-21,180796.13640002834,182239.37460002847,1443.2382000001298,0.00798268275383296,942,2.321883017888202
2022-01-24,182239.37460002847,179893.3036000285,-2346.070999999954,-0.012873568103210609,889,2.1087188516115805
2022-01-25,179893.3036000285,179893.3036000285,0.0,0.0,891,2.145069644466533
2022-01-26,179893.3036000285,179893.3036000285,0.0,0.0,874,2.1417355554579767
2022-01-27,179893.3036000285,179893.3036000285,0.0,0.0,946,2.306307927354066
2022-01-28,179893.3036000285,178617.1306000286,-1276.1729999998815,-0.00709405505630889,969,2.3320559505558816
2022-01-31,178617.1306000286,181771.05460002864,3153.9240000000354,0.017657455303447422,684,1.6902800003437985
2022-02-01,181771.05460002864,181771.05460002864,0.0,0.0,612,1.5188566766938763
2022-02-02,181771.05460002864,181771.05460002864,0.0,0.0,611,1.5328446735519103
2022-02-03,181771.05460002864,181771.05460002864,0.0,0.0,602,1.494840718559498
2022-02-04,181771.05460002864,180667.6666000287,-1103.3879999999494,-0.006070207395934668,572,1.405426803169324
2022-02-07,180667.6666000287,180667.6666000287,0.0,0.0,560,1.3939034763533371
2022-02-08,180667.6666000287,179976.78760002874,-690.8789999999533,-0.0038240323407146004,591,1.462399950148646
2022-02-09,179976.78760002874,179976.78760002874,0.0,0.0,579,1.4664297858654516
2022-02-10,179976.78760002874,179976.78760002874,0.0,0.0,579,1.4520774370098848
2022-02-11,179976.78760002874,183021.77760002878,3044.990000000037,0.016918792921046366,590,1.4753629333852913
2022-02-14,183021.77760002878,183021.77760002878,0.0,0.0,565,1.3600672175692716
2022-02-15,183021.77760002878,183021.77760002878,0.0,0.0,576,1.3978300181380026
2022-02-16,183021.77760002878,183021.77760002878,0.0,0.0,556,1.3493865294129084
2022-02-17,183021.77760002878,183956.3836000288,934.6060000000145,0.005106528918337183,562,1.3622855121322446
2022-02-18,183956.3836000288,183273.74260002884,-682.6409999999818,-0.003710885083956783,579,1.3788458024224617
2022-02-22,183273.74260002884,181922.20860002888,-1351.5339999999562,-0.007374400614219456,626,1.4771902611374685
2022-02-23,181922.20860002888,183465.88260002894,1543.674000000071,0.00848535212868895,627,1.4913050045793268
2022-02-24,183465.88260002894,183465.88260002894,0.0,0.0,669,1.5002425633401857
2022-02-25,183465.88260002894,186290.90160002897,2825.019000000035,0.015398061808357122,639,1.4966836852850982
2022-02-28,186290.90160002897,186290.90160002897,0.0,0.0,581,1.3490575257522375
2022-03-01,186290.90160002897,186533.81860002902,242.91700000003124,0.0013039659903606449,577,1.34963701408218
2022-03-02,186533.81860002902,186955.60560002906,421.78700000003255,0.0022611824663518743,577,1.3376799231275431
2022-03-03,186955.60560002906,186955.60560002906,0.0,0.0,554,1.3070009148773052
2022-03-04,186955.60560002906,186955.60560002906,0.0,0.0,588,1.358277523195268
2022-03-07,186955.60560002906,191054.4256000291,4098.820000000032,0.02192402836408669,620,1.4329988944607852
2022-03-08,191054.4256000291,187806.0886000291,-3248.3369999999873,-0.017002155222514248,573,1.259115878100992
2022-03-09,187806.0886000291,187806.0886000291,0.0,0.0,592,1.340261472947221
2022-03-10,187806.0886000291,187806.0886000291,0.0,0.0,519,1.169069248544032
2022-03-11,187806.0886000291,187806.0886000291,0.0,0.0,538,1.2271558318180977
2022-03-14,187806.0886000291,187806.0886000291,0.0,0.0,540,1.2108194957491736
2022-03-15,187806.0886000291,187806.0886000291,0.0,0.0,545,1.2188991817412471
2022-03-16,187806.0886000291,187496.40560002913,-309.68299999996265,-0.0016489507997767827,517,1.1854055821496678
2022-03-17,187496.40560002913,187496.40560002913,0.0,0.0,495,1.1469381732690695
2022-03-18,187496.40560002913,187496.40560002913,0.0,0.0,511,1.1941358601728769
2022-03-21,187496.40560002913,187496.40560002913,0.0,0.0,501,1.188356328859983
2022-03-22,187496.40560002913,187416.32560002917,-80.07999999996595,-0.00042710152092617637,520,1.2383635504155381
2022-03-23,187416.32560002917,187416.32560002917,0.0,0.0,532,1.269998876398104
2022-03-24,187416.32560002917,187416.32560002917,0.0,0.0,520,1.2382954037413652
2022-03-25,187416.32560002917,187416.32560002917,0.0,0.0,510,1.2288086726397094
2022-03-28,187416.32560002917,187416.32560002917,0.0,0.0,623,1.504571545278881
2022-03-29,187416.32560002917,187416.32560002917,0.0,0.0,639,1.5686027124905435
2022-03-30,187416.32560002917,187416.32560002917,0.0,0.0,705,1.733489479956288
2022-03-31,187416.32560002917,187416.32560002917,0.0,0.0,702,1.7152347939565684
2022-04-01,187416.32560002917,187416.32560002917,0.0,0.0,688,1.6661833623362923
2022-04-04,187416.32560002917,186864.78070002928,-551.5448999998865,-0.0029428861025531106,719,1.739965025842589
2022-04-05,186864.78070002928,188274.2347000293,1409.4540000000245,0.007542641233516223,774,1.8857042279203722
2022-04-06,188274.2347000293,187871.13070002937,-403.10399999992615,-0.0021410470776428436,816,1.9372443054328374
2022-04-07,187871.13070002937,187410.8097000294,-460.3209999999636,-0.0024501955052101954,809,1.9192491140962322
2022-04-08,187410.8097000294,187410.8097000294,0.0,0.0,812,1.9422554994969772
2022-04-11,187410.8097000294,187289.22570002946,-121.58399999995028,-0.0006487566015778157,816,1.9357140347977495
2022-04-12,187289.22570002946,187289.22570002946,0.0,0.0,782,1.850222205964477
2022-04-13,187289.22570002946,190205.83170002952,2916.6060000000557,0.015572737775484402,826,1.932666961008743
2022-04-14,190205.83170002952,191440.1837000296,1234.3520000000635,0.006489559173699533,856,1.9973154575152678
2022-04-18,191440.1837000296,191440.1837000296,0.0,0.0,852,1.9462608626779356
2022-04-19,191440.1837000296,193449.92570002965,2009.7420000000432,0.01049801541743789,878,2.009597401566434
2022-04-20,193449.92570002965,193449.92570002965,0.0,0.0,832,1.9233169804333046
2022-04-21,193449.92570002965,195649.87870002966,2199.9530000000204,0.01137220907187797,833,1.9317330306252076
2022-04-22,195649.87870002966,201579.18670002974,5929.308000000069,0.03030570751894457,868,1.9404627975388589
2022-04-25,201579.18670002974,200845.82770002977,-733.3589999999684,-0.0036380690487222145,781,1.6433634721648942
2022-04-26,200845.82770002977,203416.07410002983,2570.246400000072,0.012797111244146953,789,1.673420733652449
2022-04-27,203416.07410002983,202189.39610002987,-1226.6779999999644,-0.0060303887262948,722,1.4812694569746478
2022-04-28,202189.39610002987,202829.82910002992,640.4330000000443,0.0031674905427938604,703,1.46887152692016
2022-04-29,202829.82910002992,208127.81010002995,5297.981000000033,0.026120324724955513,611,1.2772936270163497
2022-05-02,208127.81010002995,204964.37010002995,-3163.439999999998,-0.01519950648824675,560,1.1094273916124873
2022-05-03,204964.37010002995,204267.68910002997,-696.680999999969,-0.003399034669586576,549,1.1133811768454318
2022-05-04,204267.68910002997,205321.22910003,1053.5400000000452,0.005157643896799069,540,1.1040804284457804
2022-05-05,205321.22910003,207345.90510003004,2024.6760000000286,0.0098610163638444,486,1.005319442370897
2022-05-06,207345.90510003004,207345.90510003004,0.0,0.0,466,0.9240192848148833
2022-05-09,207345.90510003004,206310.98110003004,-1034.9239999999897,-0.004991292205653752,473,0.9250798217539598
2022-05-10,206310.98110003004,206310.98110003004,0.0,0.0,464,0.9108467440146132
2022-05-11,206310.98110003004,205742.75110003006,-568.2299999999724,-0.0027542402104349106,470,0.907479589104263
2022-05-12,205742.75110003006,205742.75110003006,0.0,0.0,479,0.9065162702337215
2022-05-13,205742.75110003006,204976.93610003006,-765.8150000000013,-0.003722196752524609,485,0.9362684832332615
2022-05-16,204976.93610003006,204976.93610003006,0.0,0.0,453,0.8849482075368379
2022-05-17,204976.93610003006,204976.93610003006,0.0,0.0,469,0.9314664573192029
2022-05-18,204976.93610003006,206907.0461000301,1930.110000000039,0.009416230121900737,455,0.8974340741607912
2022-05-19,206907.0461000301,206907.0461000301,0.0,0.0,460,0.8653201557515647
2022-05-20,206907.0461000301,205766.09810003013,-1140.9479999999778,-0.005514302299054474,492,0.936489703046152
2022-05-23,205766.09810003013,205766.09810003013,0.0,0.0,493,0.9428530129787075
2022-05-24,205766.09810003013,205519.05410003016,-247.04399999997315,-0.0012006059418003812,476,0.9094612571603352
2022-05-25,205519.05410003016,205519.05410003016,0.0,0.0,529,1.0107936682221774
2022-05-26,205519.05410003016,206635.4941000302,1116.4400000000346,0.005432294367492707,565,1.0976194364256673
2022-05-27,206635.4941000302,207816.22210003025,1180.72800000005,0.005714061880523147,529,1.0462774985545436
2022-05-31,207816.22210003025,207816.22210003025,0.0,0.0,557,1.1104056100668855
2022-06-01,207816.22210003025,206925.77210003027,-890.4499999999815,-0.004284795436091504,550,1.1006955631098434
2022-06-02,206925.77210003027,208667.8931000303,1742.1210000000283,0.008419062460512938,571,1.1313041317437442
2022-06-03,208667.8931000303,208667.8931000303,0.0,0.0,558,1.1039278886173867
2022-06-06,208667.8931000303,208667.8931000303,0.0,0.0,558,1.1097435619188731
2022-06-07,208667.8931000303,208667.8931000303,0.0,0.0,569,1.1137571132689255
2022-06-08,208667.8931000303,208667.8931000303,0.0,0.0,580,1.1520427418701262
2022-06-09,208667.8931000303,208667.8931000303,0.0,0.0,769,1.5092619760442565
2022-06-10,208667.8931000303,208189.19810003036,-478.6949999999378,-0.0022940520119713037,705,1.3356660451229865
2022-06-13,208189.19810003036,207405.09610003038,-784.1019999999872,-0.0037662953080939143,638,1.1653738833437506
2022-06-14,207405.09610003038,207405.09610003038,0.0,0.0,578,1.0511546323252605
2022-06-15,207405.09610003038,207405.09610003038,0.0,0.0,578,1.0526162923224176
2022-06-16,207405.09610003038,206352.47410003043,-1052.6219999999519,-0.005075198342726739,579,1.0355618197328094
2022-06-17,206352.47410003043,206352.47410003043,0.0,0.0,576,1.0214974222083246
2022-06-21,206352.47410003043,205955.5594000305,-396.91469999993535,-0.0019234792397377909,637,1.149181136514795
2022-06-22,205955.5594000305,205955.5594000305,0.0,0.0,565,1.0174732122758507
2022-06-23,205955.5594000305,205955.5594000305,0.0,0.0,555,1.015564058785128
2022-06-24,205955.5594000305,207956.82940003055,2001.2700000000489,0.009716999171228702,570,1.0555775831293204
2022-06-27,207956.82940003055,207956.82940003055,0.0,0.0,499,0.939678588547469
2022-06-28,207956.82940003055,209639.03140003057,1682.2020000000307,0.008089188534241787,502,0.9430940887913059
2022-06-29,209639.03140003057,209639.03140003057,0.0,0.0,517,0.9410268968131787
2022-06-30,209639.03140003057,208471.0878000306,-1167.9435999999728,-0.005571212537093362,524,0.941183848159686
2022-07-01,208471.0878000306,208471.0878000306,0.0,0.0,537,0.9708519381794822
2022-07-05,208471.0878000306,208471.0878000306,0.0,0.0,565,1.0192957115506267
2022-07-06,208471.0878000306,208471.0878000306,0.0,0.0,658,1.2074594029827603
2022-07-07,208471.0878000306,208112.14780003068,-358.93999999992013,-0.0017217735264288825,655,1.2109005706042815
2022-07-08,208112.14780003068,208112.14780003068,0.0,0.0,649,1.208842044505768
2022-07-11,208112.14780003068,208112.14780003068,0.0,0.0,805,1.494097791148526
2022-07-12,208112.14780003068,208112.14780003068,0.0,0.0,780,1.4386489681206607
2022-07-13,208112.14780003068,208112.14780003068,0.0,0.0,869,1.566738710556414
2022-07-14,208112.14780003068,208112.14780003068,0.0,0.0,866,1.5550935406886075
2022-07-15,208112.14780003068,208112.14780003068,0.0,0.0,862,1.5856343562770714
2022-07-18,208112.14780003068,208112.14780003068,0.0,0.0,1025,1.9129573879994106
2022-07-19,208112.14780003068,211584.46280003074,3472.315000000055,0.01668482612238731,1015,1.8844655392103071
2022-07-20,211584.46280003074,210363.91880003078,-1220.5439999999705,-0.005768589923133893,936,1.7372942616691205
2022-07-21,210363.91880003078,209651.82480003082,-712.0939999999478,-0.0033850576850912306,926,1.7351793060491363
2022-07-22,209651.82480003082,210718.65980003084,1066.8350000000228,0.005088603454883378,935,1.7797138070461325
2022-07-25,210718.65980003084,210718.65980003084,0.0,0.0,917,1.7239475046418349
2022-07-26,210718.65980003084,209099.54180003091,-1619.117999999921,-0.0076837903275222,921,1.7230232063451771
2022-07-27,209099.54180003091,206827.11780003097,-2272.4239999999377,-0.01086766609069445,868,1.637959979216
2022-07-28,206827.11780003097,206146.90980003105,-680.2079999999314,-0.0032887757042457944,766,1.488453240723855
2022-07-29,206146.90980003105,205911.9078000311,-235.00199999993856,-0.0011399734307340204,739,1.462631555332351
2022-08-01,205911.9078000311,205911.9078000311,0.0,0.0,755,1.5006845816895915
2022-08-02,205911.9078000311,205911.9078000311,0.0,0.0,777,1.5440203387408684
2022-08-03,205911.9078000311,206698.15480003113,786.2470000000399,0.0038183658652883867,770,1.535907584185466
2022-08-04,206698.15480003113,206698.15480003113,0.0,0.0,763,1.530172275537966
2022-08-05,206698.15480003113,206698.15480003113,0.0,0.0,794,1.574622831509954
2022-08-08,206698.15480003113,206698.15480003113,0.0,0.0,809,1.6263717287565336
2022-08-09,206698.15480003113,206698.15480003113,0.0,0.0,930,1.8560148539539416
2022-08-10,206698.15480003113,206698.15480003113,0.0,0.0,902,1.8285663722147176
2022-08-11,206698.15480003113,206698.15480003113,0.0,0.0,826,1.691533990120403
2022-08-12,206698.15480003113,209190.18280003118,2492.028000000037,0.012056363069186338,868,1.772325175971809
2022-08-15,209190.18280003118,209190.18280003118,0.0,0.0,841,1.7095379235800803
2022-08-16,209190.18280003118,209190.18280003118,0.0,0.0,921,1.8845229048808552
2022-08-17,209190.18280003118,209190.18280003118,0.0,0.0,1077,2.193281772362464
2022-08-18,209190.18280003118,209190.18280003118,0.0,0.0,1046,2.135669344101696
2022-08-19,209190.18280003118,209865.02480003136,674.8420000001748,0.003225973566098439,1121,2.2776832753430045
2022-08-22,209865.02480003136,210817.66480003143,952.640000000061,0.004539298536798908,1040,2.068637885643886
2022-08-23,210817.66480003143,210817.66480003143,0.0,0.0,908,1.7796207336680998
2022-08-24,210817.66480003143,209217.04570003148,-1600.6190999999544,-0.0075924334970610685,977,1.910829550693331
2022-08-25,209217.04570003148,207856.22470003154,-1360.8209999999242,-0.006504350520038615,959,1.9035502159368753
2022-08-26,207856.22470003154,214454.95270003157,6598.728000000039,0.03174659796464119,888,1.79326344038218
2022-08-29,214454.95270003157,214454.95270003157,0.0,0.0,732,1.3737359619357525
2022-08-30,214454.95270003157,214593.6187000316,138.6660000000261,0.0006465973308342754,726,1.3686205956039075
2022-08-31,214593.6187000316,214593.6187000316,0.0,0.0,807,1.5050138345297888
2022-09-01,214593.6187000316,214339.62070003164,-253.99799999997046,-0.0011836232667991053,822,1.5062043780398398
2022-09-02,214339.62070003164,213385.82960003172,-953.7910999999142,-0.004449905700517953,887,1.6579871753031994
2022-09-06,213385.82960003172,213385.82960003172,0.0,0.0,919,1.69319051873766
2022-09-07,213385.82960003172,217019.03060003178,3633.2010000000487,0.01702643988501995,941,1.7230800574967529
2022-09-08,217019.03060003178,216336.76360003182,-682.2669999999555,-0.00314381184965018,823,1.5003711097439565
2022-09-09,216336.76360003182,216401.78960003192,65.02600000009306,0.000300577668437052,793,1.4770545458959636
2022-09-12,216401.78960003192,215757.86060003194,-643.9289999999751,-0.002975617721046264,741,1.4007889389931363
2022-09-13,215757.86060003194,216770.788600032,1012.928000000076,0.004694744363811676,784,1.4611240559781025
2022-09-14,216770.788600032,216770.788600032,0.0,0.0,614,1.117701055781625
2022-09-15,216770.788600032,216770.788600032,0.0,0.0,615,1.1166041869792076
2022-09-16,216770.788600032,216770.788600032,0.0,0.0,652,1.1566530755873436
2022-09-19,216770.788600032,216770.788600032,0.0,0.0,738,1.3027016524159638
2022-09-20,216770.788600032,216770.788600032,0.0,0.0,722,1.282858008767569
2022-09-21,216770.788600032,216770.788600032,0.0,0.0,719,1.2821688485644496
2022-09-22,216770.788600032,216143.85900003204,-626.9295999999699,-0.0028921313801036908,716,1.2440316017417925
2022-09-23,216143.85900003204,216748.82700003206,604.9680000000162,0.0027989136624044786,728,1.248293815210642
2022-09-26,216748.82700003206,216372.5520000321,-376.2749999999591,-0.001735995553968639,725,1.2261748799954817
2022-09-27,216372.5520000321,216372.5520000321,0.0,0.0,718,1.2216297698893281
2022-09-28,216372.5520000321,219474.11100003214,3101.559000000035,0.014334345883204147,789,1.3291743710384227
2022-09-29,219474.11100003214,217900.54300003216,-1573.5679999999757,-0.007169720350295616,736,1.2309708927489016
2022-09-30,217900.54300003216,217900.54300003216,0.0,0.0,774,1.286304035920727
2022-10-03,217900.54300003216,219776.90070003222,1876.3577000000491,0.00861107399810268,823,1.3639463925008488
2022-10-04,219776.90070003222,219717.28470003232,-59.61599999989585,-0.000271256896470895,828,1.4042811529355306
2022-10-05,219717.28470003232,219717.28470003232,0.0,0.0,689,1.171273405701755
2022-10-06,219717.28470003232,219717.28470003232,0.0,0.0,692,1.1832058553200584
2022-10-07,219717.28470003232,222139.57070003235,2422.286000000032,0.01102455823312698,706,1.1862421352819368
2022-10-10,222139.57070003235,219689.33270003242,-2450.237999999925,-0.011030173472823646,681,1.116381219810803
2022-10-11,219689.33270003242,219689.33270003242,0.0,0.0,687,1.1211758643753873
2022-10-12,219689.33270003242,219689.33270003242,0.0,0.0,703,1.1461905610816339
2022-10-13,219689.33270003242,221916.89570003244,2227.563000000016,0.010139604743765851,723,1.1496530295585696
2022-10-14,221916.89570003244,224751.40270003246,2834.507000000022,0.012772830978275085,647,1.0750454774563714
2022-10-17,224751.40270003246,224751.40270003246,0.0,0.0,636,1.0304122403856728
2022-10-18,224751.40270003246,224751.40270003246,0.0,0.0,579,0.9680460432598442
2022-10-19,224751.40270003246,224751.40270003246,0.0,0.0,602,0.9889033641706055
2022-10-20,224751.40270003246,223696.99070003247,-1054.4119999999803,-0.0046914590402235,628,1.0288475286095882
2022-10-21,223696.99070003247,226817.75270003246,3120.7619999999965,0.013950844802310236,642,1.0490820164991959
2022-10-24,226817.75270003246,226817.75270003246,0.0,0.0,639,1.0603856007992778
2022-10-25,226817.75270003246,227023.4727000325,205.7200000000376,0.0009069836798536457,695,1.1614947864354772
2022-10-26,227023.4727000325,227023.4727000325,0.0,0.0,672,1.130413011871421
2022-10-27,227023.4727000325,227023.4727000325,0.0,0.0,675,1.13981468342883
2022-10-28,227023.4727000325,230853.86170003255,3830.389000000044,0.016872215698423343,769,1.2875607448734667
2022-10-31,230853.86170003255,230853.86170003255,0.0,0.0,743,1.2441976737062859
2022-11-01,230853.86170003255,230853.86170003255,0.0,0.0,734,1.2413360472643835
2022-11-02,230853.86170003255,230853.86170003255,0.0,0.0,744,1.2378097074770618
2022-11-03,230853.86170003255,230853.86170003255,0.0,0.0,735,1.1840938926032973
2022-11-04,230853.86170003255,230853.86170003255,0.0,0.0,775,1.2657520608764963
2022-11-07,230853.86170003255,230853.86170003255,0.0,0.0,825,1.3499850969310547
2022-11-08,230853.86170003255,228533.8247000326,-2320.036999999963,-0.010049808060020982,823,1.3595674166084968
2022-11-09,228533.8247000326,229495.13270003264,961.3080000000523,0.004206414526435331,828,1.3778676454045495
2022-11-10,229495.13270003264,230261.76410003265,766.6314000000216,0.0033405126765893023,761,1.287015487928326
2022-11-11,230261.76410003265,230261.76410003265,0.0,0.0,572,0.9835467952720819
2022-11-14,230261.76410003265,230261.76410003265,0.0,0.0,572,0.9866773485340181
2022-11-15,230261.76410003265,230261.76410003265,0.0,0.0,568,0.9905099982751595
2022-11-16,230261.76410003265,230261.76410003265,0.0,0.0,578,0.9964868101782652
2022-11-17,230261.76410003265,230261.76410003265,0.0,0.0,585,0.9927153418107516
2022-11-18,230261.76410003265,230261.76410003265,0.0,0.0,600,1.0369050460985816
2022-11-21,230261.76410003265,230261.76410003265,0.0,0.0,609,1.0440142077488535
2022-11-22,230261.76410003265,230261.76410003265,0.0,0.0,606,1.0447296195212037
2022-11-23,230261.76410003265,229225.73610003266,-1036.027999999996,-0.004499348834789196,652,1.1328562479951054
2022-11-28,229225.73610003266,229290.15210003266,64.4160000000058,0.0002810155661225888,671,1.168476871718772
2022-11-29,229290.15210003266,229290.15210003266,0.0,0.0,647,1.1184046393822067
2022-11-30,229290.15210003266,232126.93110003273,2836.7790000000646,0.012372005400225206,649,1.1201167712737845
2022-12-01,232126.93110003273,232126.93110003273,0.0,0.0,586,1.0329859800806744
2022-12-02,232126.93110003273,232126.93110003273,0.0,0.0,639,1.1086782899518763
2022-12-05,232126.93110003273,233450.57310003275,1323.6420000000314,0.005702233660383138,1002,1.744663771458435
2022-12-06,233450.57310003275,235382.6151000328,1932.0420000000468,0.008276021662076527,942,1.6122534450808368
2022-12-07,235382.6151000328,235382.6151000328,0.0,0.0,934,1.559263185048228
2022-12-08,235382.6151000328,234309.85110003283,-1072.7639999999553,-0.004557532847292323,946,1.5892647440529573
2022-12-09,234309.85110003283,234309.85110003283,0.0,0.0,939,1.5840657913600265
2022-12-12,234309.85110003283,235074.2021000329,764.3510000000821,0.003262137705314583,931,1.567055812204839
2022-12-13,235074.2021000329,235074.2021000329,0.0,0.0,862,1.5048126659140657
2022-12-14,235074.2021000329,234777.2381000329,-296.9639999999944,-0.001263277711237909,876,1.4980592023622956
2022-12-15,234777.2381000329,235235.15210003295,457.9140000000349,0.0019504190598107485,914,1.5356906090181097
2022-12-16,235235.15210003295,235329.280100033,94.12800000004395,0.00040014427758672255,848,1.3891644889228723
2022-12-19,235329.280100033,234194.046100033,-1135.2339999999986,-0.004824023595862981,851,1.3875977372942587
2022-12-20,234194.046100033,234194.046100033,0.0,0.0,850,1.377983946781423
2022-12-21,234194.046100033,233208.15610003308,-985.8899999999154,-0.004209714193924574,1114,1.8242907872129048
2022-12-22,233208.15610003308,234196.02790003316,987.8718000000771,0.004236008793690571,1002,1.6466351202476048
2022-12-23,234196.02790003316,234196.02790003316,0.0,0.0,992,1.6090120206028138
2022-12-27,234196.02790003316,234196.02790003316,0.0,0.0,1011,1.653971866761089
2022-12-28,234196.02790003316,234888.50590003328,692.4780000001119,0.002956830678168876,1054,1.7170359563794038
2022-12-29,234888.50590003328,235988.2969000333,1099.7910000000381,0.004682183131038631,1035,1.672928841370441
2022-12-30,235988.2969000333,235988.2969000333,0.0,0.0,960,1.5489100414841064
