date,side,entry_time,exit_time,entry_price,exit_price,shares,leverage,gross_pnl,commission,net_pnl,exit_reason
2018-01-26,LONG,2018-01-26 13:00:00,2018-01-26 15:59:00,285.111,286.569,1407,4.0,2051.4060000000377,9.849,2041.5570000000378,market_close
2018-01-29,SHORT,2018-01-29 11:30:00,2018-01-29 12:00:00,285.35900000000004,285.46099999999996,1427,4.0,-145.55399999988384,9.989,-155.54299999988385,band_vwap
2018-01-30,SHORT,2018-01-30 12:30:00,2018-01-30 13:00:00,281.85900000000004,281.881,1351,3.7491382704361573,-29.72199999991153,9.457,-39.17899999991153,band_vwap
2018-02-01,LONG,2018-02-01 12:30:00,2018-02-01 14:00:00,282.691,282.029,1139,3.145337764523603,-754.0179999999746,7.973,-761.9909999999745,band_vwap
2018-02-02,SHORT,2018-02-02 10:30:00,2018-02-02 15:59:00,279.28900000000004,275.52099999999996,1159,3.213841248255506,4367.112000000099,8.113,4358.999000000099,market_close
2018-02-05,SHORT,2018-02-05 15:00:00,2018-02-05 15:59:00,268.54900000000004,264.181,902,2.339990228253578,3939.936000000047,6.314,3933.622000000047,market_close
2018-02-06,LONG,2018-02-06 13:00:00,2018-02-06 13:30:00,265.01099999999997,264.66900000000004,608,1.4461884224479964,-207.93599999995604,4.256,-212.19199999995604,band_vwap
2018-02-06,LONG,2018-02-06 15:30:00,2018-02-06 15:59:00,268.051,269.17900000000003,608,1.4461884224479964,685.824000000026,4.256,681.568000000026,market_close
2018-02-07,LONG,2018-02-07 10:30:00,2018-02-07 13:00:00,270.411,270.199,556,1.3608114243986054,-117.87199999999393,3.892,-121.76399999999393,band_vwap
2018-02-08,SHORT,2018-02-08 11:00:00,2018-02-08 15:59:00,264.949,257.721,556,1.3591505011197829,4018.7680000000046,3.892,4014.8760000000048,market_close
2018-02-09,SHORT,2018-02-09 14:00:00,2018-02-09 14:30:00,255.709,258.731,509,1.1678985960567698,-1538.1979999999955,3.563,-1541.7609999999956,band_vwap
2018-02-12,LONG,2018-02-12 14:30:00,2018-02-12 15:00:00,266.21099999999996,265.91900000000004,481,1.1316018352489523,-140.45199999995975,3.367,-143.81899999995974,band_vwap
2018-02-14,LONG,2018-02-14 13:30:00,2018-02-14 15:59:00,268.64099999999996,269.709,460,1.0877460293591987,491.2800000000186,3.22,488.0600000000186,market_close
2018-03-01,SHORT,2018-03-01 14:00:00,2018-03-01 15:59:00,267.29900000000004,267.731,556,1.3430907602910092,-240.1919999999775,3.892,-244.0839999999775,market_close
2018-03-05,LONG,2018-03-05 12:00:00,2018-03-05 15:59:00,271.27099999999996,272.209,800,1.907737316572539,750.400000000036,5.6000000000000005,744.800000000036,market_close
2018-03-09,LONG,2018-03-09 11:00:00,2018-03-09 15:59:00,276.791,278.819,888,2.166712332586664,1800.8640000000178,6.216,1794.6480000000179,market_close
2018-03-19,SHORT,2018-03-19 10:30:00,2018-03-19 15:59:00,272.54900000000004,270.491,952,2.265985786227504,1959.2160000000472,6.664,1952.5520000000472,market_close
2018-03-22,SHORT,2018-03-22 11:30:00,2018-03-22 12:30:00,266.319,267.441,1150,2.6399713179101094,-1290.2999999999508,8.05,-1298.3499999999508,band_vwap
2018-03-22,SHORT,2018-03-22 15:00:00,2018-03-22 15:59:00,265.86400000000003,263.671,1150,2.6399713179101094,2521.9500000000467,8.05,2513.9000000000465,market_close
2018-03-23,SHORT,2018-03-23 15:30:00,2018-03-23 15:59:00,259.879,258.01099999999997,885,1.9822979720674654,1653.1800000000458,6.195,1646.9850000000458,market_close
2018-03-27,SHORT,2018-03-27 15:30:00,2018-03-27 15:59:00,260.72900000000004,260.53099999999995,662,1.474680976189807,131.0760000000614,4.634,126.44200000006141,market_close
2018-03-29,LONG,2018-03-29 11:30:00,2018-03-29 15:59:00,262.606,263.48900000000003,655,1.4299391269680706,578.365000000025,4.585,573.780000000025,market_close
2018-04-02,SHORT,2018-04-02 10:30:00,2018-04-02 15:59:00,260.66900000000004,257.53099999999995,672,1.4669284891895222,2108.736000000061,4.704,2104.0320000000606,market_close
2018-04-06,SHORT,2018-04-06 14:30:00,2018-04-06 15:59:00,259.579,259.801,579,1.2474861847723195,-128.53799999998841,4.053,-132.5909999999884,market_close
2018-04-09,LONG,2018-04-09 10:30:00,2018-04-09 15:00:00,262.301,263.85900000000004,554,1.1851671400043522,863.1320000000275,3.878,859.2540000000274,band_vwap
2018-04-12,LONG,2018-04-12 10:30:00,2018-04-12 11:00:00,266.381,265.829,530,1.142748280149185,-292.55999999998096,3.71,-296.26999999998094,band_vwap
2018-04-20,SHORT,2018-04-20 11:30:00,2018-04-20 14:30:00,266.559,266.851,754,1.651367953068018,-220.16799999997977,5.2780000000000005,-225.44599999997976,band_vwap
2018-04-20,SHORT,2018-04-20 15:30:00,2018-04-20 15:59:00,266.009,266.631,754,1.651367953068018,-468.98799999996777,5.2780000000000005,-474.2659999999678,market_close
2018-04-24,SHORT,2018-04-24 13:00:00,2018-04-24 15:59:00,263.579,263.03099999999995,912,1.9993252451472499,499.7760000000535,6.384,493.3920000000535,market_close
2018-04-25,SHORT,2018-04-25 10:30:00,2018-04-25 11:00:00,262.029,262.64099999999996,906,1.943313133267501,-554.4719999999695,6.3420000000000005,-560.8139999999695,band_vwap
2018-04-26,LONG,2018-04-26 14:00:00,2018-04-26 15:30:00,266.64099999999996,266.459,911,1.9771104747556407,-165.80199999996313,6.377,-172.17899999996314,band_vwap
2018-05-01,SHORT,2018-05-01 11:30:00,2018-05-01 12:30:00,262.999,263.101,1228,2.658477649234644,-125.25599999996984,8.596,-133.85199999996985,band_vwap
2018-05-03,SHORT,2018-05-03 11:00:00,2018-05-03 12:00:00,259.53900000000004,260.51099999999997,1280,2.7564917086734897,-1244.1599999999016,8.96,-1253.1199999999017,band_vwap
2018-05-03,SHORT,2018-05-03 12:30:00,2018-05-03 13:00:00,260.029,262.58099999999996,1280,2.7564917086734897,-3266.559999999954,8.96,-3275.519999999954,band_vwap
2018-05-04,LONG,2018-05-04 11:00:00,2018-05-04 15:59:00,264.431,265.999,1238,2.7608029476966136,1941.1840000000502,8.666,1932.5180000000503,market_close
2018-05-09,LONG,2018-05-09 13:30:00,2018-05-09 15:30:00,269.45599999999996,269.309,1234,2.7726982998743726,-181.3979999999192,8.638,-190.0359999999192,band_vwap
2018-05-10,LONG,2018-05-10 12:00:00,2018-05-10 14:00:00,271.666,271.72900000000004,1159,2.6341383899103774,73.01700000005218,8.113,64.90400000005218,band_vwap
2018-05-15,SHORT,2018-05-15 10:30:00,2018-05-15 11:00:00,270.809,270.941,1415,3.2267186485208406,-186.77999999992664,9.905,-196.68499999992665,band_vwap
2018-05-16,LONG,2018-05-16 13:00:00,2018-05-16 15:30:00,272.431,272.16900000000004,1307,2.9810541455639834,-342.4339999999263,9.149000000000001,-351.5829999999263,band_vwap
2018-05-24,SHORT,2018-05-24 10:30:00,2018-05-24 11:30:00,271.519,271.916,1573,3.6235084949648093,-624.4809999999864,11.011000000000001,-635.4919999999863,band_vwap
2018-05-29,SHORT,2018-05-29 12:30:00,2018-05-29 15:59:00,268.509,269.101,1744,4.0,-1032.447999999973,12.208,-1044.6559999999731,market_close
2018-05-30,LONG,2018-05-30 11:30:00,2018-05-30 15:59:00,271.65099999999995,272.579,1441,3.3358038100970617,1337.248000000078,10.087,1327.161000000078,market_close
2018-05-31,SHORT,2018-05-31 14:00:00,2018-05-31 15:59:00,270.649,270.741,1352,3.113559434771251,-124.3839999999791,9.464,-133.8479999999791,market_close
2018-06-01,LONG,2018-06-01 10:30:00,2018-06-01 15:59:00,273.05629999999996,273.649,1394,3.217771453337736,826.2238000000505,9.758000000000001,816.4658000000504,market_close
2018-06-06,LONG,2018-06-06 15:00:00,2018-06-06 15:59:00,277.001,277.499,1302,3.0216458169283604,648.3960000000616,9.114,639.2820000000615,market_close
2018-06-07,SHORT,2018-06-07 14:00:00,2018-06-07 14:30:00,276.499,277.02099999999996,1255,2.9187872734873253,-655.1099999999178,8.785,-663.8949999999178,band_vwap
2018-06-11,LONG,2018-06-11 12:30:00,2018-06-11 14:00:00,279.27099999999996,279.149,1261,2.9546402873978974,-153.8419999999461,8.827,-162.6689999999461,band_vwap
2018-06-21,SHORT,2018-06-21 10:30:00,2018-06-21 12:00:00,274.34900000000005,275.041,1720,4.0,-1190.2399999999147,12.040000000000001,-1202.2799999999147,band_vwap
2018-06-21,SHORT,2018-06-21 12:30:00,2018-06-21 14:00:00,274.589,274.89099999999996,1720,4.0,-519.4399999999382,12.040000000000001,-531.4799999999382,band_vwap
2018-06-21,SHORT,2018-06-21 14:30:00,2018-06-21 15:59:00,274.71900000000005,274.231,1720,4.0,839.360000000097,12.040000000000001,827.320000000097,market_close
2018-06-25,SHORT,2018-06-25 10:30:00,2018-06-25 15:59:00,271.65900000000005,271.01099999999997,1722,4.0,1115.8560000001403,12.054,1103.8020000001402,market_close
2018-06-27,LONG,2018-06-27 10:30:00,2018-06-27 11:30:00,273.241,272.279,1746,4.0,-1679.651999999981,12.222,-1691.873999999981,band_vwap
2018-06-27,SHORT,2018-06-27 15:00:00,2018-06-27 15:59:00,270.129,269.27099999999996,1746,4.0,1498.0680000001064,12.222,1485.8460000001064,market_close
2018-06-28,LONG,2018-06-28 11:30:00,2018-06-28 12:30:00,270.241,269.42900000000003,1757,3.9887048377487604,-1426.6839999999208,12.299,-1438.9829999999208,band_vwap
2018-06-28,LONG,2018-06-28 14:00:00,2018-06-28 15:59:00,270.40099999999995,270.949,1757,3.9887048377487604,962.836000000103,12.299,950.537000000103,market_close
2018-06-29,LONG,2018-06-29 10:30:00,2018-06-29 12:00:00,272.77099999999996,272.92400000000004,1632,3.757900794564214,249.69600000012542,11.424,238.27200000012542,band_vwap
2018-06-29,LONG,2018-06-29 12:30:00,2018-06-29 13:00:00,273.171,272.839,1632,3.757900794564214,-541.8239999999896,11.424,-553.2479999999896,band_vwap
2018-06-29,LONG,2018-06-29 13:30:00,2018-06-29 14:00:00,273.041,272.949,1632,3.757900794564214,-150.14399999997477,11.424,-161.56799999997477,band_vwap
2018-07-06,LONG,2018-07-06 10:30:00,2018-07-06 15:59:00,273.991,275.369,1546,3.588732654534166,2130.3880000000663,10.822000000000001,2119.566000000066,market_close
2018-07-09,LONG,2018-07-09 12:30:00,2018-07-09 13:30:00,277.58099999999996,277.34900000000005,1431,3.303217482449729,-331.991999999877,10.017,-342.008999999877,band_vwap
2018-07-12,LONG,2018-07-12 13:30:00,2018-07-12 14:00:00,279.29089999999997,278.92780000000005,1289,3.0024738442737853,-468.0358999998938,9.023,-477.0588999998938,band_vwap
2018-07-17,LONG,2018-07-17 12:30:00,2018-07-17 15:00:00,280.601,280.34900000000005,1270,2.973891823014396,-320.03999999993994,8.89,-328.9299999999399,band_vwap
2018-07-25,LONG,2018-07-25 14:30:00,2018-07-25 15:59:00,282.65099999999995,284.129,1687,4.0,2493.3860000001105,11.809000000000001,2481.5770000001103,market_close
2018-07-27,SHORT,2018-07-27 12:00:00,2018-07-27 15:59:00,282.509,281.46099999999996,1708,4.0,1789.9840000001002,11.956,1778.0280000001003,market_close
2018-07-30,SHORT,2018-07-30 11:30:00,2018-07-30 14:00:00,280.449,280.481,1747,4.0,-55.90399999996902,12.229000000000001,-68.13299999996902,band_vwap
2018-07-30,SHORT,2018-07-30 14:30:00,2018-07-30 15:59:00,280.269,279.89099999999996,1747,4.0,660.3660000000747,12.229000000000001,648.1370000000746,market_close
2018-07-31,LONG,2018-07-31 12:30:00,2018-07-31 14:30:00,281.991,281.55400000000003,1702,3.8699614465335714,-743.7739999999234,11.914,-755.6879999999234,band_vwap
2018-08-02,LONG,2018-08-02 14:00:00,2018-08-02 15:59:00,282.361,282.339,1757,4.0,-38.65399999998482,12.299,-50.95299999998482,market_close
2018-08-06,LONG,2018-08-06 13:00:00,2018-08-06 14:00:00,284.786,284.459,1731,4.0,-566.0369999999969,12.117,-578.1539999999968,band_vwap
2018-08-13,LONG,2018-08-13 10:30:00,2018-08-13 11:00:00,283.981,283.78650000000005,1723,4.0,-335.1234999999107,12.061,-347.18449999991066,band_vwap
2018-08-13,SHORT,2018-08-13 12:30:00,2018-08-13 13:30:00,282.269,282.53099999999995,1723,4.0,-451.42599999990284,12.061,-463.4869999999028,band_vwap
2018-08-14,LONG,2018-08-14 11:30:00,2018-08-14 12:00:00,283.691,283.589,1715,4.0,-174.9299999999579,12.005,-186.93499999995788,band_vwap
2018-08-14,LONG,2018-08-14 15:30:00,2018-08-14 15:59:00,284.051,283.85900000000004,1715,4.0,-329.279999999915,12.005,-341.284999999915,market_close
2018-08-15,SHORT,2018-08-15 10:30:00,2018-08-15 12:30:00,280.499,281.33099999999996,1711,4.0,-1423.551999999892,11.977,-1435.528999999892,band_vwap
2018-08-15,SHORT,2018-08-15 14:00:00,2018-08-15 15:00:00,281.009,281.256,1711,4.0,-422.61699999992686,11.977,-434.59399999992684,band_vwap
2018-08-16,LONG,2018-08-16 11:30:00,2018-08-16 14:30:00,284.52099999999996,284.274,1678,4.0,-414.4659999999283,11.746,-426.21199999992825,band_vwap
2018-08-17,LONG,2018-08-17 15:00:00,2018-08-17 15:59:00,285.471,285.019,1621,3.8826443996117965,-732.691999999997,11.347,-744.038999999997,market_close
2018-08-21,LONG,2018-08-21 12:30:00,2018-08-21 14:00:00,287.131,287.10900000000004,1645,4.0,-36.18999999989228,11.515,-47.70499999989228,band_vwap
2018-08-24,LONG,2018-08-24 11:30:00,2018-08-24 15:59:00,287.221,287.499,1643,4.0,456.7540000000329,11.501,445.2530000000329,market_close
2018-08-27,LONG,2018-08-27 10:30:00,2018-08-27 15:59:00,289.59349999999995,289.71900000000005,1636,4.0,205.31800000016665,11.452,193.86600000016665,market_close
2018-08-29,LONG,2018-08-29 11:30:00,2018-08-29 15:59:00,291.421,291.46900000000005,1623,3.979822714687829,77.90400000009521,11.361,66.5430000000952,market_close
2018-08-30,SHORT,2018-08-30 15:30:00,2018-08-30 15:59:00,290.10400000000004,290.241,1595,3.919785293052204,-218.51499999991006,11.165000000000001,-229.67999999991005,market_close
2018-09-05,SHORT,2018-09-05 10:30:00,2018-09-05 12:00:00,288.48900000000003,288.69599999999997,1633,4.0,-338.0309999998968,11.431000000000001,-349.46199999989676,band_vwap
2018-09-06,SHORT,2018-09-06 11:30:00,2018-09-06 15:30:00,287.54400000000004,288.556,1630,4.0,-1649.559999999908,11.41,-1660.9699999999082,band_vwap
2018-09-11,LONG,2018-09-11 12:30:00,2018-09-11 15:59:00,289.26099999999997,289.10900000000004,1617,4.0,-245.78399999988676,11.319,-257.1029999998868,market_close
2018-09-17,SHORT,2018-09-17 11:30:00,2018-09-17 12:00:00,290.089,290.171,1594,4.0,-130.70799999998985,11.158,-141.86599999998984,band_vwap
2018-09-17,SHORT,2018-09-17 14:00:00,2018-09-17 15:59:00,289.959,289.34099999999995,1594,4.0,985.0920000000826,11.158,973.9340000000826,market_close
2018-09-18,LONG,2018-09-18 10:30:00,2018-09-18 15:59:00,290.58099999999996,290.899,1612,4.0,512.6160000000652,11.284,501.33200000006525,market_close
2018-09-20,LONG,2018-09-20 12:30:00,2018-09-20 15:59:00,293.426,293.54900000000004,1602,4.0,197.04600000007576,11.214,185.83200000007577,market_close
2018-09-21,SHORT,2018-09-21 15:30:00,2018-09-21 15:59:00,292.199,292.01099999999997,1602,4.0,301.1760000000721,11.214,289.9620000000721,market_close
2018-09-27,LONG,2018-09-27 11:00:00,2018-09-27 14:30:00,291.411,291.21900000000005,1621,4.0,-311.23199999991965,11.347,-322.57899999991963,band_vwap
2018-10-01,LONG,2018-10-01 10:30:00,2018-10-01 11:00:00,292.82099999999997,292.67900000000003,1607,4.0,-228.19399999990208,11.249,-239.44299999990207,band_vwap
2018-10-04,SHORT,2018-10-04 10:30:00,2018-10-04 15:59:00,289.67010000000005,289.471,1609,4.0,320.3519000000708,11.263,309.08890000007085,market_close
2018-10-05,SHORT,2018-10-05 12:00:00,2018-10-05 15:59:00,287.04400000000004,287.89099999999996,1622,4.0,-1373.8339999998752,11.354000000000001,-1385.1879999998753,market_close
2018-10-08,SHORT,2018-10-08 13:30:00,2018-10-08 14:00:00,285.79900000000004,286.3837,1617,4.0,-945.4598999999048,11.319,-956.7788999999048,band_vwap
2018-10-10,SHORT,2018-10-10 10:30:00,2018-10-10 15:59:00,284.71900000000005,278.171,1605,4.0,10509.540000000094,11.235,10498.305000000093,market_close
2018-10-11,SHORT,2018-10-11 11:30:00,2018-10-11 12:00:00,275.23900000000003,276.101,1033,2.280388891125444,-890.4459999999652,7.231,-897.6769999999652,band_vwap
2018-10-11,SHORT,2018-10-11 14:30:00,2018-10-11 15:59:00,274.509,272.251,1033,2.280388891125444,2332.5140000000392,7.231,2325.283000000039,market_close
2018-10-16,LONG,2018-10-16 11:30:00,2018-10-16 15:59:00,278.58099999999996,280.29900000000004,825,1.7976298779366282,1417.3500000000615,5.775,1411.5750000000614,market_close
2018-10-17,SHORT,2018-10-17 10:30:00,2018-10-17 11:30:00,278.91900000000004,279.231,703,1.536269062379757,-219.33599999996835,4.921,-224.25699999996834,band_vwap
2018-10-18,SHORT,2018-10-18 12:00:00,2018-10-18 15:59:00,276.529,276.471,708,1.543064429036971,41.06399999999485,4.956,36.107999999994846,market_close
2018-10-19,LONG,2018-10-19 10:30:00,2018-10-19 11:30:00,278.541,277.939,696,1.5043816180457255,-418.9919999999829,4.872,-423.8639999999829,band_vwap
2018-10-22,SHORT,2018-10-22 10:30:00,2018-10-22 11:00:00,274.639,276.381,701,1.519741020732266,-1221.1419999999732,4.907,-1226.0489999999731,band_vwap
2018-10-24,SHORT,2018-10-24 11:00:00,2018-10-24 12:00:00,271.53900000000004,271.991,709,1.5322432069076481,-320.4679999999584,4.963,-325.43099999995843,band_vwap
2018-10-24,SHORT,2018-10-24 13:00:00,2018-10-24 15:59:00,271.019,265.221,709,1.5322432069076481,4110.782000000001,4.963,4105.819000000001,market_close
2018-10-25,LONG,2018-10-25 11:00:00,2018-10-25 15:59:00,268.661,270.139,660,1.3536769636939727,975.4800000000057,4.62,970.8600000000057,market_close
2018-10-26,SHORT,2018-10-26 11:00:00,2018-10-26 11:30:00,262.439,265.07099999999997,610,1.2357589089564982,-1605.5199999999684,4.2700000000000005,-1609.7899999999684,band_vwap
2018-10-30,LONG,2018-10-30 10:30:00,2018-10-30 11:00:00,265.876,264.59900000000005,597,1.2139019119140717,-762.3689999999582,4.179,-766.5479999999582,band_vwap
2018-10-30,LONG,2018-10-30 12:00:00,2018-10-30 13:00:00,265.58099999999996,264.689,597,1.2139019119140717,-532.5239999999636,4.179,-536.7029999999636,band_vwap
2018-11-02,SHORT,2018-11-02 12:00:00,2018-11-02 14:30:00,271.92900000000003,272.191,637,1.3629274744006243,-166.89399999996408,4.4590000000000005,-171.35299999996408,band_vwap
2018-11-07,LONG,2018-11-07 12:30:00,2018-11-07 14:00:00,279.14099999999996,279.23900000000003,678,1.4679140240470037,66.44400000004748,4.746,61.69800000004748,band_vwap
2018-11-09,SHORT,2018-11-09 12:30:00,2018-11-09 15:00:00,277.16900000000004,277.566,642,1.3961636094342074,-254.87399999995796,4.494,-259.367999999958,band_vwap
2018-11-12,SHORT,2018-11-12 10:30:00,2018-11-12 15:59:00,275.779,272.491,635,1.375609161485751,2087.880000000007,4.445,2083.4350000000068,market_close
2018-11-14,SHORT,2018-11-14 13:30:00,2018-11-14 15:00:00,270.269,271.361,743,1.5649824379489452,-811.3559999999885,5.2010000000000005,-816.5569999999885,band_vwap
2018-11-15,LONG,2018-11-15 14:00:00,2018-11-15 15:30:00,272.4525,271.74150000000003,800,1.6635045438424974,-568.7999999999647,5.6000000000000005,-574.3999999999647,band_vwap
2018-11-19,SHORT,2018-11-19 11:00:00,2018-11-19 15:59:00,271.584,269.121,865,1.8344937731886144,2130.4950000000194,6.055,2124.4400000000196,market_close
2018-11-26,LONG,2018-11-26 10:30:00,2018-11-26 11:30:00,266.731,266.65900000000005,850,1.7257797158007586,-61.199999999954,5.95,-67.149999999954,band_vwap
2018-11-28,LONG,2018-11-28 13:00:00,2018-11-28 15:59:00,272.34099999999995,274.48900000000003,823,1.6966741869945883,1767.804000000067,5.761,1762.043000000067,market_close
2018-12-04,SHORT,2018-12-04 12:00:00,2018-12-04 15:59:00,276.439,270.491,771,1.6190167634897206,4585.908000000028,5.397,4580.511000000028,market_close
2018-12-06,SHORT,2018-12-06 11:30:00,2018-12-06 12:00:00,262.759,264.861,730,1.4158295775050074,-1534.459999999982,5.11,-1539.569999999982,band_vwap
2018-12-07,SHORT,2018-12-07 11:00:00,2018-12-07 15:59:00,268.244,263.65099999999995,712,1.415460614522282,3270.216000000053,4.984,3265.232000000053,market_close
2018-12-10,SHORT,2018-12-10 10:30:00,2018-12-10 13:00:00,262.34900000000005,262.291,688,1.3050930924422848,39.9040000000341,4.816,35.0880000000341,band_vwap
2018-12-14,SHORT,2018-12-14 15:30:00,2018-12-14 15:59:00,260.559,260.491,779,1.475550060767515,52.97200000003153,5.453,47.519000000031525,market_close
2018-12-17,SHORT,2018-12-17 10:30:00,2018-12-17 11:00:00,258.84900000000005,259.561,743,1.3879052807786023,-529.0159999999496,5.2010000000000005,-534.2169999999496,band_vwap
2018-12-17,SHORT,2018-12-17 13:30:00,2018-12-17 15:59:00,257.454,255.281,743,1.3879052807786023,1614.5390000000014,5.2010000000000005,1609.3380000000013,market_close
2018-12-19,LONG,2018-12-19 10:30:00,2018-12-19 13:30:00,257.39099999999996,257.139,740,1.3495258553135572,-186.479999999965,5.18,-191.659999999965,band_vwap
2018-12-19,LONG,2018-12-19 14:00:00,2018-12-19 14:30:00,258.871,256.309,740,1.3495258553135572,-1895.8799999999667,5.18,-1901.0599999999667,band_vwap
2018-12-19,SHORT,2018-12-19 15:30:00,2018-12-19 15:59:00,250.629,251.201,740,1.3495258553135572,-423.280000000002,5.18,-428.460000000002,market_close
2018-12-20,SHORT,2018-12-20 14:00:00,2018-12-20 15:00:00,246.784,247.921,847,1.5390708885648523,-963.0390000000004,5.929,-968.9680000000004,band_vwap
2018-12-21,SHORT,2018-12-21 13:00:00,2018-12-21 15:59:00,243.609,240.691,840,1.5189172661682437,2451.1200000000053,5.88,2445.2400000000052,market_close
2018-12-26,SHORT,2018-12-26 11:00:00,2018-12-26 11:30:00,234.109,236.501,875,1.4853457446606084,-2092.9999999999964,6.125,-2099.1249999999964,band_vwap
2019-01-03,SHORT,2019-01-03 10:30:00,2019-01-03 12:00:00,245.649,247.1125,810,1.4695304326273853,-1185.4350000000086,5.67,-1191.1050000000087,band_vwap
2019-01-03,SHORT,2019-01-03 14:00:00,2019-01-03 14:30:00,245.19899999999998,246.30100000000002,810,1.4695304326273853,-892.6200000000262,5.67,-898.2900000000261,band_vwap
2019-01-03,SHORT,2019-01-03 15:30:00,2019-01-03 15:59:00,244.619,244.131,810,1.4695304326273853,395.27999999999963,5.67,389.6099999999996,market_close
2019-01-04,LONG,2019-01-04 10:30:00,2019-01-04 15:59:00,250.961,252.469,746,1.3673800834464158,1124.9679999999862,5.222,1119.7459999999862,market_close
2019-01-07,LONG,2019-01-07 12:00:00,2019-01-07 14:00:00,255.381,254.839,602,1.1158059598927217,-326.28400000000096,4.214,-330.49800000000096,band_vwap
2019-01-15,LONG,2019-01-15 11:30:00,2019-01-15 13:30:00,259.376,260.079,672,1.2745124484369086,472.4160000000211,4.704,467.7120000000211,band_vwap
2019-01-22,SHORT,2019-01-22 12:30:00,2019-01-22 13:00:00,262.879,262.941,822,1.595134947898016,-50.963999999962994,5.7540000000000004,-56.71799999996299,band_vwap
2019-01-22,SHORT,2019-01-22 14:00:00,2019-01-22 15:59:00,262.499,262.931,822,1.595134947898016,-355.10399999996673,5.7540000000000004,-360.85799999996675,market_close
2019-01-30,LONG,2019-01-30 15:00:00,2019-01-30 15:59:00,268.491,267.589,1408,2.743188670203812,-1270.0159999999814,9.856,-1279.8719999999814,market_close
2019-01-31,LONG,2019-01-31 11:00:00,2019-01-31 15:59:00,269.0044,269.889,1233,2.4474340946964515,1090.7118000000426,8.631,1082.0808000000425,market_close
2019-02-04,LONG,2019-02-04 14:30:00,2019-02-04 15:00:00,271.431,271.40900000000005,1212,2.411262122938433,-26.663999999920634,8.484,-35.147999999920636,band_vwap
2019-02-07,SHORT,2019-02-07 11:30:00,2019-02-07 15:59:00,269.309,270.191,1286,2.5665503111419974,-1134.2519999999333,9.002,-1143.2539999999333,market_close
2019-02-12,LONG,2019-02-12 10:30:00,2019-02-12 15:59:00,273.01099999999997,274.119,1510,3.054558690157799,1673.080000000092,10.57,1662.510000000092,market_close
2019-02-21,SHORT,2019-02-21 10:30:00,2019-02-21 11:00:00,276.98900000000003,277.171,1713,3.4890761516659206,-311.76599999993067,11.991,-323.75699999993066,band_vwap
2019-02-21,SHORT,2019-02-21 15:30:00,2019-02-21 15:59:00,276.709,277.46099999999996,1713,3.4890761516659206,-1288.175999999919,11.991,-1300.166999999919,market_close
2019-02-22,LONG,2019-02-22 11:30:00,2019-02-22 14:30:00,279.14099999999996,278.749,1695,3.5002312810865597,-664.4399999998967,11.865,-676.3049999998967,band_vwap
2019-03-04,SHORT,2019-03-04 12:00:00,2019-03-04 15:59:00,277.949,279.411,1904,4.0,-2783.647999999979,13.328,-2796.975999999979,market_close
2019-03-05,SHORT,2019-03-05 10:30:00,2019-03-05 11:30:00,278.78900000000004,279.291,1797,3.82788651624751,-902.093999999915,12.579,-914.672999999915,band_vwap
2019-03-06,SHORT,2019-03-06 10:30:00,2019-03-06 15:59:00,278.03900000000004,277.301,1867,4.0,1377.8460000001053,13.069,1364.7770000001053,market_close
2019-03-07,SHORT,2019-03-07 10:30:00,2019-03-07 11:30:00,275.0539,275.351,1903,4.0,-565.3813000000007,13.321,-578.7023000000007,band_vwap
2019-03-07,SHORT,2019-03-07 12:00:00,2019-03-07 12:30:00,275.509,275.541,1903,4.0,-60.89599999996625,13.321,-74.21699999996625,band_vwap
2019-03-07,SHORT,2019-03-07 14:00:00,2019-03-07 15:59:00,275.529,275.08099999999996,1903,4.0,852.5440000000683,13.321,839.2230000000683,market_close
2019-03-11,LONG,2019-03-11 10:30:00,2019-03-11 15:59:00,276.731,278.499,1916,4.0,3387.4880000000558,13.412,3374.076000000056,market_close
2019-03-13,LONG,2019-03-13 11:30:00,2019-03-13 15:30:00,281.981,281.329,1636,3.3929786535422823,-1066.6719999999784,11.452,-1078.1239999999784,band_vwap
2019-03-18,LONG,2019-03-18 10:30:00,2019-03-18 11:30:00,282.366,281.65900000000005,1629,3.419419277992793,-1151.702999999897,11.403,-1163.105999999897,band_vwap
2019-03-20,SHORT,2019-03-20 10:30:00,2019-03-20 11:00:00,281.439,281.631,1601,3.3963259852322882,-307.39199999992064,11.207,-318.59899999992064,band_vwap
2019-03-20,SHORT,2019-03-20 13:30:00,2019-03-20 14:00:00,280.84400000000005,281.241,1601,3.3963259852322882,-635.5969999998952,11.207,-646.8039999998952,band_vwap
2019-03-21,LONG,2019-03-21 10:30:00,2019-03-21 15:59:00,282.621,284.66900000000004,1586,3.371545677538672,3248.128000000093,11.102,3237.026000000093,market_close
2019-03-22,SHORT,2019-03-22 10:30:00,2019-03-22 15:00:00,282.129,281.191,1503,3.146780719962957,1409.8140000000676,10.521,1399.2930000000677,band_vwap
2019-03-22,SHORT,2019-03-22 15:30:00,2019-03-22 15:59:00,280.309,279.251,1503,3.146780719962957,1590.1740000000746,10.521,1579.6530000000746,market_close
2019-03-27,SHORT,2019-03-27 12:00:00,2019-03-27 13:30:00,278.339,279.721,1191,2.4220714712417037,-1645.962000000006,8.337,-1654.299000000006,band_vwap
2019-03-27,SHORT,2019-03-27 14:00:00,2019-03-27 14:30:00,279.769,279.881,1191,2.4220714712417037,-133.39199999995992,8.337,-141.7289999999599,band_vwap
2019-04-15,SHORT,2019-04-15 11:00:00,2019-04-15 13:30:00,289.394,289.76099999999997,1881,4.0,-690.3269999999281,13.167,-703.4939999999282,band_vwap
2019-04-17,SHORT,2019-04-17 11:30:00,2019-04-17 15:59:00,289.67900000000003,289.481,1863,4.0,368.8740000000669,13.041,355.83300000006693,market_close
2019-04-23,LONG,2019-04-23 11:00:00,2019-04-23 15:59:00,291.566,292.84900000000005,1873,4.0,2403.0590000001353,13.111,2389.9480000001354,market_close
2019-04-29,LONG,2019-04-29 13:00:00,2019-04-29 15:00:00,294.241,294.189,1887,4.0,-98.12399999993221,13.209,-111.33299999993221,band_vwap
2019-04-30,SHORT,2019-04-30 10:30:00,2019-04-30 12:00:00,292.949,293.08099999999996,1886,4.0,-248.95199999990223,13.202,-262.1539999999022,band_vwap
2019-05-02,SHORT,2019-05-02 12:00:00,2019-05-02 13:30:00,289.999,291.0234,1894,4.0,-1940.213599999919,13.258000000000001,-1953.4715999999191,band_vwap
2019-05-03,LONG,2019-05-03 13:00:00,2019-05-03 15:59:00,293.90099999999995,294.019,1860,4.0,219.48000000009642,13.02,206.46000000009641,market_close
2019-05-07,SHORT,2019-05-07 11:30:00,2019-05-07 15:59:00,288.649,288.041,1880,4.0,1143.0400000000077,13.16,1129.8800000000076,market_close
2019-05-09,SHORT,2019-05-09 10:30:00,2019-05-09 12:00:00,283.71900000000005,284.561,1493,3.09758264532751,-1257.105999999892,10.451,-1267.556999999892,band_vwap
2019-05-10,SHORT,2019-05-10 11:00:00,2019-05-10 12:30:00,282.90900000000005,284.89599999999996,1479,3.101532785053062,-2938.772999999866,10.353,-2949.125999999866,band_vwap
2019-05-13,SHORT,2019-05-13 13:00:00,2019-05-13 14:30:00,280.309,281.561,1433,3.0370584318071656,-1794.1159999999322,10.031,-1804.1469999999322,band_vwap
2019-05-14,LONG,2019-05-14 11:00:00,2019-05-14 15:59:00,283.39099999999996,283.329,1078,2.3120554811423903,-66.83599999995147,7.546,-74.38199999995147,market_close
2019-05-15,LONG,2019-05-15 12:00:00,2019-05-15 15:59:00,285.161,285.059,1018,2.1810486366226183,-103.835999999975,7.126,-110.961999999975,market_close
2019-05-16,LONG,2019-05-16 10:30:00,2019-05-16 14:00:00,288.351,288.124,974,2.1211744570256297,-221.09799999997608,6.8180000000000005,-227.9159999999761,band_vwap
2019-05-16,LONG,2019-05-16 14:30:00,2019-05-16 15:30:00,288.59349999999995,287.959,974,2.1211744570256297,-618.0029999999473,6.8180000000000005,-624.8209999999473,band_vwap
2019-05-23,SHORT,2019-05-23 12:30:00,2019-05-23 15:30:00,281.439,282.07099999999997,907,1.9688035432406639,-573.223999999953,6.349,-579.572999999953,band_vwap
2019-06-04,LONG,2019-06-04 12:00:00,2019-06-04 15:59:00,279.14099999999996,280.519,1209,2.5796432477169837,1666.0020000000518,8.463000000000001,1657.5390000000518,market_close
2019-06-07,LONG,2019-06-07 10:30:00,2019-06-07 15:59:00,287.39099999999996,287.629,956,2.078303963315279,227.5280000000539,6.692,220.8360000000539,market_close
2019-06-18,LONG,2019-06-18 10:30:00,2019-06-18 12:00:00,292.851,292.319,1094,2.419892510248848,-582.0079999999806,7.658,-589.6659999999806,band_vwap
2019-06-18,LONG,2019-06-18 12:30:00,2019-06-18 13:00:00,292.541,292.509,1094,2.419892510248848,-35.0079999999806,7.658,-42.6659999999806,band_vwap
2019-06-18,LONG,2019-06-18 14:30:00,2019-06-18 15:00:00,292.726,292.48400000000004,1094,2.419892510248848,-264.7479999999582,7.658,-272.4059999999582,band_vwap
2019-06-25,SHORT,2019-06-25 10:30:00,2019-06-25 15:59:00,292.779,290.791,1727,3.877544352390592,3433.2759999999994,12.089,3421.1869999999994,market_close
2019-07-05,LONG,2019-07-05 15:30:00,2019-07-05 15:59:00,298.351,298.35900000000004,1590,3.522077817603224,12.720000000060736,11.13,1.5900000000607353,market_close
2019-07-16,SHORT,2019-07-16 12:30:00,2019-07-16 13:30:00,299.71900000000005,300.1577,1786,4.0,-783.5181999998681,12.502,-796.020199999868,band_vwap
2019-07-16,SHORT,2019-07-16 14:30:00,2019-07-16 15:59:00,299.629,299.741,1786,4.0,-200.0319999999399,12.502,-212.5339999999399,market_close
2019-07-17,SHORT,2019-07-17 11:00:00,2019-07-17 12:00:00,298.689,299.08099999999996,1778,4.0,-696.9759999998917,12.446,-709.4219999998917,band_vwap
2019-07-17,SHORT,2019-07-17 12:30:00,2019-07-17 14:00:00,298.8489,298.981,1778,4.0,-234.87379999996426,12.446,-247.31979999996426,band_vwap
2019-07-17,SHORT,2019-07-17 15:00:00,2019-07-17 15:59:00,298.60400000000004,297.77099999999996,1778,4.0,1481.0740000001488,12.446,1468.6280000001489,market_close
2019-07-18,LONG,2019-07-18 15:30:00,2019-07-18 15:59:00,298.65599999999995,298.84900000000005,1800,4.0,347.40000000017517,12.6,334.80000000017515,market_close
2019-07-24,LONG,2019-07-24 15:00:00,2019-07-24 15:59:00,300.911,301.379,1793,4.0,839.1240000000319,12.551,826.5730000000318,market_close
2019-07-25,SHORT,2019-07-25 10:30:00,2019-07-25 11:00:00,300.3557,300.64099999999996,1793,4.0,-511.5428999999098,12.551,-524.0938999999098,band_vwap
2019-07-25,SHORT,2019-07-25 12:00:00,2019-07-25 15:59:00,300.019,299.97119999999995,1793,4.0,85.70540000009328,12.551,73.15440000009328,market_close
2019-07-26,LONG,2019-07-26 12:00:00,2019-07-26 15:59:00,301.736,301.98900000000003,1788,4.0,452.36400000007643,12.516,439.8480000000764,market_close
2019-07-29,SHORT,2019-07-29 10:30:00,2019-07-29 11:30:00,301.194,301.541,1788,4.0,-620.4359999999642,12.516,-632.9519999999642,band_vwap
2019-07-31,SHORT,2019-07-31 15:30:00,2019-07-31 15:59:00,298.97900000000004,297.381,1785,4.0,2852.430000000125,12.495000000000001,2839.935000000125,market_close
2019-08-01,LONG,2019-08-01 10:30:00,2019-08-01 13:30:00,299.671,298.22900000000004,1657,3.596126707146314,-2389.393999999918,11.599,-2400.992999999918,band_vwap
2019-08-01,SHORT,2019-08-01 14:30:00,2019-08-01 15:59:00,295.319,294.881,1657,3.596126707146314,725.7660000000747,11.599,714.1670000000746,market_close
2019-08-02,SHORT,2019-08-02 10:30:00,2019-08-02 12:30:00,292.41900000000004,292.82099999999997,1607,3.486355157738678,-646.0139999998875,11.249,-657.2629999998875,band_vwap
2019-08-02,SHORT,2019-08-02 13:00:00,2019-08-02 14:30:00,291.819,292.221,1607,3.486355157738678,-646.0139999999788,11.249,-657.2629999999788,band_vwap
2019-08-02,SHORT,2019-08-02 15:00:00,2019-08-02 15:30:00,292.274,292.84099999999995,1607,3.486355157738678,-911.1689999999203,11.249,-922.4179999999203,band_vwap
2019-08-05,SHORT,2019-08-05 10:30:00,2019-08-05 15:59:00,286.649,284.041,1563,3.380757371929051,4076.3040000000065,10.941,4065.3630000000067,market_close
2019-08-08,LONG,2019-08-08 11:00:00,2019-08-08 15:59:00,291.316,293.54900000000004,911,1.9236050254310624,2034.2630000000554,6.377,2027.8860000000554,market_close
2019-08-09,SHORT,2019-08-09 11:00:00,2019-08-09 13:30:00,291.34900000000005,291.95099999999996,804,1.6887498340960094,-484.00799999993455,5.628,-489.63599999993454,band_vwap
2019-08-13,LONG,2019-08-13 10:30:00,2019-08-13 11:00:00,293.77099999999996,292.319,811,1.681335826480197,-1177.5719999999524,5.6770000000000005,-1183.2489999999523,band_vwap
2019-08-13,LONG,2019-08-13 12:30:00,2019-08-13 13:00:00,292.981,292.65900000000005,811,1.681335826480197,-261.1419999999561,5.6770000000000005,-266.81899999995613,band_vwap
2019-08-14,SHORT,2019-08-14 11:30:00,2019-08-14 15:59:00,286.119,283.921,813,1.705306400739937,1786.9740000000293,5.691,1781.2830000000292,market_close
2019-08-16,LONG,2019-08-16 11:30:00,2019-08-16 15:00:00,288.481,288.649,706,1.4552181557608959,118.6080000000045,4.942,113.66600000000449,band_vwap
2019-08-23,SHORT,2019-08-23 12:00:00,2019-08-23 15:59:00,286.709,284.811,644,1.3463487704131705,1222.3120000000158,4.508,1217.8040000000158,market_close
2019-09-05,LONG,2019-09-05 10:30:00,2019-09-05 12:00:00,298.20099999999996,297.869,861,1.8204363294677246,-285.8519999999456,6.027,-291.87899999994556,band_vwap
2019-09-10,SHORT,2019-09-10 11:30:00,2019-09-10 12:00:00,296.189,296.911,897,1.9026230030326423,-647.633999999982,6.279,-653.912999999982,band_vwap
2019-09-18,SHORT,2019-09-18 15:00:00,2019-09-18 15:30:00,299.059,300.006,1576,3.39532093002164,-1492.4719999999147,11.032,-1503.5039999999146,band_vwap
2019-09-19,LONG,2019-09-19 11:00:00,2019-09-19 12:30:00,302.181,301.649,1565,3.42037794050409,-832.5799999999722,10.955,-843.5349999999722,band_vwap
2019-09-20,SHORT,2019-09-20 14:00:00,2019-09-20 15:59:00,298.66900000000004,298.131,1777,3.8900154332526684,956.0260000001203,12.439,943.5870000001204,market_close
2019-09-24,SHORT,2019-09-24 12:30:00,2019-09-24 15:59:00,296.35400000000004,295.811,1628,3.5291971638964528,884.0040000001029,11.396,872.608000000103,market_close
2019-09-25,LONG,2019-09-25 15:00:00,2019-09-25 15:59:00,297.501,297.59900000000005,1678,3.573241437463588,164.4440000001175,11.746,152.6980000001175,market_close
2019-09-26,SHORT,2019-09-26 10:30:00,2019-09-26 12:30:00,296.749,296.661,1870,4.0,164.56000000004167,13.09,151.47000000004167,band_vwap
2019-09-26,SHORT,2019-09-26 13:00:00,2019-09-26 14:00:00,296.60900000000004,296.881,1870,4.0,-508.63999999987755,13.09,-521.7299999998776,band_vwap
2019-09-27,SHORT,2019-09-27 13:00:00,2019-09-27 15:59:00,294.90900000000005,295.361,1864,4.0,-842.5279999998907,13.048,-855.5759999998907,market_close
2019-09-30,LONG,2019-09-30 11:30:00,2019-09-30 15:00:00,297.02099999999996,297.069,1864,4.0,89.47200000010935,13.048,76.42400000010934,band_vwap
2019-10-01,SHORT,2019-10-01 11:00:00,2019-10-01 15:59:00,295.389,293.21099999999996,1835,3.9590298881657953,3996.6300000000992,12.845,3983.7850000000994,market_close
2019-10-02,SHORT,2019-10-02 10:30:00,2019-10-02 15:00:00,289.28900000000004,288.481,1772,3.6382058678231712,1431.7760000000878,12.404,1419.3720000000878,band_vwap
2019-10-02,SHORT,2019-10-02 15:30:00,2019-10-02 15:59:00,288.41900000000004,288.041,1772,3.6382058678231712,669.8160000000757,12.404,657.4120000000757,market_close
2019-10-03,LONG,2019-10-03 14:30:00,2019-10-03 15:30:00,290.171,289.57370000000003,1484,2.9653988953670494,-886.3931999999429,10.388,-896.7811999999429,band_vwap
2019-10-04,LONG,2019-10-04 10:30:00,2019-10-04 11:00:00,291.911,291.85900000000004,1334,2.712399303333539,-69.36799999995208,9.338000000000001,-78.70599999995207,band_vwap
2019-10-04,LONG,2019-10-04 12:00:00,2019-10-04 15:59:00,292.89599999999996,294.369,1334,2.712399303333539,1964.9820000000934,9.338000000000001,1955.6440000000935,market_close
2019-10-08,SHORT,2019-10-08 10:30:00,2019-10-08 11:00:00,289.449,290.15099999999995,1170,2.348588226246013,-821.3399999999314,8.19,-829.5299999999314,band_vwap
2019-10-08,SHORT,2019-10-08 11:30:00,2019-10-08 12:30:00,289.4542,289.991,1170,2.348588226246013,-628.0559999999662,8.19,-636.2459999999662,band_vwap
2019-10-10,LONG,2019-10-10 10:30:00,2019-10-10 13:30:00,293.066,293.03900000000004,1008,2.0454156902165748,-27.21599999992941,7.056,-34.271999999929406,band_vwap
2019-10-11,LONG,2019-10-11 10:30:00,2019-10-11 12:00:00,297.846,297.759,987,2.0368596476972836,-85.86899999998923,6.909,-92.77799999998923,band_vwap
2019-10-11,LONG,2019-10-11 15:00:00,2019-10-11 15:59:00,298.301,296.259,987,2.0368596476972836,-2015.4539999999736,6.909,-2022.3629999999737,market_close
2019-10-15,LONG,2019-10-15 11:00:00,2019-10-15 15:59:00,299.45099999999996,298.899,948,1.991598945953268,-523.2959999999659,6.636,-529.9319999999659,market_close
2019-10-25,LONG,2019-10-25 11:30:00,2019-10-25 15:59:00,302.08099999999996,301.639,1314,2.7965119646225753,-580.7879999999349,9.198,-589.9859999999348,market_close
2019-10-31,SHORT,2019-10-31 10:30:00,2019-10-31 15:59:00,302.4587,303.26099999999997,1845,4.0,-1480.2434999998995,12.915000000000001,-1493.1584999998995,market_close
2019-11-01,LONG,2019-11-01 14:00:00,2019-11-01 15:59:00,305.851,306.17900000000003,1821,4.0,597.2880000000571,12.747,584.5410000000571,market_close
2019-11-12,LONG,2019-11-12 10:30:00,2019-11-12 12:00:00,309.801,309.389,1806,4.0,-744.0719999999598,12.642,-756.7139999999598,band_vwap
2019-11-20,SHORT,2019-11-20 13:30:00,2019-11-20 15:59:00,309.389,310.791,1781,4.0,-2496.9619999999763,12.467,-2509.4289999999764,market_close
2019-11-21,SHORT,2019-11-21 10:30:00,2019-11-21 11:00:00,309.66900000000004,310.07489999999996,1751,4.0,-710.7308999998552,12.257,-722.9878999998551,band_vwap
2019-11-21,SHORT,2019-11-21 11:30:00,2019-11-21 12:30:00,310.0231,310.251,1751,4.0,-399.05289999995955,12.257,-411.30989999995955,band_vwap
2019-11-25,LONG,2019-11-25 10:30:00,2019-11-25 15:59:00,312.941,313.34900000000005,1731,4.0,706.2480000001251,12.117,694.1310000001251,market_close
2019-11-27,LONG,2019-11-27 14:00:00,2019-11-27 15:59:00,315.2915,315.439,1725,4.0,254.43750000006276,12.075000000000001,242.36250000006277,market_close
2019-12-02,SHORT,2019-12-02 10:30:00,2019-12-02 14:30:00,312.249,312.411,1728,4.0,-279.9359999999615,12.096,-292.0319999999615,band_vwap
2019-12-02,SHORT,2019-12-02 15:00:00,2019-12-02 15:59:00,312.389,311.601,1728,4.0,1361.6640000000189,12.096,1349.5680000000189,market_close
2019-12-04,LONG,2019-12-04 10:30:00,2019-12-04 12:30:00,311.471,311.42900000000003,1681,3.813911079088509,-70.6019999999549,11.767,-82.3689999999549,band_vwap
2019-12-04,LONG,2019-12-04 13:00:00,2019-12-04 15:59:00,311.676,311.46900000000005,1681,3.813911079088509,-347.96699999989374,11.767,-359.73399999989374,market_close
2019-12-06,LONG,2019-12-06 11:30:00,2019-12-06 15:59:00,315.171,314.819,1580,3.6356651494016257,-556.1599999999612,11.06,-567.2199999999611,market_close
2019-12-12,LONG,2019-12-12 10:30:00,2019-12-12 11:30:00,317.751,316.40900000000005,1496,3.4591527848059713,-2007.6319999998918,10.472,-2018.1039999998918,band_vwap
2019-12-12,LONG,2019-12-12 12:00:00,2019-12-12 12:30:00,316.171,315.571,1496,3.4591527848059713,-897.599999999949,10.472,-908.071999999949,band_vwap
2019-12-12,LONG,2019-12-12 13:00:00,2019-12-12 13:30:00,316.001,316.309,1496,3.4591527848059713,460.76800000007415,10.472,450.2960000000742,band_vwap
2019-12-12,LONG,2019-12-12 14:00:00,2019-12-12 14:30:00,316.21099999999996,316.009,1496,3.4591527848059713,-302.19199999991224,10.472,-312.6639999999122,band_vwap
2019-12-12,LONG,2019-12-12 15:00:00,2019-12-12 15:59:00,316.71099999999996,317.139,1496,3.4591527848059713,640.288000000081,10.472,629.816000000081,market_close
2019-12-16,LONG,2019-12-16 12:30:00,2019-12-16 13:00:00,320.07099999999997,319.97400000000005,1404,3.3485058181800635,-136.1879999998921,9.828,-146.0159999998921,band_vwap
2019-12-16,LONG,2019-12-16 14:00:00,2019-12-16 14:30:00,320.051,319.72900000000004,1404,3.3485058181800635,-452.087999999924,9.828,-461.915999999924,band_vwap
2019-12-19,LONG,2019-12-19 12:30:00,2019-12-19 13:00:00,320.65099999999995,320.53900000000004,1400,3.362175092427557,-156.7999999998733,9.8,-166.59999999987332,band_vwap
2019-12-19,LONG,2019-12-19 14:00:00,2019-12-19 15:59:00,320.791,320.90900000000005,1400,3.362175092427557,165.20000000007258,9.8,155.40000000007257,market_close
2019-12-26,LONG,2019-12-26 14:00:00,2019-12-26 14:30:00,322.34099999999995,322.29900000000004,1656,4.0,-69.55199999986144,11.592,-81.14399999986144,band_vwap
2019-12-30,SHORT,2019-12-30 10:30:00,2019-12-30 12:00:00,320.899,321.46099999999996,1649,4.0,-926.7379999999257,11.543000000000001,-938.2809999999257,band_vwap
2019-12-30,SHORT,2019-12-30 12:30:00,2019-12-30 13:00:00,321.879,321.83099999999996,1649,4.0,79.15200000009673,11.543000000000001,67.60900000009673,band_vwap
2019-12-30,SHORT,2019-12-30 13:30:00,2019-12-30 14:00:00,321.589,321.736,1649,4.0,-242.40299999998575,11.543000000000001,-253.94599999998576,band_vwap
2019-12-30,SHORT,2019-12-30 14:30:00,2019-12-30 15:59:00,321.269,321.101,1649,4.0,277.0320000000105,11.543000000000001,265.4890000000105,market_close
2020-01-08,LONG,2020-01-08 12:00:00,2020-01-08 15:59:00,324.811,324.41900000000004,1638,4.0,-642.0959999999002,11.466000000000001,-653.5619999999002,market_close
2020-01-13,LONG,2020-01-13 12:30:00,2020-01-13 14:00:00,327.411,327.22900000000004,1613,4.0,-293.5659999999347,11.291,-304.8569999999347,band_vwap
2020-01-13,LONG,2020-01-13 15:00:00,2020-01-13 15:30:00,327.551,327.369,1613,4.0,-293.5659999999347,11.291,-304.8569999999347,band_vwap
2020-01-15,LONG,2020-01-15 10:30:00,2020-01-15 13:00:00,328.491,328.15900000000005,1598,3.992289623093933,-530.535999999899,11.186,-541.721999999899,band_vwap
2020-01-24,SHORT,2020-01-24 11:00:00,2020-01-24 15:59:00,331.16400000000004,328.751,1570,4.0,3788.4100000001063,10.99,3777.4200000001065,market_close
2020-01-28,LONG,2020-01-28 11:00:00,2020-01-28 15:59:00,326.851,326.889,1254,3.0377699040472614,47.652000000013686,8.778,38.87400000001369,market_close
2020-01-31,SHORT,2020-01-31 10:30:00,2020-01-31 15:59:00,324.65900000000005,321.741,1207,2.939951162403689,3522.0260000000762,8.449,3513.577000000076,market_close
2020-02-03,LONG,2020-02-03 10:30:00,2020-02-03 11:30:00,326.121,324.689,1018,2.3890225559585656,-1457.775999999959,7.126,-1464.901999999959,band_vwap
2020-02-03,LONG,2020-02-03 13:00:00,2020-02-03 13:30:00,324.851,324.21900000000005,1018,2.3890225559585656,-643.3759999999472,7.126,-650.5019999999472,band_vwap
2020-02-04,LONG,2020-02-04 12:00:00,2020-02-04 15:59:00,329.59099999999995,329.079,983,2.3769252534940373,-503.29599999994457,6.881,-510.17699999994454,market_close
2020-02-10,LONG,2020-02-10 11:00:00,2020-02-10 12:30:00,333.32099999999997,333.149,835,2.0460141306167707,-143.6199999999738,5.845,-149.4649999999738,band_vwap
2020-02-10,LONG,2020-02-10 15:30:00,2020-02-10 15:59:00,334.15099999999995,334.689,835,2.0460141306167707,449.2300000000566,5.845,443.38500000005655,market_close
2020-02-20,SHORT,2020-02-20 12:00:00,2020-02-20 13:30:00,335.464,336.231,1000,2.495253071129803,-766.9999999999959,7.0,-773.9999999999959,band_vwap
2020-02-20,SHORT,2020-02-20 14:00:00,2020-02-20 14:30:00,335.85400000000004,336.39099999999996,1000,2.495253071129803,-536.9999999999209,7.0,-543.9999999999209,band_vwap
2020-02-21,SHORT,2020-02-21 10:30:00,2020-02-21 11:30:00,334.189,334.27099999999996,976,2.4404705849342765,-80.03199999993831,6.832,-86.8639999999383,band_vwap
2020-02-21,SHORT,2020-02-21 13:00:00,2020-02-21 15:59:00,333.96900000000005,333.491,976,2.4404705849342765,466.5280000000639,6.832,459.6960000000639,market_close
2020-02-25,SHORT,2020-02-25 11:00:00,2020-02-25 15:59:00,319.819,312.70099999999996,714,1.719477357697607,5082.252000000037,4.998,5077.254000000037,market_close
2020-02-26,LONG,2020-02-26 10:30:00,2020-02-26 12:00:00,316.33099999999996,315.41900000000004,674,1.5176434179164182,-614.6879999999467,4.718,-619.4059999999466,band_vwap
2020-02-27,SHORT,2020-02-27 15:30:00,2020-02-27 15:59:00,302.249,297.551,730,1.6049139145150693,3429.5400000000263,5.11,3424.430000000026,market_close
2020-02-28,SHORT,2020-02-28 10:30:00,2020-02-28 11:00:00,286.40900000000005,289.96099999999996,609,1.2346574298308648,-2163.1679999999433,4.263,-2167.430999999943,band_vwap
2020-03-02,LONG,2020-03-02 12:00:00,2020-03-02 15:00:00,303.601,300.059,580,1.233987384744464,-2054.359999999984,4.0600000000000005,-2058.419999999984,band_vwap
2020-03-03,SHORT,2020-03-03 12:00:00,2020-03-03 15:59:00,307.319,300.34099999999995,424,0.9509763792020025,2958.6720000000278,2.968,2955.704000000028,market_close
2020-03-04,LONG,2020-03-04 14:00:00,2020-03-04 15:59:00,308.981,312.90900000000005,423,0.9192897567827312,1661.5440000000228,2.961,1658.5830000000228,market_close
2020-03-10,SHORT,2020-03-10 10:30:00,2020-03-10 13:30:00,282.329,279.26099999999997,381,0.7597179017723734,1168.9080000000154,2.6670000000000003,1166.2410000000154,band_vwap
2020-03-10,SHORT,2020-03-10 14:00:00,2020-03-10 14:30:00,277.1952,278.881,381,0.7597179017723734,-642.2897999999893,2.6670000000000003,-644.9567999999894,band_vwap
2020-03-11,SHORT,2020-03-11 11:00:00,2020-03-11 15:59:00,278.529,274.361,380,0.7445042369977765,1583.8400000000024,2.66,1581.1800000000023,market_close
2020-03-13,SHORT,2020-03-13 10:30:00,2020-03-13 13:30:00,259.279,258.65099999999995,389,0.707311756953598,244.29200000001663,2.723,241.56900000001662,band_vwap
2020-03-13,SHORT,2020-03-13 14:00:00,2020-03-13 15:00:00,259.28900000000004,256.981,389,0.707311756953598,897.8120000000192,2.723,895.0890000000193,band_vwap
2020-03-13,SHORT,2020-03-13 15:30:00,2020-03-13 15:59:00,258.96900000000005,270.931,389,0.707311756953598,-4653.2179999999735,2.723,-4655.940999999973,market_close
2020-03-20,SHORT,2020-03-20 13:00:00,2020-03-20 14:00:00,237.474,237.836,367,0.6306778812325984,-132.8540000000085,2.569,-135.4230000000085,band_vwap
2020-03-20,SHORT,2020-03-20 15:00:00,2020-03-20 15:59:00,232.309,228.941,367,0.6306778812325984,1236.0559999999982,2.569,1233.4869999999983,market_close
2020-03-23,SHORT,2020-03-23 11:30:00,2020-03-23 13:00:00,220.619,227.401,382,0.6120956712175507,-2590.7240000000043,2.674,-2593.3980000000042,band_vwap
2020-03-23,SHORT,2020-03-23 14:00:00,2020-03-23 15:59:00,222.959,222.511,382,0.6120956712175507,171.13600000000287,2.674,168.46200000000286,market_close
2020-03-24,LONG,2020-03-24 11:00:00,2020-03-24 11:30:00,237.481,238.369,369,0.6192333776148601,327.67200000000196,2.583,325.08900000000193,band_vwap
2020-03-24,LONG,2020-03-24 12:30:00,2020-03-24 14:00:00,242.231,237.239,369,0.6192333776148601,-1842.0479999999964,2.583,-1844.6309999999964,band_vwap
2020-03-24,LONG,2020-03-24 15:30:00,2020-03-24 15:59:00,241.441,243.589,369,0.6192333776148601,792.6119999999986,2.583,790.0289999999986,market_close
2020-03-25,LONG,2020-03-25 13:00:00,2020-03-25 15:59:00,250.8367,246.769,256,0.45048345053059885,-1041.3312000000005,1.792,-1043.1232000000005,market_close
2020-03-26,LONG,2020-03-26 10:30:00,2020-03-26 15:59:00,255.371,261.389,246,0.4453218432311633,1480.428,1.722,1478.7060000000001,market_close
2020-03-30,LONG,2020-03-30 13:30:00,2020-03-30 14:00:00,259.871,259.089,234,0.4288643418758963,-182.98799999999585,1.6380000000000001,-184.62599999999586,band_vwap
2020-04-02,LONG,2020-04-02 11:00:00,2020-04-02 11:30:00,250.851,249.19899999999998,245,0.4309809412719025,-404.74000000000376,1.715,-406.45500000000374,band_vwap
2020-04-03,SHORT,2020-04-03 14:00:00,2020-04-03 14:30:00,246.079,246.821,236,0.4252256387382321,-175.1119999999977,1.6520000000000001,-176.76399999999768,band_vwap
2020-04-06,LONG,2020-04-06 13:30:00,2020-04-06 14:30:00,262.03889999999996,261.65900000000005,236,0.4380904399999795,-89.65639999997802,1.6520000000000001,-91.30839999997802,band_vwap
2020-04-08,LONG,2020-04-08 15:00:00,2020-04-08 15:30:00,273.77099999999996,273.84900000000005,223,0.4310537861221314,17.394000000019673,1.561,15.833000000019673,band_vwap
2020-04-13,SHORT,2020-04-13 10:30:00,2020-04-13 12:00:00,273.47900000000004,273.601,247,0.49369552237483044,-30.13399999998944,1.729,-31.86299999998944,band_vwap
2020-04-21,SHORT,2020-04-21 11:30:00,2020-04-21 13:30:00,272.879,274.491,344,0.6866838095424374,-554.5279999999884,2.408,-556.9359999999884,band_vwap
2020-04-23,LONG,2020-04-23 11:00:00,2020-04-23 12:00:00,283.291,282.309,366,0.7425206511120005,-359.41199999998935,2.562,-361.97399999998936,band_vwap
2020-04-29,LONG,2020-04-29 13:30:00,2020-04-29 15:59:00,294.001,293.189,466,0.9860407549677488,-378.391999999979,3.262,-381.653999999979,market_close
2020-04-30,SHORT,2020-04-30 12:30:00,2020-04-30 13:00:00,289.17900000000003,289.96099999999996,482,1.0238265610989894,-376.92399999996405,3.374,-380.2979999999641,band_vwap
2020-04-30,SHORT,2020-04-30 14:00:00,2020-04-30 15:30:00,289.209,290.551,482,1.0238265610989894,-646.8439999999925,3.374,-650.2179999999926,band_vwap
2020-05-01,SHORT,2020-05-01 12:30:00,2020-05-01 15:59:00,282.329,282.731,486,1.017302242490241,-195.3719999999936,3.402,-198.77399999999358,market_close
2020-05-05,LONG,2020-05-05 12:00:00,2020-05-05 12:30:00,288.871,288.78900000000004,491,1.0324286736364674,-40.261999999968964,3.4370000000000003,-43.69899999996896,band_vwap
2020-05-05,LONG,2020-05-05 13:30:00,2020-05-05 15:30:00,288.51099999999997,287.15900000000005,491,1.0324286736364674,-663.8319999999601,3.4370000000000003,-667.2689999999601,band_vwap
2020-05-13,SHORT,2020-05-13 11:30:00,2020-05-13 15:59:00,283.97900000000004,281.671,645,1.361051588393801,1488.660000000032,4.515,1484.1450000000318,market_close
2020-05-14,SHORT,2020-05-14 10:30:00,2020-05-14 11:00:00,277.29900000000004,279.871,631,1.2844688518153826,-1622.931999999966,4.417,-1627.3489999999658,band_vwap
2020-05-18,LONG,2020-05-18 11:30:00,2020-05-18 12:00:00,295.251,295.029,617,1.336323296947878,-136.97399999998765,4.319,-141.29299999998764,band_vwap
2020-05-18,LONG,2020-05-18 14:00:00,2020-05-18 15:30:00,295.59299999999996,295.78400000000005,617,1.336323296947878,117.84700000005415,4.319,113.52800000005415,band_vwap
2020-05-20,LONG,2020-05-20 11:00:00,2020-05-20 12:00:00,297.09099999999995,297.572,579,1.2651938929118594,278.49900000002975,4.053,274.44600000002976,band_vwap
2020-05-21,SHORT,2020-05-21 11:30:00,2020-05-21 12:30:00,294.329,295.371,565,1.2362469016323752,-588.7299999999848,3.955,-592.6849999999848,band_vwap
2020-06-03,LONG,2020-06-03 15:30:00,2020-06-03 15:59:00,312.601,312.21070000000003,715,1.6413371734730713,-279.06449999997704,5.005,-284.06949999997704,market_close
2020-06-05,LONG,2020-06-05 11:30:00,2020-06-05 15:59:00,320.611,319.269,794,1.8680081194655067,-1065.5479999999877,5.558,-1071.1059999999877,market_close
2020-06-08,LONG,2020-06-08 14:30:00,2020-06-08 15:59:00,322.056,323.249,705,1.6894067339715686,841.0650000000285,4.9350000000000005,836.1300000000285,market_close
2020-06-10,SHORT,2020-06-10 11:00:00,2020-06-10 11:30:00,318.689,319.65099999999995,861,2.056878840287099,-828.2819999999417,6.027,-834.3089999999418,band_vwap
2020-06-11,SHORT,2020-06-11 11:00:00,2020-06-11 15:59:00,309.079,300.621,878,2.0447388369948545,7426.124000000023,6.146,7419.978000000024,market_close
2020-06-15,LONG,2020-06-15 15:00:00,2020-06-15 15:30:00,306.741,305.85900000000004,485,1.0240985728335987,-427.76999999997486,3.395,-431.16499999997484,band_vwap
2020-06-19,SHORT,2020-06-19 14:00:00,2020-06-19 15:00:00,307.90900000000005,309.431,454,1.013559315456516,-690.9879999999703,3.178,-694.1659999999703,band_vwap
2020-06-24,SHORT,2020-06-24 10:30:00,2020-06-24 15:59:00,308.259,304.121,460,1.0180018003298907,1903.4800000000155,3.22,1900.2600000000155,market_close
2020-06-26,SHORT,2020-06-26 10:30:00,2020-06-26 15:59:00,302.869,300.01099999999997,472,1.0179518168006918,1348.9760000000288,3.3040000000000003,1345.6720000000287,market_close
2020-07-09,SHORT,2020-07-09 11:30:00,2020-07-09 13:00:00,311.73900000000003,313.4994,674,1.4897632313973888,-1186.5095999999644,4.718,-1191.2275999999645,band_vwap
2020-07-09,SHORT,2020-07-09 13:30:00,2020-07-09 14:30:00,313.91400000000004,314.551,674,1.4897632313973888,-429.337999999962,4.718,-434.055999999962,band_vwap
2020-07-10,LONG,2020-07-10 15:30:00,2020-07-10 15:59:00,317.34099999999995,317.60900000000004,666,1.4773854078811266,178.48800000005724,4.662,173.82600000005723,market_close
2020-07-14,LONG,2020-07-14 15:00:00,2020-07-14 15:59:00,317.421,318.889,666,1.4708122082074133,977.6880000000118,4.662,973.0260000000118,market_close
2020-07-20,LONG,2020-07-20 13:30:00,2020-07-20 15:59:00,323.2987,324.35900000000004,1012,2.278221220697956,1073.0236000000411,7.0840000000000005,1065.939600000041,market_close
2020-07-23,SHORT,2020-07-23 13:30:00,2020-07-23 15:59:00,324.949,322.936,1104,2.5055196337388415,2222.352000000037,7.728,2214.624000000037,market_close
2020-07-27,LONG,2020-07-27 10:30:00,2020-07-27 11:00:00,322.57099999999997,322.589,1077,2.371238471074908,19.386000000031345,7.539000000000001,11.847000000031343,band_vwap
2020-07-29,LONG,2020-07-29 10:30:00,2020-07-29 15:59:00,323.231,325.089,1127,2.4852784868623625,2093.9660000000044,7.889,2086.0770000000043,market_close
2020-07-30,SHORT,2020-07-30 10:30:00,2020-07-30 11:00:00,320.779,321.421,1108,2.407865852122979,-711.3359999999955,7.756,-719.0919999999954,band_vwap
2020-07-31,SHORT,2020-07-31 13:00:00,2020-07-31 13:30:00,321.67900000000003,322.721,1114,2.4617264979249978,-1160.78799999997,7.798,-1168.58599999997,band_vwap
2020-08-06,LONG,2020-08-06 15:00:00,2020-08-06 15:59:00,334.001,334.309,1279,2.8982134293804367,393.9320000000634,8.953,384.9790000000634,market_close
2020-08-12,LONG,2020-08-12 10:30:00,2020-08-12 13:30:00,337.121,336.66900000000004,1201,2.7465189771960126,-542.8519999999296,8.407,-551.2589999999296,band_vwap
2020-08-12,LONG,2020-08-12 14:00:00,2020-08-12 15:59:00,337.881,337.41900000000004,1201,2.7465189771960126,-554.8619999999187,8.407,-563.2689999999187,market_close
2020-08-21,LONG,2020-08-21 15:30:00,2020-08-21 15:59:00,339.4826,339.439,1627,3.775644690079413,-70.93719999995028,11.389000000000001,-82.32619999995028,market_close
2020-08-26,LONG,2020-08-26 12:00:00,2020-08-26 15:59:00,345.99399999999997,347.559,1533,3.6328176210530008,2399.1450000000837,10.731,2388.4140000000834,market_close
2020-09-01,LONG,2020-09-01 13:30:00,2020-09-01 15:59:00,351.01099999999997,352.559,1620,3.835602715498907,2507.760000000095,11.34,2496.4200000000947,market_close
2020-09-02,LONG,2020-09-02 13:00:00,2020-09-02 15:59:00,355.58099999999996,357.67900000000003,1696,4.0,3558.208000000119,11.872,3546.336000000119,market_close
2020-09-03,SHORT,2020-09-03 11:00:00,2020-09-03 15:59:00,351.329,345.411,1633,3.7740966106704197,9664.09400000001,11.431000000000001,9652.66300000001,market_close
2020-09-04,SHORT,2020-09-04 10:30:00,2020-09-04 12:30:00,339.23900000000003,340.491,814,1.7221974164473104,-1019.1279999999615,5.698,-1024.8259999999616,band_vwap
2020-09-04,SHORT,2020-09-04 13:00:00,2020-09-04 14:00:00,340.889,340.356,814,1.7221974164473104,433.8620000000126,5.698,428.1640000000126,band_vwap
2020-09-04,SHORT,2020-09-04 14:30:00,2020-09-04 15:00:00,341.48900000000003,344.561,814,1.7221974164473104,-2500.607999999956,5.698,-2506.305999999956,band_vwap
2020-09-09,LONG,2020-09-09 10:30:00,2020-09-09 15:59:00,339.411,339.759,674,1.4192555481301652,234.5520000000089,4.718,229.8340000000089,market_close
2020-09-10,SHORT,2020-09-10 15:00:00,2020-09-10 15:59:00,336.029,333.921,623,1.3266819312375464,1313.2840000000026,4.361,1308.9230000000025,market_close
2020-09-11,SHORT,2020-09-11 14:00:00,2020-09-11 14:30:00,331.47900000000004,332.411,611,1.2673937507932855,-569.4519999999752,4.277,-573.7289999999753,band_vwap
2020-09-14,LONG,2020-09-14 10:30:00,2020-09-14 13:00:00,340.191,339.569,608,1.2708704184668849,-378.175999999974,4.256,-382.431999999974,band_vwap
2020-09-18,SHORT,2020-09-18 11:30:00,2020-09-18 15:59:00,332.809,330.691,611,1.2725249847365956,1294.0980000000318,4.277,1289.8210000000317,market_close
2020-09-21,SHORT,2020-09-21 11:00:00,2020-09-21 12:00:00,322.689,323.621,629,1.262179332610757,-586.2279999999746,4.4030000000000005,-590.6309999999746,band_vwap
2020-09-23,SHORT,2020-09-23 12:30:00,2020-09-23 13:00:00,327.899,328.65099999999995,610,1.2480490235925694,-458.71999999997115,4.2700000000000005,-462.98999999997113,band_vwap
2020-09-23,SHORT,2020-09-23 14:30:00,2020-09-23 15:59:00,324.889,322.661,610,1.2480490235925694,1359.0800000000054,4.2700000000000005,1354.8100000000054,market_close
2020-09-24,LONG,2020-09-24 14:00:00,2020-09-24 14:30:00,325.791,324.53900000000004,643,1.2700743423322673,-805.0359999999696,4.501,-809.5369999999696,band_vwap
2020-09-25,LONG,2020-09-25 14:00:00,2020-09-25 15:59:00,326.921,328.689,725,1.4451321935146708,1281.800000000021,5.075,1276.725000000021,market_close
2020-09-29,SHORT,2020-09-29 12:30:00,2020-09-29 13:00:00,332.17900000000003,332.69599999999997,703,1.4396510784207839,-363.45099999995716,4.921,-368.37199999995715,band_vwap
2020-09-30,LONG,2020-09-30 10:30:00,2020-09-30 15:00:00,335.921,335.884,764,1.5632088521440641,-28.267999999982976,5.348,-33.615999999982975,band_vwap
2020-10-05,LONG,2020-10-05 11:00:00,2020-10-05 13:30:00,338.251,338.459,807,1.6681613537310982,167.85600000002165,5.649,162.20700000002165,band_vwap
2020-10-05,LONG,2020-10-05 15:30:00,2020-10-05 15:59:00,339.871,339.72900000000004,807,1.6681613537310982,-114.59399999995082,5.649,-120.24299999995083,market_close
2020-10-06,SHORT,2020-10-06 15:30:00,2020-10-06 15:59:00,336.119,334.941,742,1.5508988872668532,874.0760000000402,5.194,868.8820000000402,market_close
2020-10-07,LONG,2020-10-07 15:00:00,2020-10-07 15:59:00,341.251,340.72900000000004,722,1.4914824964014513,-376.8839999999527,5.054,-381.9379999999527,market_close
2020-10-12,LONG,2020-10-12 12:00:00,2020-10-12 15:59:00,351.721,352.42900000000003,733,1.570510220470959,518.9640000000197,5.131,513.8330000000198,market_close
2020-10-14,SHORT,2020-10-14 12:30:00,2020-10-14 14:00:00,347.879,348.10699999999997,859,1.8402091292797893,-195.8519999999586,6.013,-201.8649999999586,band_vwap
2020-10-19,SHORT,2020-10-19 14:30:00,2020-10-19 15:59:00,344.999,342.02099999999996,900,1.9179020944991703,2680.200000000059,6.3,2673.9000000000588,market_close
2020-10-20,LONG,2020-10-20 14:00:00,2020-10-20 14:30:00,345.736,345.53900000000004,857,1.7713088971586344,-168.82899999995362,5.9990000000000006,-174.82799999995362,band_vwap
2020-10-21,LONG,2020-10-21 10:30:00,2020-10-21 11:00:00,345.01099999999997,344.04900000000004,864,1.7862372324504225,-831.1679999999415,6.048,-837.2159999999415,band_vwap
2020-10-26,SHORT,2020-10-26 11:30:00,2020-10-26 15:59:00,338.78900000000004,339.416,980,2.0288911361832853,-614.4599999999537,6.86,-621.3199999999537,market_close
2020-10-28,SHORT,2020-10-28 10:30:00,2020-10-28 15:59:00,328.769,326.681,1061,2.140758134870906,2215.3680000000236,7.4270000000000005,2207.9410000000235,market_close
2020-10-29,LONG,2020-10-29 10:30:00,2020-10-29 15:59:00,329.121,329.98900000000003,812,1.5912518299195328,704.8160000000421,5.684,699.1320000000421,market_close
2020-10-30,SHORT,2020-10-30 11:00:00,2020-10-30 12:30:00,323.259,326.496,806,1.5803535105244102,-2609.0219999999726,5.642,-2614.6639999999725,band_vwap
2020-10-30,SHORT,2020-10-30 13:00:00,2020-10-30 15:59:00,324.959,326.53099999999995,806,1.5803535105244102,-1267.0319999999565,5.642,-1272.6739999999565,market_close
2020-11-03,LONG,2020-11-03 10:30:00,2020-11-03 13:00:00,337.40099999999995,336.279,800,1.632912877591376,-897.5999999999658,5.6000000000000005,-903.1999999999658,band_vwap
2020-11-03,LONG,2020-11-03 13:30:00,2020-11-03 14:00:00,336.26099999999997,335.029,800,1.632912877591376,-985.5999999999767,5.6000000000000005,-991.1999999999767,band_vwap
2020-11-04,LONG,2020-11-04 10:30:00,2020-11-04 15:30:00,345.111,343.78900000000004,703,1.4811872527819798,-929.365999999962,4.921,-934.2869999999621,band_vwap
2020-11-12,SHORT,2020-11-12 15:00:00,2020-11-12 15:59:00,352.029,353.28099999999995,579,1.2801429651714666,-724.9079999999726,4.053,-728.9609999999726,market_close
2020-11-24,LONG,2020-11-24 12:00:00,2020-11-24 15:59:00,362.971,363.189,828,1.8640380471174156,180.50400000001468,5.796,174.7080000000147,market_close
2020-11-25,SHORT,2020-11-25 10:30:00,2020-11-25 12:00:00,362.029,362.171,880,1.995361971841755,-124.9599999999964,6.16,-131.1199999999964,band_vwap
2020-11-30,SHORT,2020-11-30 11:00:00,2020-11-30 13:00:00,360.889,361.29299999999995,975,2.210847440828152,-393.89999999994103,6.825,-400.724999999941,band_vwap
2020-11-30,SHORT,2020-11-30 13:30:00,2020-11-30 14:00:00,361.199,361.0232,975,2.210847440828152,171.40500000003698,6.825,164.580000000037,band_vwap
2020-12-01,LONG,2020-12-01 14:00:00,2020-12-01 15:00:00,367.121,366.769,961,2.1986984154101656,-338.2719999999764,6.727,-344.9989999999764,band_vwap
2020-12-04,LONG,2020-12-04 10:30:00,2020-12-04 14:30:00,368.356,368.639,982,2.2615013252734517,277.9060000000152,6.8740000000000006,271.03200000001516,band_vwap
2020-12-04,LONG,2020-12-04 15:30:00,2020-12-04 15:59:00,368.96099999999996,369.829,982,2.2615013252734517,852.3760000000509,6.8740000000000006,845.5020000000509,market_close
2020-12-08,LONG,2020-12-08 13:30:00,2020-12-08 14:00:00,370.20099999999996,370.069,1104,2.5277288223696104,-145.72799999994277,7.728,-153.45599999994278,band_vwap
2020-12-09,SHORT,2020-12-09 13:30:00,2020-12-09 15:59:00,367.48690000000005,366.89099999999996,1174,2.712483785451922,699.5866000001005,8.218,691.3686000001005,market_close
2020-12-14,LONG,2020-12-14 10:30:00,2020-12-14 11:00:00,369.671,368.03900000000004,1296,2.964526336081669,-2115.071999999933,9.072000000000001,-2124.143999999933,band_vwap
2020-12-15,LONG,2020-12-15 14:30:00,2020-12-15 15:30:00,369.2109,368.84900000000005,1319,3.047131516477676,-477.34609999991375,9.233,-486.57909999991375,band_vwap
2020-12-18,SHORT,2020-12-18 10:30:00,2020-12-18 15:59:00,368.8091,369.131,1401,3.277962096201022,-450.98189999995935,9.807,-460.78889999995937,market_close
2020-12-21,SHORT,2020-12-21 11:00:00,2020-12-21 11:30:00,363.384,364.601,1308,3.0189517550402787,-1591.8359999999798,9.156,-1600.9919999999797,band_vwap
2021-01-04,SHORT,2021-01-04 11:00:00,2021-01-04 15:59:00,369.994,368.851,1362,3.2666219861197248,1556.7660000000396,9.534,1547.2320000000395,market_close
2021-01-05,LONG,2021-01-05 13:30:00,2021-01-05 15:59:00,370.39399999999995,371.319,1179,2.7468237326123397,1090.5750000000803,8.253,1082.3220000000804,market_close
2021-01-06,LONG,2021-01-06 10:30:00,2021-01-06 15:30:00,373.791,374.199,1156,2.685142527721011,471.6480000000179,8.092,463.5560000000179,band_vwap
2021-01-07,LONG,2021-01-07 10:30:00,2021-01-07 15:59:00,379.01599999999996,379.059,1151,2.712218775457561,49.493000000072755,8.057,41.43600000007275,market_close
2021-01-20,LONG,2021-01-20 13:00:00,2021-01-20 15:59:00,383.65099999999995,383.85900000000004,1144,2.7316645694380273,237.95200000009572,8.008000000000001,229.9440000000957,market_close
2021-01-25,SHORT,2021-01-25 11:30:00,2021-01-25 12:00:00,380.54900000000004,382.361,1031,2.474026563173353,-1868.1719999999536,7.2170000000000005,-1875.3889999999537,band_vwap
2021-01-27,SHORT,2021-01-27 12:00:00,2021-01-27 13:00:00,376.259,378.65099999999995,1217,2.9288011180862,-2911.0639999999257,8.519,-2919.5829999999255,band_vwap
2021-01-27,SHORT,2021-01-27 14:00:00,2021-01-27 15:59:00,377.389,374.441,1217,2.9288011180862,3587.7160000000436,8.519,3579.1970000000438,market_close
2021-01-28,LONG,2021-01-28 10:30:00,2021-01-28 15:30:00,378.89099999999996,379.319,860,2.0407081833877805,368.08000000004654,6.0200000000000005,362.06000000004656,band_vwap
2021-01-29,SHORT,2021-01-29 12:00:00,2021-01-29 15:30:00,373.019,372.14099999999996,920,2.1736525981725796,807.7600000000393,6.44,801.3200000000393,band_vwap
2021-02-01,LONG,2021-02-01 13:00:00,2021-02-01 15:59:00,376.45599999999996,376.17900000000003,826,1.9309502397102354,-228.80199999994215,5.782,-234.58399999994217,market_close
2021-02-02,LONG,2021-02-02 10:30:00,2021-02-02 15:59:00,381.52099999999996,381.53900000000004,742,1.7647542769181297,13.356000000063773,5.194,8.162000000063774,market_close
2021-02-04,LONG,2021-02-04 11:30:00,2021-02-04 12:00:00,384.52099999999996,384.579,695,1.6690613345725924,40.31000000003445,4.865,35.44500000003445,band_vwap
2021-02-04,LONG,2021-02-04 14:00:00,2021-02-04 15:59:00,385.20099999999996,386.16900000000004,695,1.6690613345725924,672.7600000000518,4.865,667.8950000000518,market_close
2021-02-24,LONG,2021-02-24 11:30:00,2021-02-24 15:59:00,389.39099999999996,391.759,1660,4.0,3930.880000000086,11.620000000000001,3919.260000000086,market_close
2021-02-25,SHORT,2021-02-25 11:30:00,2021-02-25 15:59:00,388.499,382.39099999999996,1561,3.7100053552390024,9534.588000000094,10.927,9523.661000000095,market_close
2021-03-01,LONG,2021-03-01 10:30:00,2021-03-01 15:59:00,388.02599999999995,389.519,1108,2.4603834122351524,1654.2440000000574,7.756,1646.4880000000574,market_close
2021-03-02,SHORT,2021-03-02 11:00:00,2021-03-02 12:30:00,388.129,388.2229,862,1.9170667619416664,-80.94179999996754,6.034,-86.97579999996755,band_vwap
2021-03-03,SHORT,2021-03-03 10:30:00,2021-03-03 11:00:00,383.999,385.131,855,1.882552268489918,-967.8599999999557,5.985,-973.8449999999557,band_vwap
2021-03-04,SHORT,2021-03-04 13:30:00,2021-03-04 15:59:00,376.779,376.731,821,1.795280844871442,39.40800000000149,5.747,33.66100000000149,market_close
2021-03-05,SHORT,2021-03-05 11:30:00,2021-03-05 12:00:00,373.0688,375.84099999999995,800,1.74548791252037,-2217.759999999953,5.6000000000000005,-2223.359999999953,band_vwap
2021-03-08,LONG,2021-03-08 11:00:00,2021-03-08 12:00:00,386.601,385.249,709,1.585592001637813,-958.5679999999826,4.963,-963.5309999999826,band_vwap
2021-03-09,LONG,2021-03-09 10:30:00,2021-03-09 15:30:00,388.34099999999995,389.009,702,1.5822040737842673,468.9360000000444,4.914,464.0220000000444,band_vwap
2021-03-11,LONG,2021-03-11 11:30:00,2021-03-11 14:00:00,394.77599999999995,394.559,651,1.4892217865931343,-141.26699999995293,4.557,-145.82399999995292,band_vwap
2021-03-22,LONG,2021-03-22 10:30:00,2021-03-22 15:59:00,391.45099999999996,392.53900000000004,856,1.9478814162221798,931.3280000000677,5.992,925.3360000000678,market_close
2021-03-26,LONG,2021-03-26 13:30:00,2021-03-26 14:00:00,392.811,391.96900000000005,1115,2.527952078579401,-938.8299999999194,7.805000000000001,-946.6349999999194,band_vwap
2021-03-29,SHORT,2021-03-29 11:00:00,2021-03-29 11:30:00,393.209,393.991,1006,2.3138128401407574,-786.6919999999822,7.042,-793.7339999999822,band_vwap
2021-03-31,LONG,2021-03-31 10:30:00,2021-03-31 15:59:00,396.07099999999997,396.249,1083,2.5098217131890754,192.7740000000586,7.581,185.19300000005862,market_close
2021-04-01,LONG,2021-04-01 11:00:00,2021-04-01 11:30:00,399.301,399.22900000000004,1133,2.6423335419124916,-81.57599999993869,7.931,-89.50699999993869,band_vwap
2021-04-01,LONG,2021-04-01 13:00:00,2021-04-01 13:30:00,399.721,399.389,1133,2.6423335419124916,-376.1559999999928,7.931,-384.08699999999277,band_vwap
2021-04-01,LONG,2021-04-01 14:30:00,2021-04-01 15:00:00,399.856,399.9291,1133,2.6423335419124916,82.82230000001226,7.931,74.89130000001227,band_vwap
2021-04-05,LONG,2021-04-05 10:30:00,2021-04-05 15:59:00,405.3109,406.309,1049,2.4825265657876705,1047.0069000000233,7.343,1039.6639000000232,market_close
2021-04-09,LONG,2021-04-09 14:30:00,2021-04-09 15:00:00,409.751,409.709,1145,2.726111496732713,-48.08999999996928,8.015,-56.10499999996928,band_vwap
2021-04-13,LONG,2021-04-13 15:00:00,2021-04-13 15:59:00,413.041,412.82890000000003,1191,2.858138389795768,-252.6110999999571,8.337,-260.9480999999571,market_close
2021-04-15,LONG,2021-04-15 11:00:00,2021-04-15 15:30:00,414.921,414.964,1374,3.321681023586521,59.08200000000875,9.618,49.464000000008745,band_vwap
2021-04-19,SHORT,2021-04-19 12:30:00,2021-04-19 15:00:00,414.53900000000004,415.07599999999996,1553,3.774116512844039,-833.9609999998771,10.871,-844.8319999998771,band_vwap
2021-04-20,SHORT,2021-04-20 11:30:00,2021-04-20 15:59:00,411.569,412.241,1446,3.512689847127995,-971.7119999999546,10.122,-981.8339999999546,market_close
2021-04-21,LONG,2021-04-21 10:30:00,2021-04-21 15:59:00,413.981,416.089,1328,3.226842134699244,2799.4240000000054,9.296,2790.1280000000056,market_close
2021-04-22,SHORT,2021-04-22 14:30:00,2021-04-22 15:59:00,413.079,412.32099999999997,1290,3.116085283548808,977.8200000000493,9.03,968.7900000000493,market_close
2021-04-23,LONG,2021-04-23 10:30:00,2021-04-23 15:59:00,414.346,416.71900000000005,1222,2.9150030046054107,2899.806000000058,8.554,2891.2520000000577,market_close
2021-05-04,SHORT,2021-05-04 10:30:00,2021-05-04 13:30:00,414.319,413.68399999999997,1274,3.0103013339723725,808.9900000000608,8.918000000000001,800.0720000000608,band_vwap
2021-05-04,SHORT,2021-05-04 14:00:00,2021-05-04 14:30:00,413.499,413.751,1274,3.0103013339723725,-321.04799999993975,8.918000000000001,-329.96599999993975,band_vwap
2021-05-04,SHORT,2021-05-04 15:00:00,2021-05-04 15:30:00,414.07090000000005,413.87399999999997,1274,3.0103013339723725,250.85060000010787,8.918000000000001,241.93260000010787,band_vwap
2021-05-07,LONG,2021-05-07 10:30:00,2021-05-07 13:30:00,422.14099999999996,421.4909,1278,3.0359990859098933,-830.8277999999389,8.946,-839.7737999999389,band_vwap
2021-05-07,LONG,2021-05-07 14:00:00,2021-05-07 15:59:00,421.69289999999995,422.089,1278,3.0359990859098933,506.21580000005974,8.946,497.2698000000597,market_close
2021-05-10,SHORT,2021-05-10 15:00:00,2021-05-10 15:59:00,419.35400000000004,417.991,1231,2.948936060888278,1677.8530000000694,8.617,1669.2360000000695,market_close
2021-05-12,SHORT,2021-05-12 11:30:00,2021-05-12 15:59:00,409.53900000000004,405.441,1178,2.7211111033297635,4827.444000000082,8.246,4819.198000000082,market_close
2021-05-13,LONG,2021-05-13 10:30:00,2021-05-13 11:30:00,411.241,409.839,1012,2.2520334275389775,-1418.8239999999867,7.0840000000000005,-1425.9079999999867,band_vwap
2021-05-13,LONG,2021-05-13 12:00:00,2021-05-13 13:00:00,409.671,409.84900000000005,1012,2.2520334275389775,180.13600000005476,7.0840000000000005,173.05200000005476,band_vwap
2021-05-13,LONG,2021-05-13 13:30:00,2021-05-13 14:00:00,409.061,408.819,1012,2.2520334275389775,-244.90399999996134,7.0840000000000005,-251.98799999996135,band_vwap
2021-05-13,LONG,2021-05-13 14:30:00,2021-05-13 15:59:00,411.14099999999996,410.249,1012,2.2520334275389775,-902.7039999999383,7.0840000000000005,-909.7879999999383,market_close
2021-05-14,LONG,2021-05-14 11:30:00,2021-05-14 15:59:00,415.491,416.54900000000004,937,2.1465226471246983,991.3460000000464,6.559,984.7870000000464,market_close
2021-05-20,LONG,2021-05-20 10:30:00,2021-05-20 15:59:00,413.661,415.249,875,1.9869106723464038,1389.5000000000196,6.125,1383.3750000000196,market_close
2021-05-24,LONG,2021-05-24 11:00:00,2021-05-24 12:30:00,419.301,418.97900000000004,856,1.9535663159423882,-275.6319999999537,5.992,-281.6239999999537,band_vwap
2021-05-24,LONG,2021-05-24 14:00:00,2021-05-24 15:59:00,419.751,419.129,856,1.9535663159423882,-532.4319999999634,5.992,-538.4239999999634,market_close
2021-06-14,SHORT,2021-06-14 13:00:00,2021-06-14 13:30:00,423.16900000000004,423.39099999999996,1716,4.0,-380.9519999998681,12.012,-392.9639999998681,band_vwap
2021-06-15,SHORT,2021-06-15 11:00:00,2021-06-15 12:30:00,424.03900000000004,424.411,1708,4.0,-635.375999999927,11.956,-647.331999999927,band_vwap
2021-06-15,SHORT,2021-06-15 13:00:00,2021-06-15 14:00:00,424.22900000000004,424.64599999999996,1708,4.0,-712.2359999998571,11.956,-724.1919999998571,band_vwap
2021-06-16,SHORT,2021-06-16 13:00:00,2021-06-16 15:30:00,423.514,422.931,1698,4.0,989.9340000000456,11.886000000000001,978.0480000000456,band_vwap
2021-06-18,SHORT,2021-06-18 11:30:00,2021-06-18 12:00:00,415.649,416.751,1738,4.0,-1915.2759999999573,12.166,-1927.4419999999573,band_vwap
2021-06-21,LONG,2021-06-21 10:30:00,2021-06-21 15:59:00,419.08099999999996,420.839,1498,3.480603149131425,2633.484000000057,10.486,2622.9980000000573,market_close
2021-06-22,LONG,2021-06-22 11:30:00,2021-06-22 15:59:00,422.44599999999997,423.03900000000004,1237,2.860249769215987,733.5410000000923,8.659,724.8820000000923,market_close
2021-07-01,LONG,2021-07-01 15:00:00,2021-07-01 15:59:00,430.381,430.46900000000005,1268,2.9756467465728695,111.58400000010033,8.876,102.70800000010033,market_close
2021-07-02,LONG,2021-07-02 13:30:00,2021-07-02 15:59:00,433.161,433.749,1238,2.9229060770005613,727.9440000000276,8.666,719.2780000000275,market_close
2021-07-06,SHORT,2021-07-06 10:30:00,2021-07-06 14:00:00,432.259,431.746,1198,2.8322283693761086,614.5740000000403,8.386000000000001,606.1880000000403,band_vwap
2021-07-06,SHORT,2021-07-06 14:30:00,2021-07-06 15:00:00,432.199,432.111,1198,2.8322283693761086,105.4240000000267,8.386000000000001,97.0380000000267,band_vwap
2021-07-09,LONG,2021-07-09 10:30:00,2021-07-09 15:59:00,434.15099999999995,435.48900000000003,1169,2.745743400966887,1564.1220000000926,8.183,1555.9390000000926,market_close
2021-07-12,LONG,2021-07-12 11:00:00,2021-07-12 11:30:00,436.621,436.389,1554,3.64220406204446,-360.5279999999548,10.878,-371.40599999995476,band_vwap
2021-07-16,SHORT,2021-07-16 11:00:00,2021-07-16 12:00:00,433.819,433.65099999999995,1701,4.0,285.7680000001075,11.907,273.86100000010754,band_vwap
2021-07-16,SHORT,2021-07-16 14:00:00,2021-07-16 15:59:00,433.16900000000004,431.40099999999995,1701,4.0,3007.3680000001464,11.907,2995.461000000146,market_close
2021-07-19,SHORT,2021-07-19 10:30:00,2021-07-19 12:00:00,423.96900000000005,424.921,1650,3.7275844869939263,-1570.7999999999033,11.55,-1582.3499999999033,band_vwap
2021-07-19,SHORT,2021-07-19 12:30:00,2021-07-19 15:59:00,423.439,424.96099999999996,1650,3.7275844869939263,-2511.299999999892,11.55,-2522.849999999892,market_close
2021-07-20,LONG,2021-07-20 10:30:00,2021-07-20 15:59:00,429.02099999999996,431.029,1277,2.9449225716718646,2564.2160000000486,8.939,2555.2770000000487,market_close
2021-07-23,LONG,2021-07-23 14:00:00,2021-07-23 15:59:00,439.76599999999996,439.889,1067,2.495960278484673,131.24100000005046,7.469,123.77200000005047,market_close
2021-07-27,SHORT,2021-07-27 11:30:00,2021-07-27 15:00:00,437.73900000000003,438.02099999999996,1043,2.4507621681632576,-294.1259999999222,7.301,-301.4269999999222,band_vwap
2021-07-29,LONG,2021-07-29 10:30:00,2021-07-29 11:30:00,440.971,441.17400000000004,1076,2.5317567242704824,218.42800000003376,7.532,210.89600000003375,band_vwap
2021-08-03,LONG,2021-08-03 15:00:00,2021-08-03 15:59:00,440.46099999999996,441.119,1127,2.6400737342833676,741.5660000000814,7.889,733.6770000000814,market_close
2021-08-12,LONG,2021-08-12 15:30:00,2021-08-12 15:59:00,445.03099999999995,445.069,1694,4.0,64.37200000011478,11.858,52.51400000011478,market_close
2021-08-16,SHORT,2021-08-16 10:30:00,2021-08-16 11:30:00,443.09900000000005,443.751,1691,4.0,-1102.5319999998815,11.837,-1114.3689999998815,band_vwap
2021-08-17,SHORT,2021-08-17 12:30:00,2021-08-17 15:30:00,443.15900000000005,443.171,1682,4.0,-20.183999999905154,11.774000000000001,-31.957999999905155,band_vwap
2021-08-19,LONG,2021-08-19 12:30:00,2021-08-19 13:30:00,440.222,439.444,1652,3.8590431326748678,-1285.2559999999391,11.564,-1296.8199999999392,band_vwap
2021-08-20,LONG,2021-08-20 10:30:00,2021-08-20 15:59:00,442.5526,443.329,1683,3.993681343677248,1306.68120000004,11.781,1294.90020000004,market_close
2021-08-23,LONG,2021-08-23 10:30:00,2021-08-23 15:59:00,446.871,447.249,1566,3.7332535114324483,591.9480000000669,10.962,580.986000000067,market_close
2021-08-26,SHORT,2021-08-26 11:00:00,2021-08-26 12:30:00,446.90900000000005,447.95099999999996,1671,4.0,-1741.1819999998602,11.697000000000001,-1752.87899999986,band_vwap
2021-08-26,SHORT,2021-08-26 14:00:00,2021-08-26 15:59:00,447.48900000000003,446.27099999999996,1671,4.0,2035.2780000001246,11.697000000000001,2023.5810000001247,market_close
2021-08-27,LONG,2021-08-27 11:00:00,2021-08-27 15:59:00,449.64099999999996,450.17900000000003,1576,3.756495229121513,847.8880000001068,11.032,836.8560000001067,market_close
2021-08-30,LONG,2021-08-30 11:00:00,2021-08-30 15:59:00,452.791,452.21900000000005,1460,3.4938115355256265,-835.119999999921,10.22,-845.339999999921,market_close
2021-09-07,SHORT,2021-09-07 10:30:00,2021-09-07 11:00:00,451.129,451.681,1421,3.428591763019083,-784.3919999999489,9.947000000000001,-794.3389999999489,band_vwap
2021-09-07,SHORT,2021-09-07 12:00:00,2021-09-07 12:30:00,451.28900000000004,451.801,1421,3.428591763019083,-727.5519999999199,9.947000000000001,-737.4989999999199,band_vwap
2021-09-09,LONG,2021-09-09 10:30:00,2021-09-09 11:00:00,452.231,451.869,1652,4.0,-598.0239999999444,11.564,-609.5879999999444,band_vwap
2021-09-14,SHORT,2021-09-14 13:30:00,2021-09-14 15:59:00,444.90900000000005,444.181,1656,4.0,1205.5680000001084,11.592,1193.9760000001083,market_close
2021-09-15,LONG,2021-09-15 13:00:00,2021-09-15 15:59:00,446.941,447.85900000000004,1679,4.0,1541.322000000106,11.753,1529.5690000001061,market_close
2021-09-16,SHORT,2021-09-16 10:30:00,2021-09-16 12:30:00,445.269,445.671,1653,3.928380415104182,-664.5059999999783,11.571,-676.0769999999783,band_vwap
2021-09-16,SHORT,2021-09-16 13:00:00,2021-09-16 13:30:00,445.97900000000004,445.991,1653,3.928380415104182,-19.83599999990679,11.571,-31.406999999906787,band_vwap
2021-09-17,SHORT,2021-09-17 10:30:00,2021-09-17 15:59:00,443.209,441.421,1686,4.0,3014.5680000000184,11.802,3002.7660000000183,market_close
2021-09-20,SHORT,2021-09-20 12:30:00,2021-09-20 15:59:00,432.48900000000003,434.061,1650,3.767261599570272,-2593.7999999999106,11.55,-2605.349999999911,market_close
2021-09-22,LONG,2021-09-22 11:00:00,2021-09-22 15:00:00,437.96099999999996,437.6286,1344,3.11908939104651,-446.7455999999329,9.408,-456.1535999999329,band_vwap
2021-09-23,LONG,2021-09-23 10:30:00,2021-09-23 15:59:00,443.27099999999996,443.079,1185,2.781331782452634,-227.51999999994126,8.295,-235.81499999994125,market_close
2021-09-28,SHORT,2021-09-28 10:30:00,2021-09-28 15:00:00,435.839,435.84099999999995,1054,2.4752787328217885,-2.1079999999501524,7.378,-9.485999999950153,band_vwap
2021-09-28,SHORT,2021-09-28 15:30:00,2021-09-28 15:59:00,434.78400000000005,433.751,1054,2.4752787328217885,1088.782000000076,7.378,1081.4040000000762,market_close
2021-09-30,SHORT,2021-09-30 13:00:00,2021-09-30 14:00:00,430.84900000000005,431.871,903,2.090944086696,-922.8659999999409,6.321,-929.1869999999409,band_vwap
2021-10-01,LONG,2021-10-01 15:00:00,2021-10-01 15:59:00,434.756,434.189,884,2.035253880972087,-501.2279999999562,6.188,-507.41599999995617,market_close
2021-10-04,SHORT,2021-10-04 11:00:00,2021-10-04 15:59:00,428.019,428.691,823,1.9070616048688556,-553.0559999999741,5.761,-558.8169999999741,market_close
2021-10-05,LONG,2021-10-05 11:00:00,2021-10-05 15:59:00,434.471,433.04900000000004,798,1.843951556424932,-1134.7559999999748,5.586,-1140.3419999999749,market_close
2021-10-07,LONG,2021-10-07 10:30:00,2021-10-07 13:30:00,441.411,441.199,758,1.7948030089147413,-160.69599999999173,5.306,-166.00199999999174,band_vwap
2021-10-11,LONG,2021-10-11 10:30:00,2021-10-11 11:00:00,440.161,439.649,848,2.0041887057499306,-434.1760000000004,5.936,-440.11200000000036,band_vwap
2021-10-14,LONG,2021-10-14 12:00:00,2021-10-14 15:59:00,441.751,442.46900000000005,908,2.1618153762326258,651.9440000000677,6.356,645.5880000000677,market_close
2021-10-28,LONG,2021-10-28 10:30:00,2021-10-28 13:00:00,457.07099999999997,456.71900000000005,1349,3.3185167140605216,-474.8479999998902,9.443,-484.2909999998902,band_vwap
2021-10-28,LONG,2021-10-28 13:30:00,2021-10-28 15:59:00,457.061,458.259,1349,3.3185167140605216,1616.1020000000485,9.443,1606.6590000000485,market_close
2021-11-02,LONG,2021-11-02 11:30:00,2021-11-02 12:00:00,461.791,461.41900000000004,1577,3.895392927859919,-586.6439999999326,11.039,-597.6829999999326,band_vwap
2021-11-02,LONG,2021-11-02 13:00:00,2021-11-02 14:30:00,461.95099999999996,461.449,1577,3.895392927859919,-791.6539999999254,11.039,-802.6929999999254,band_vwap
2021-11-02,LONG,2021-11-02 15:30:00,2021-11-02 15:59:00,461.801,461.869,1577,3.895392927859919,107.23600000006383,11.039,96.19700000006382,market_close
2021-11-03,LONG,2021-11-03 15:30:00,2021-11-03 15:59:00,464.241,464.73900000000003,1563,3.8981033742544398,778.3740000000739,10.941,767.4330000000739,market_close
2021-11-04,LONG,2021-11-04 10:30:00,2021-11-04 11:30:00,466.681,465.334,1597,4.0,-2151.158999999968,11.179,-2162.337999999968,band_vwap
2021-11-09,SHORT,2021-11-09 10:30:00,2021-11-09 15:59:00,467.199,467.39099999999996,1565,4.0,-300.4799999999224,10.955,-311.4349999999224,market_close
2021-11-10,SHORT,2021-11-10 14:30:00,2021-11-10 15:59:00,462.79900000000004,463.65099999999995,1575,4.0,-1341.8999999998719,11.025,-1352.924999999872,market_close
2021-11-12,LONG,2021-11-12 12:00:00,2021-11-12 15:59:00,467.131,467.259,1565,4.0,200.3200000000669,10.955,189.36500000006689,market_close
2021-11-16,LONG,2021-11-16 12:00:00,2021-11-16 15:59:00,469.691,469.23900000000003,1559,4.0,-704.6679999999085,10.913,-715.5809999999085,market_close
2021-11-22,LONG,2021-11-22 10:30:00,2021-11-22 11:30:00,473.221,472.189,1541,4.0,-1590.3119999999726,10.787,-1601.0989999999726,band_vwap
2021-11-23,SHORT,2021-11-23 11:00:00,2021-11-23 11:30:00,465.064,466.59099999999995,1539,4.0,-2350.052999999892,10.773,-2360.8259999998922,band_vwap
2021-11-23,SHORT,2021-11-23 13:30:00,2021-11-23 14:00:00,465.40900000000005,466.28099999999995,1539,4.0,-1342.0079999998468,10.773,-1352.7809999998467,band_vwap
2021-11-29,SHORT,2021-11-29 11:00:00,2021-11-29 11:30:00,462.59900000000005,463.051,1518,4.0,-686.135999999911,10.626,-696.7619999999109,band_vwap
2021-11-30,SHORT,2021-11-30 11:30:00,2021-11-30 15:59:00,458.639,455.84099999999995,1519,4.0,4250.162000000089,10.633000000000001,4239.52900000009,market_close
2021-12-01,LONG,2021-12-01 11:30:00,2021-12-01 12:00:00,464.251,462.67900000000003,1157,2.974840822674711,-1818.8039999999373,8.099,-1826.9029999999373,band_vwap
2021-12-02,LONG,2021-12-02 10:30:00,2021-12-02 15:59:00,454.981,457.35900000000004,1095,2.7761945900959257,2603.9100000000467,7.665,2596.2450000000467,market_close
2021-12-03,SHORT,2021-12-03 10:30:00,2021-12-03 15:59:00,455.584,453.431,932,2.3722219072474418,2006.5960000000186,6.524,2000.0720000000188,market_close
2021-12-06,LONG,2021-12-06 11:00:00,2021-12-06 11:30:00,458.32099999999997,457.48900000000003,923,2.309146806253252,-767.9359999999417,6.461,-774.3969999999417,band_vwap
2021-12-06,LONG,2021-12-06 13:00:00,2021-12-06 15:00:00,459.631,458.85900000000004,923,2.309146806253252,-712.5559999999396,6.461,-719.0169999999396,band_vwap
2021-12-07,LONG,2021-12-07 10:30:00,2021-12-07 15:30:00,467.52599999999995,467.269,858,2.202928139434351,-220.50599999995552,6.006,-226.51199999995552,band_vwap
2021-12-13,SHORT,2021-12-13 10:30:00,2021-12-13 12:30:00,467.814,467.851,687,1.7871521813695792,-25.418999999984692,4.809,-30.227999999984693,band_vwap
2021-12-13,SHORT,2021-12-13 13:30:00,2021-12-13 14:00:00,467.509,467.741,687,1.7871521813695792,-159.38399999998,4.809,-164.19299999998,band_vwap
2021-12-16,SHORT,2021-12-16 15:00:00,2021-12-16 15:30:00,465.899,467.171,619,1.6221277748748701,-787.3679999999947,4.333,-791.7009999999947,band_vwap
2021-12-20,SHORT,2021-12-20 11:00:00,2021-12-20 12:00:00,451.91900000000004,452.871,616,1.5592790990410217,-586.4319999999639,4.312,-590.7439999999639,band_vwap
2021-12-21,LONG,2021-12-21 13:30:00,2021-12-21 15:59:00,461.791,463.04900000000004,646,1.6538157507202316,812.6680000000247,4.522,808.1460000000246,market_close
2021-12-22,LONG,2021-12-22 11:30:00,2021-12-22 14:00:00,466.291,465.879,623,1.603980511399743,-256.6759999999861,4.361,-261.0369999999861,band_vwap
2021-12-22,LONG,2021-12-22 15:30:00,2021-12-22 15:59:00,466.491,467.699,623,1.603980511399743,752.5840000000167,4.361,748.2230000000167,market_close
2021-12-23,LONG,2021-12-23 10:30:00,2021-12-23 11:30:00,470.64099999999996,470.91900000000004,635,1.650029419229304,176.5300000000488,4.445,172.0850000000488,band_vwap
2021-12-23,LONG,2021-12-23 15:00:00,2021-12-23 15:30:00,471.791,471.439,635,1.650029419229304,-223.5199999999844,4.445,-227.9649999999844,band_vwap
2021-12-27,LONG,2021-12-27 10:30:00,2021-12-27 15:59:00,474.661,477.269,647,1.6952855502840876,1687.3760000000027,4.529,1682.8470000000027,market_close
2022-01-05,SHORT,2022-01-05 15:00:00,2022-01-05 15:59:00,471.699,468.381,771,2.022587145506791,2558.1780000000313,5.397,2552.7810000000313,market_close
2022-01-07,SHORT,2022-01-07 11:30:00,2022-01-07 12:00:00,466.439,467.661,764,1.9374765615284362,-933.6079999999847,5.348,-938.9559999999847,band_vwap
2022-01-10,SHORT,2022-01-10 10:30:00,2022-01-10 11:30:00,458.149,460.061,829,2.089308608492747,-1585.0479999999816,5.803,-1590.8509999999817,band_vwap
2022-01-10,SHORT,2022-01-10 12:00:00,2022-01-10 13:00:00,459.46900000000005,459.241,829,2.089308608492747,189.0120000000543,5.803,183.2090000000543,band_vwap
2022-01-10,SHORT,2022-01-10 13:30:00,2022-01-10 14:00:00,460.54540000000003,461.89099999999996,829,2.089308608492747,-1115.5023999999448,5.803,-1121.305399999945,band_vwap
2022-01-11,SHORT,2022-01-11 10:30:00,2022-01-11 11:30:00,464.10900000000004,466.551,865,2.2222237111468526,-2112.329999999957,6.055,-2118.384999999957,band_vwap
2022-01-11,LONG,2022-01-11 13:30:00,2022-01-11 15:59:00,468.09099999999995,469.73900000000003,865,2.2222237111468526,1425.5200000000705,6.055,1419.4650000000704,market_close
2022-01-13,SHORT,2022-01-13 13:00:00,2022-01-13 15:59:00,467.60900000000004,464.541,998,2.611815215323383,3061.8640000000405,6.986,3054.8780000000406,market_close
2022-01-18,SHORT,2022-01-18 11:30:00,2022-01-18 15:00:00,457.47900000000004,458.421,1113,2.7879435844798586,-1048.445999999945,7.791,-1056.2369999999448,band_vwap
2022-01-20,LONG,2022-01-20 10:30:00,2022-01-20 13:30:00,456.481,455.699,956,2.378138794216744,-747.591999999983,6.692,-754.283999999983,band_vwap
2022-01-20,LONG,2022-01-20 14:00:00,2022-01-20 14:30:00,455.301,454.339,956,2.378138794216744,-919.6719999999896,6.692,-926.3639999999896,band_vwap
2022-01-21,SHORT,2022-01-21 10:30:00,2022-01-21 11:00:00,442.809,446.0909,942,2.321883017888202,-3091.5497999999534,6.594,-3098.1437999999534,band_vwap
2022-01-21,SHORT,2022-01-21 13:00:00,2022-01-21 15:59:00,442.84900000000005,438.02099999999996,942,2.321883017888202,4547.976000000083,6.594,4541.382000000083,market_close
2022-01-24,SHORT,2022-01-24 10:30:00,2022-01-24 14:00:00,428.639,431.27099999999996,889,2.1087188516115805,-2339.847999999954,6.223,-2346.070999999954,band_vwap
2022-01-28,LONG,2022-01-28 12:00:00,2022-01-28 13:00:00,436.941,434.569,969,2.3320559505558816,-2298.4679999999585,6.783,-2305.2509999999584,band_vwap
2022-01-28,LONG,2022-01-28 14:00:00,2022-01-28 14:30:00,436.20099999999996,432.619,969,2.3320559505558816,-3470.9579999999387,6.783,-3477.7409999999386,band_vwap
2022-01-28,LONG,2022-01-28 15:30:00,2022-01-28 15:59:00,437.241,441.899,969,2.3320559505558816,4513.602000000015,6.783,4506.819000000015,market_close
2022-01-31,LONG,2022-01-31 11:00:00,2022-01-31 15:59:00,445.171,449.78900000000004,684,1.6902800003437985,3158.7120000000355,4.788,3153.9240000000354,market_close
2022-02-04,LONG,2022-02-04 14:00:00,2022-02-04 15:59:00,450.65099999999995,448.72900000000004,572,1.405426803169324,-1099.3839999999495,4.0040000000000004,-1103.3879999999494,market_close
2022-02-08,LONG,2022-02-08 12:00:00,2022-02-08 14:30:00,450.08099999999996,448.91900000000004,591,1.462399950148646,-686.7419999999532,4.1370000000000005,-690.8789999999533,band_vwap
2022-02-11,SHORT,2022-02-11 13:30:00,2022-02-11 15:59:00,445.67900000000003,440.51099999999997,590,1.4753629333852913,3049.120000000037,4.13,3044.990000000037,market_close
2022-02-17,SHORT,2022-02-17 10:30:00,2022-02-17 11:30:00,440.009,441.471,562,1.3622855121322446,-821.6439999999939,3.934,-825.5779999999938,band_vwap
2022-02-17,SHORT,2022-02-17 12:00:00,2022-02-17 12:30:00,441.209,441.411,562,1.3622855121322446,-113.52399999999898,3.934,-117.45799999999898,band_vwap
2022-02-17,SHORT,2022-02-17 13:30:00,2022-02-17 15:59:00,440.459,437.111,562,1.3622855121322446,1881.5760000000073,3.934,1877.6420000000073,market_close
2022-02-18,SHORT,2022-02-18 11:30:00,2022-02-18 14:30:00,435.029,436.20099999999996,579,1.3788458024224617,-678.5879999999818,4.053,-682.6409999999818,band_vwap
2022-02-22,SHORT,2022-02-22 13:30:00,2022-02-22 15:00:00,428.79900000000004,430.95099999999996,626,1.4771902611374685,-1347.1519999999562,4.382,-1351.5339999999562,band_vwap
2022-02-23,SHORT,2022-02-23 11:30:00,2022-02-23 12:00:00,427.119,428.83099999999996,627,1.4913050045793268,-1073.4239999999575,4.389,-1077.8129999999574,band_vwap
2022-02-23,SHORT,2022-02-23 14:00:00,2022-02-23 15:59:00,426.15900000000005,421.971,627,1.4913050045793268,2625.8760000000284,4.389,2621.4870000000283,market_close
2022-02-25,LONG,2022-02-25 11:00:00,2022-02-25 15:59:00,433.251,437.67900000000003,639,1.4966836852850982,2829.4920000000347,4.473,2825.019000000035,market_close
2022-03-01,SHORT,2022-03-01 12:30:00,2022-03-01 15:59:00,430.439,430.01099999999997,577,1.34963701408218,246.95600000003122,4.039,242.91700000003124,market_close
2022-03-02,LONG,2022-03-02 12:00:00,2022-03-02 15:59:00,437.09099999999995,437.829,577,1.3376799231275431,425.82600000003254,4.039,421.78700000003255,market_close
2022-03-07,SHORT,2022-03-07 10:30:00,2022-03-07 15:59:00,426.079,419.46099999999996,620,1.4329988944607852,4103.160000000033,4.34,4098.820000000032,market_close
2022-03-08,LONG,2022-03-08 13:00:00,2022-03-08 14:00:00,425.181,419.519,573,1.259115878100992,-3244.3259999999873,4.011,-3248.3369999999873,band_vwap
2022-03-16,LONG,2022-03-16 10:30:00,2022-03-16 11:30:00,433.46099999999996,432.869,517,1.1854055821496678,-306.0639999999626,3.619,-309.68299999996265,band_vwap
2022-03-22,LONG,2022-03-22 11:00:00,2022-03-22 12:00:00,448.84099999999995,448.694,520,1.2383635504155381,-76.43999999996595,3.64,-80.07999999996595,band_vwap
2022-04-04,LONG,2022-04-04 10:30:00,2022-04-04 11:00:00,454.83099999999996,454.449,719,1.739965025842589,-274.6579999999627,5.033,-279.69099999996274,band_vwap
2022-04-04,LONG,2022-04-04 12:00:00,2022-04-04 13:00:00,455.5111,454.90900000000005,719,1.739965025842589,-432.9098999999643,5.033,-437.9428999999643,band_vwap
2022-04-04,LONG,2022-04-04 14:30:00,2022-04-04 15:30:00,455.871,456.10900000000004,719,1.739965025842589,171.12200000004054,5.033,166.08900000004056,band_vwap
2022-04-05,SHORT,2022-04-05 14:30:00,2022-04-05 15:59:00,452.92900000000003,451.101,774,1.8857042279203722,1414.8720000000244,5.418,1409.4540000000245,market_close
2022-04-06,SHORT,2022-04-06 10:30:00,2022-04-06 11:30:00,444.96900000000005,445.45599999999996,816,1.9372443054328374,-397.39199999992616,5.712,-403.10399999992615,band_vwap
2022-04-07,LONG,2022-04-07 15:30:00,2022-04-07 15:59:00,449.301,448.73900000000003,809,1.9192491140962322,-454.6579999999636,5.663,-460.3209999999636,market_close
2022-04-11,SHORT,2022-04-11 11:00:00,2022-04-11 15:00:00,442.319,442.46099999999996,816,1.9357140347977495,-115.87199999995028,5.712,-121.58399999995028,band_vwap
2022-04-13,LONG,2022-04-13 11:00:00,2022-04-13 15:59:00,439.82099999999997,443.35900000000004,826,1.932666961008743,2922.388000000056,5.782,2916.6060000000557,market_close
2022-04-14,SHORT,2022-04-14 10:30:00,2022-04-14 11:30:00,441.28900000000004,442.051,856,1.9973154575152678,-652.2719999999517,5.992,-658.2639999999517,band_vwap
2022-04-14,SHORT,2022-04-14 12:30:00,2022-04-14 15:59:00,440.089,437.871,856,1.9973154575152678,1898.6080000000152,5.992,1892.6160000000152,market_close
2022-04-19,LONG,2022-04-19 10:30:00,2022-04-19 15:59:00,442.71299999999997,445.009,878,2.009597401566434,2015.8880000000431,6.146,2009.7420000000432,market_close
2022-04-21,SHORT,2022-04-21 14:30:00,2022-04-21 15:59:00,440.689,438.041,833,1.9317330306252076,2205.7840000000206,5.831,2199.9530000000204,market_close
2022-04-22,SHORT,2022-04-22 10:30:00,2022-04-22 15:59:00,432.92900000000003,426.09099999999995,868,1.9404627975388589,5935.384000000069,6.0760000000000005,5929.308000000069,market_close
2022-04-25,SHORT,2022-04-25 11:30:00,2022-04-25 12:30:00,420.779,421.71099999999996,781,1.6433634721648942,-727.8919999999684,5.4670000000000005,-733.3589999999684,band_vwap
2022-04-26,SHORT,2022-04-26 10:30:00,2022-04-26 13:00:00,422.47900000000004,422.2154,789,1.673420733652449,207.98040000004227,5.523,202.45740000004227,band_vwap
2022-04-26,SHORT,2022-04-26 13:30:00,2022-04-26 15:59:00,419.119,416.111,789,1.673420733652449,2373.31200000003,5.523,2367.78900000003,market_close
2022-04-27,LONG,2022-04-27 13:00:00,2022-04-27 14:30:00,422.061,420.369,722,1.4812694569746478,-1221.6239999999643,5.054,-1226.6779999999644,band_vwap
2022-04-28,LONG,2022-04-28 13:30:00,2022-04-28 15:59:00,426.871,427.78900000000004,703,1.46887152692016,645.3540000000444,4.921,640.4330000000443,market_close
2022-04-29,SHORT,2022-04-29 11:00:00,2022-04-29 15:59:00,420.72900000000004,412.051,611,1.2772936270163497,5302.2580000000335,4.277,5297.981000000033,market_close
2022-05-02,SHORT,2022-05-02 14:30:00,2022-05-02 15:30:00,406.269,411.911,560,1.1094273916124873,-3159.5199999999977,3.92,-3163.439999999998,band_vwap
2022-05-03,LONG,2022-05-03 12:00:00,2022-05-03 12:30:00,417.89099999999996,416.629,549,1.1133811768454318,-692.837999999969,3.843,-696.680999999969,band_vwap
2022-05-04,LONG,2022-05-04 15:30:00,2022-05-04 15:59:00,427.03099999999995,428.98900000000003,540,1.1040804284457804,1057.3200000000452,3.7800000000000002,1053.5400000000452,market_close
2022-05-05,SHORT,2022-05-05 10:30:00,2022-05-05 15:59:00,418.09400000000005,413.921,486,1.005319442370897,2028.0780000000286,3.402,2024.6760000000286,market_close
2022-05-09,SHORT,2022-05-09 11:00:00,2022-05-09 12:00:00,400.959,401.911,473,0.9250798217539598,-450.29599999999914,3.311,-453.6069999999991,band_vwap
2022-05-09,SHORT,2022-05-09 14:30:00,2022-05-09 15:00:00,400.089,401.311,473,0.9250798217539598,-578.0059999999905,3.311,-581.3169999999906,band_vwap
2022-05-11,LONG,2022-05-11 10:30:00,2022-05-11 11:00:00,402.64099999999996,401.439,470,0.907479589104263,-564.9399999999724,3.29,-568.2299999999724,band_vwap
2022-05-13,LONG,2022-05-13 11:00:00,2022-05-13 14:00:00,400.911,399.339,485,0.9362684832332615,-762.4200000000013,3.395,-765.8150000000013,band_vwap
2022-05-18,SHORT,2022-05-18 10:30:00,2022-05-18 11:00:00,400.439,400.76099999999997,455,0.8974340741607912,-146.50999999997538,3.185,-149.69499999997538,band_vwap
2022-05-18,SHORT,2022-05-18 12:00:00,2022-05-18 15:59:00,396.509,391.931,455,0.8974340741607912,2082.9900000000143,3.185,2079.8050000000144,market_close
2022-05-20,SHORT,2022-05-20 13:00:00,2022-05-20 15:30:00,382.939,385.251,492,0.936489703046152,-1137.5039999999779,3.444,-1140.9479999999778,band_vwap
2022-05-24,SHORT,2022-05-24 11:00:00,2022-05-24 11:30:00,388.10900000000004,388.621,476,0.9094612571603352,-243.71199999997316,3.332,-247.04399999997315,band_vwap
2022-05-26,LONG,2022-05-26 10:30:00,2022-05-26 15:59:00,403.306,405.28900000000004,565,1.0976194364256673,1120.3950000000345,3.955,1116.4400000000346,market_close
2022-05-27,LONG,2022-05-27 10:30:00,2022-05-27 11:00:00,411.71099999999996,410.959,529,1.0462774985545436,-397.807999999975,3.7030000000000003,-401.51099999997496,band_vwap
2022-05-27,LONG,2022-05-27 12:30:00,2022-05-27 15:59:00,412.351,415.34900000000005,529,1.0462774985545436,1585.942000000025,3.7030000000000003,1582.239000000025,market_close
2022-06-01,SHORT,2022-06-01 12:00:00,2022-06-01 13:30:00,407.639,409.251,550,1.1006955631098434,-886.5999999999815,3.85,-890.4499999999815,band_vwap
2022-06-02,LONG,2022-06-02 13:00:00,2022-06-02 15:59:00,414.311,417.369,571,1.1313041317437442,1746.1180000000284,3.997,1742.1210000000283,market_close
2022-06-10,SHORT,2022-06-10 11:00:00,2022-06-10 13:30:00,390.84900000000005,391.52099999999996,705,1.3356660451229865,-473.7599999999378,4.9350000000000005,-478.6949999999378,band_vwap
2022-06-13,SHORT,2022-06-13 11:00:00,2022-06-13 11:30:00,376.139,377.361,638,1.1653738833437506,-779.6359999999872,4.466,-784.1019999999872,band_vwap
2022-06-16,SHORT,2022-06-16 12:30:00,2022-06-16 13:00:00,367.639,367.691,579,1.0355618197328094,-30.1079999999792,4.053,-34.1609999999792,band_vwap
2022-06-16,SHORT,2022-06-16 14:30:00,2022-06-16 15:30:00,365.16900000000004,366.921,579,1.0355618197328094,-1014.4079999999726,4.053,-1018.4609999999726,band_vwap
2022-06-21,LONG,2022-06-21 10:30:00,2022-06-21 12:00:00,375.121,374.199,637,1.149181136514795,-587.3139999999801,4.4590000000000005,-591.77299999998,band_vwap
2022-06-21,LONG,2022-06-21 12:30:00,2022-06-21 15:59:00,374.756,375.06890000000004,637,1.149181136514795,199.31730000004467,4.4590000000000005,194.85830000004466,market_close
2022-06-24,LONG,2022-06-24 10:30:00,2022-06-24 15:59:00,386.53099999999995,390.04900000000004,570,1.0555775831293204,2005.2600000000489,3.99,2001.2700000000489,market_close
2022-06-28,SHORT,2022-06-28 12:00:00,2022-06-28 15:59:00,384.09900000000005,380.741,502,0.9430940887913059,1685.7160000000306,3.5140000000000002,1682.2020000000307,market_close
2022-06-30,SHORT,2022-06-30 10:30:00,2022-06-30 11:00:00,373.51910000000004,375.741,524,0.941183848159686,-1164.2755999999729,3.668,-1167.9435999999728,band_vwap
2022-07-07,LONG,2022-07-07 12:30:00,2022-07-07 13:30:00,388.001,387.48900000000003,655,1.2109005706042815,-335.35999999996307,4.585,-339.94499999996304,band_vwap
2022-07-07,LONG,2022-07-07 14:30:00,2022-07-07 15:59:00,388.96099999999996,388.939,655,1.2109005706042815,-14.409999999957108,4.585,-18.99499999995711,market_close
2022-07-19,LONG,2022-07-19 11:00:00,2022-07-19 15:59:00,388.82099999999997,392.249,1015,1.8844655392103071,3479.420000000055,7.105,3472.315000000055,market_close
2022-07-20,LONG,2022-07-20 11:30:00,2022-07-20 13:30:00,395.186,393.889,936,1.7372942616691205,-1213.9919999999706,6.5520000000000005,-1220.5439999999705,band_vwap
2022-07-21,LONG,2022-07-21 13:00:00,2022-07-21 13:30:00,397.34099999999995,396.579,926,1.7351793060491363,-705.6119999999478,6.482,-712.0939999999478,band_vwap
2022-07-22,SHORT,2022-07-22 12:00:00,2022-07-22 15:59:00,396.269,395.121,935,1.7797138070461325,1073.3800000000228,6.545,1066.8350000000228,market_close
2022-07-26,SHORT,2022-07-26 12:00:00,2022-07-26 13:30:00,390.60900000000004,392.191,921,1.7230232063451771,-1457.0219999999417,6.447,-1463.4689999999416,band_vwap
2022-07-26,SHORT,2022-07-26 14:30:00,2022-07-26 15:00:00,390.579,390.741,921,1.7230232063451771,-149.20199999997948,6.447,-155.64899999997948,band_vwap
2022-07-27,LONG,2022-07-27 12:30:00,2022-07-27 13:00:00,396.82099999999997,396.019,868,1.637959979216,-696.1359999999688,6.0760000000000005,-702.2119999999688,band_vwap
2022-07-27,LONG,2022-07-27 15:30:00,2022-07-27 15:59:00,402.801,400.999,868,1.637959979216,-1564.1359999999688,6.0760000000000005,-1570.2119999999688,market_close
2022-07-28,SHORT,2022-07-28 10:30:00,2022-07-28 11:00:00,398.759,401.57099999999997,766,1.488453240723855,-2153.9919999999656,5.362,-2159.3539999999657,band_vwap
2022-07-28,LONG,2022-07-28 13:00:00,2022-07-28 15:59:00,404.07099999999997,406.009,766,1.488453240723855,1484.5080000000344,5.362,1479.1460000000343,market_close
2022-07-29,LONG,2022-07-29 10:30:00,2022-07-29 11:30:00,410.58099999999996,408.279,739,1.462631555332351,-1701.1779999999735,5.173,-1706.3509999999735,band_vwap
2022-07-29,LONG,2022-07-29 13:30:00,2022-07-29 15:59:00,410.061,412.059,739,1.462631555332351,1476.522000000035,5.173,1471.349000000035,market_close
2022-08-03,LONG,2022-08-03 12:00:00,2022-08-03 15:59:00,413.3809,414.40900000000005,770,1.535907584185466,791.6370000000398,5.39,786.2470000000399,market_close
2022-08-12,LONG,2022-08-12 13:00:00,2022-08-12 15:59:00,424.181,427.059,868,1.772325175971809,2498.104000000037,6.0760000000000005,2492.028000000037,market_close
2022-08-19,SHORT,2022-08-19 10:30:00,2022-08-19 13:00:00,423.21900000000005,423.311,1121,2.2776832753430045,-103.13199999991895,7.847,-110.97899999991894,band_vwap
2022-08-19,SHORT,2022-08-19 14:00:00,2022-08-19 15:59:00,422.85900000000004,422.15099999999995,1121,2.2776832753430045,793.6680000000938,7.847,785.8210000000938,market_close
2022-08-22,SHORT,2022-08-22 11:00:00,2022-08-22 15:59:00,414.384,413.46099999999996,1040,2.068637885643886,959.920000000061,7.28,952.640000000061,market_close
2022-08-24,LONG,2022-08-24 12:00:00,2022-08-24 13:00:00,414.71029999999996,413.079,977,1.910829550693331,-1593.7800999999545,6.839,-1600.6190999999544,band_vwap
2022-08-25,LONG,2022-08-25 11:00:00,2022-08-25 11:30:00,417.08099999999996,415.66900000000004,959,1.9035502159368753,-1354.1079999999242,6.713,-1360.8209999999242,band_vwap
2022-08-26,SHORT,2022-08-26 11:00:00,2022-08-26 15:59:00,412.759,405.32099999999997,888,1.79326344038218,6604.9440000000395,6.216,6598.728000000039,market_close
2022-08-30,SHORT,2022-08-30 11:00:00,2022-08-30 15:59:00,398.379,398.181,726,1.3686205956039075,143.74800000002608,5.082,138.6660000000261,market_close
2022-09-01,SHORT,2022-09-01 11:30:00,2022-09-01 12:00:00,390.869,391.171,822,1.5062043780398398,-248.24399999997047,5.7540000000000004,-253.99799999997046,band_vwap
2022-09-02,SHORT,2022-09-02 14:00:00,2022-09-02 14:30:00,392.379,393.76099999999997,887,1.6579871753031994,-1225.833999999954,6.2090000000000005,-1232.042999999954,band_vwap
2022-09-02,SHORT,2022-09-02 15:30:00,2022-09-02 15:59:00,392.5917,392.27099999999996,887,1.6579871753031994,284.46090000003977,6.2090000000000005,278.25190000003977,market_close
2022-09-07,LONG,2022-09-07 11:30:00,2022-09-07 15:59:00,393.90099999999995,397.769,941,1.7230800574967529,3639.7880000000487,6.587,3633.2010000000487,market_close
2022-09-08,LONG,2022-09-08 11:30:00,2022-09-08 12:00:00,400.33099999999996,399.509,823,1.5003711097439565,-676.5059999999555,5.761,-682.2669999999555,band_vwap
2022-09-09,LONG,2022-09-09 10:30:00,2022-09-09 12:30:00,405.14099999999996,404.78900000000004,793,1.4770545458959636,-279.13599999993545,5.551,-284.68699999993544,band_vwap
2022-09-09,LONG,2022-09-09 13:30:00,2022-09-09 15:00:00,406.291,406.73900000000003,793,1.4770545458959636,355.2640000000285,5.551,349.7130000000285,band_vwap
2022-09-12,LONG,2022-09-12 10:30:00,2022-09-12 11:00:00,411.381,410.519,741,1.4007889389931363,-638.7419999999751,5.187,-643.9289999999751,band_vwap
2022-09-13,SHORT,2022-09-13 11:30:00,2022-09-13 13:30:00,398.019,399.45099999999996,784,1.4611240559781025,-1122.6879999999683,5.488,-1128.1759999999683,band_vwap
2022-09-13,SHORT,2022-09-13 15:00:00,2022-09-13 15:59:00,395.869,393.131,784,1.4611240559781025,2146.592000000044,5.488,2141.1040000000444,market_close
2022-09-22,SHORT,2022-09-22 11:30:00,2022-09-22 13:00:00,374.29900000000004,375.1676,716,1.2440316017417925,-621.91759999997,5.0120000000000005,-626.9295999999699,band_vwap
2022-09-23,SHORT,2022-09-23 10:30:00,2022-09-23 15:59:00,368.759,367.921,728,1.248293815210642,610.0640000000162,5.096,604.9680000000162,market_close
2022-09-26,SHORT,2022-09-26 14:00:00,2022-09-26 14:30:00,363.28900000000004,363.801,725,1.2261748799954817,-371.1999999999591,5.075,-376.2749999999591,band_vwap
2022-09-28,LONG,2022-09-28 11:00:00,2022-09-28 15:59:00,366.541,370.47900000000004,789,1.3291743710384227,3107.0820000000354,5.523,3101.559000000035,market_close
2022-09-29,SHORT,2022-09-29 10:30:00,2022-09-29 12:00:00,361.839,364.001,736,1.2309708927489016,-1591.2319999999836,5.152,-1596.3839999999836,band_vwap
2022-09-29,SHORT,2022-09-29 12:30:00,2022-09-29 15:59:00,362.829,362.791,736,1.2309708927489016,27.968000000008033,5.152,22.81600000000803,market_close
2022-10-03,LONG,2022-10-03 11:00:00,2022-10-03 15:59:00,364.3121,366.59900000000005,823,1.3639463925008488,1882.118700000049,5.761,1876.3577000000491,market_close
2022-10-04,LONG,2022-10-04 10:30:00,2022-10-04 13:30:00,376.07099999999997,375.389,828,1.4042811529355306,-564.6959999999665,5.796,-570.4919999999665,band_vwap
2022-10-04,LONG,2022-10-04 14:00:00,2022-10-04 14:30:00,376.296,375.579,828,1.4042811529355306,-593.6759999999872,5.796,-599.4719999999872,band_vwap
2022-10-04,LONG,2022-10-04 15:30:00,2022-10-04 15:59:00,376.58099999999996,377.92900000000003,828,1.4042811529355306,1116.144000000058,5.796,1110.348000000058,market_close
2022-10-07,SHORT,2022-10-07 10:30:00,2022-10-07 15:59:00,366.23900000000003,362.801,706,1.1862421352819368,2427.228000000032,4.942,2422.286000000032,market_close
2022-10-10,SHORT,2022-10-10 11:30:00,2022-10-10 12:00:00,360.34900000000005,360.801,681,1.116381219810803,-307.81199999996005,4.767,-312.57899999996005,band_vwap
2022-10-10,SHORT,2022-10-10 13:00:00,2022-10-10 14:00:00,358.34900000000005,361.481,681,1.116381219810803,-2132.891999999965,4.767,-2137.6589999999646,band_vwap
2022-10-13,LONG,2022-10-13 12:00:00,2022-10-13 15:59:00,362.871,365.959,723,1.1496530295585696,2232.624000000016,5.061,2227.563000000016,market_close
2022-10-14,SHORT,2022-10-14 11:00:00,2022-10-14 15:59:00,362.069,357.681,647,1.0750454774563714,2839.036000000022,4.529,2834.507000000022,market_close
2022-10-20,LONG,2022-10-20 11:00:00,2022-10-20 11:30:00,371.971,370.29900000000004,628,1.0288475286095882,-1050.0159999999803,4.396,-1054.4119999999803,band_vwap
2022-10-21,LONG,2022-10-21 12:30:00,2022-10-21 15:59:00,369.411,374.279,642,1.0490820164991959,3125.2559999999967,4.494,3120.7619999999965,market_close
2022-10-25,LONG,2022-10-25 10:30:00,2022-10-25 13:00:00,382.78099999999995,383.084,695,1.1614947864354772,210.5850000000376,4.865,205.7200000000376,band_vwap
2022-10-28,LONG,2022-10-28 10:30:00,2022-10-28 15:59:00,383.981,388.96900000000005,769,1.2875607448734667,3835.7720000000436,5.383,3830.389000000044,market_close
2022-11-08,LONG,2022-11-08 12:00:00,2022-11-08 13:30:00,384.541,381.72900000000004,823,1.3595674166084968,-2314.275999999963,5.761,-2320.036999999963,band_vwap
2022-11-09,SHORT,2022-11-09 15:30:00,2022-11-09 15:59:00,375.319,374.15099999999995,828,1.3778676454045495,967.1040000000523,5.796,961.3080000000523,market_close
2022-11-10,LONG,2022-11-10 11:30:00,2022-11-10 12:30:00,390.801,390.649,761,1.287015487928326,-115.67199999998996,5.327,-120.99899999998996,band_vwap
2022-11-10,LONG,2022-11-10 15:30:00,2022-11-10 15:59:00,393.4656,394.639,761,1.287015487928326,892.9574000000115,5.327,887.6304000000115,market_close
2022-11-23,LONG,2022-11-23 10:30:00,2022-11-23 12:00:00,401.921,400.339,652,1.1328562479951054,-1031.4639999999958,4.564,-1036.027999999996,band_vwap
2022-11-28,SHORT,2022-11-28 15:00:00,2022-11-28 15:59:00,396.024,395.921,671,1.168476871718772,69.1130000000058,4.697,64.4160000000058,market_close
2022-11-30,LONG,2022-11-30 14:30:00,2022-11-30 15:59:00,403.09099999999995,407.46900000000005,649,1.1201167712737845,2841.3220000000647,4.543,2836.7790000000646,market_close
2022-12-05,SHORT,2022-12-05 12:00:00,2022-12-05 15:59:00,400.939,399.611,1002,1.744663771458435,1330.6560000000313,7.014,1323.6420000000314,market_close
2022-12-06,SHORT,2022-12-06 10:30:00,2022-12-06 15:59:00,395.91900000000004,393.861,942,1.6122534450808368,1938.6360000000468,6.594,1932.0420000000468,market_close
2022-12-08,LONG,2022-12-08 10:30:00,2022-12-08 11:30:00,397.001,395.874,946,1.5892647440529573,-1066.1419999999553,6.622,-1072.7639999999553,band_vwap
2022-12-12,LONG,2022-12-12 15:30:00,2022-12-12 15:59:00,398.08099999999996,398.90900000000005,931,1.567055812204839,770.8680000000821,6.517,764.3510000000821,market_close
2022-12-14,LONG,2022-12-14 10:30:00,2022-12-14 12:30:00,404.111,403.779,876,1.4980592023622956,-290.8319999999944,6.132000000000001,-296.9639999999944,band_vwap
2022-12-15,SHORT,2022-12-15 10:30:00,2022-12-15 15:30:00,391.139,390.631,914,1.5356906090181097,464.3120000000349,6.398000000000001,457.9140000000349,band_vwap
2022-12-16,SHORT,2022-12-16 11:00:00,2022-12-16 15:00:00,383.04900000000004,382.931,848,1.3891644889228723,100.06400000004396,5.936,94.12800000004395,band_vwap
2022-12-19,SHORT,2022-12-19 14:30:00,2022-12-19 15:59:00,378.654,379.981,851,1.3875977372942587,-1129.2769999999985,5.957,-1135.2339999999986,market_close
2022-12-21,LONG,2022-12-21 11:30:00,2022-12-21 12:00:00,386.46099999999996,385.952,1114,1.8242907872129048,-567.0259999999529,7.798,-574.8239999999529,band_vwap
2022-12-21,LONG,2022-12-21 14:30:00,2022-12-21 15:00:00,386.471,386.10900000000004,1114,1.8242907872129048,-403.2679999999625,7.798,-411.0659999999625,band_vwap
2022-12-22,SHORT,2022-12-22 10:30:00,2022-12-22 15:00:00,379.48400000000004,378.49109999999996,1002,1.6466351202476048,994.8858000000771,7.014,987.8718000000771,band_vwap
2022-12-28,SHORT,2022-12-28 12:00:00,2022-12-28 13:00:00,378.22400000000005,379.311,1054,1.7170359563794038,-1145.6979999999285,7.378,-1153.0759999999284,band_vwap
2022-12-28,SHORT,2022-12-28 15:00:00,2022-12-28 15:59:00,378.439,376.681,1054,1.7170359563794038,1852.9320000000403,7.378,1845.5540000000403,market_close
2022-12-29,LONG,2022-12-29 10:30:00,2022-12-29 15:59:00,382.3194,383.389,1035,1.672928841370441,1107.036000000038,7.245,1099.7910000000381,market_close
