date,start_equity,end_equity,pnl,return,shares,leverage
2018-01-24,100000.0,100000.0,0.0,0.0,1408,4.0
2018-01-25,100000.0,100000.0,0.0,0.0,1407,4.0
2018-01-26,100000.0,102225.87400000017,2225.874000000165,0.02225874000000161,1407,4.0
2018-01-29,102225.87400000017,101912.92300000027,-312.95099999990316,-0.003061367809874649,1429,4.0
2018-01-30,101912.92300000027,100153.97100000062,-1758.9519999996492,-0.017259361700376785,1352,3.7491382704361573
2018-01-31,100153.97100000062,100153.97100000062,0.0,0.0,1102,3.1123929119061207
2018-02-01,100153.97100000062,99219.44300000067,-934.5279999999492,-0.009330913099790505,1120,3.145337764523603
2018-02-02,99219.44300000067,103613.37480000076,4393.931800000095,0.044284987570430756,1138,3.213841248255506
2018-02-05,103613.37480000076,108559.02680000087,4945.652000000104,0.04773179147524553,886,2.339990228253578
2018-02-06,108559.02680000087,108075.48110000098,-483.54569999988166,-0.004454219186127428,603,1.4461884224479964
2018-02-07,108075.48110000098,108147.138100001,71.65700000001841,0.0006630273515388918,547,1.3608114243986054
2018-02-08,108147.138100001,112712.526100001,4565.388000000012,0.042214598372251944,548,1.3591505011197829
2018-02-09,112712.526100001,109548.51490000101,-3164.011199999987,-0.0280715135174312,504,1.1678985960567698
2018-02-12,109548.51490000101,108803.74290000106,-744.7719999999525,-0.006798558617429062,469,1.1316018352489523
2018-02-13,108803.74290000106,108803.74290000106,0.0,0.0,450,1.0921461519978277
2018-02-14,108803.74290000106,109314.21690000109,510.4740000000281,0.00469169521556978,447,1.0877460293591987
2018-02-15,109314.21690000109,109314.21690000109,0.0,0.0,423,1.0527823446158584
2018-02-16,109314.21690000109,109314.21690000109,0.0,0.0,421,1.0507928969737277
2018-02-20,109314.21690000109,109314.21690000109,0.0,0.0,422,1.0509342637600347
2018-02-21,109314.21690000109,109314.21690000109,0.0,0.0,424,1.0567571079976592
2018-02-22,109314.21690000109,109314.21690000109,0.0,0.0,426,1.0574561923720835
2018-02-23,109314.21690000109,109314.21690000109,0.0,0.0,424,1.05596751316321
2018-02-26,109314.21690000109,109314.21690000109,0.0,0.0,422,1.0673837836441482
2018-02-27,109314.21690000109,109314.21690000109,0.0,0.0,534,1.3598713803531783
2018-02-28,109314.21690000109,109314.21690000109,0.0,0.0,542,1.368388214397044
2018-03-01,109314.21690000109,109066.89690000114,-247.31999999994764,-0.002262468753046032,540,1.3430907602910092
2018-03-02,109066.89690000114,109066.89690000114,0.0,0.0,742,1.809891012649563
2018-03-05,109066.89690000114,110171.01390000118,1104.117000000042,0.010123300757445719,777,1.907737316572539
2018-03-06,110171.01390000118,110171.01390000118,0.0,0.0,782,1.9407865977275893
2018-03-07,110171.01390000118,110171.01390000118,0.0,0.0,790,1.9411460542168908
2018-03-08,110171.01390000118,110171.01390000118,0.0,0.0,829,2.0598310074781807
2018-03-09,110171.01390000118,112239.22890000121,2068.2150000000215,0.018772769050462657,865,2.166712332586664
2018-03-12,112239.22890000121,112091.61990000124,-147.6089999999684,-0.0013151284220910275,781,1.9445775264533447
2018-03-13,112091.61990000124,111925.67390000129,-165.94599999995341,-0.0014804496549162272,794,1.9827874756162442
2018-03-14,111925.67390000129,111046.95060000132,-878.7232999999754,-0.00785095384625567,793,1.9686865853457494
2018-03-15,111046.95060000132,111046.95060000132,0.0,0.0,779,1.9366223815159154
2018-03-16,111046.95060000132,111046.95060000132,0.0,0.0,859,2.1253343694653606
2018-03-19,111046.95060000132,113081.07060000133,2034.1200000000163,0.018317657432368906,920,2.265985786227504
2018-03-20,113081.07060000133,113081.07060000133,0.0,0.0,936,2.2429453357156626
2018-03-21,113081.07060000133,113081.07060000133,0.0,0.0,989,2.369354623706634
2018-03-22,113081.07060000133,115222.17860000144,2141.108000000103,0.018934274221490188,1114,2.6399713179101094
2018-03-23,115222.17860000144,115026.05060000153,-196.1279999999167,-0.001702172293415627,864,1.9822979720674654
2018-03-26,115026.05060000153,114691.9036000016,-334.14699999992644,-0.0029049680333884664,821,1.8727815346663854
2018-03-27,114691.9036000016,116280.03860000167,1588.1350000000605,0.013846966962365759,635,1.474680976189807
2018-03-28,116280.03860000167,115935.3466000017,-344.69199999995914,-0.002964326501349812,629,1.4118283229951438
2018-03-29,115935.3466000017,116411.48060000173,476.13400000002423,0.004106892453108024,634,1.4299391269680706
2018-04-02,116411.48060000173,119142.13060000178,2730.650000000054,0.023456878874196008,650,1.4669284891895222
2018-04-03,119142.13060000178,119142.13060000178,0.0,0.0,635,1.3815308424361692
2018-04-04,119142.13060000178,119337.2986000018,195.16800000001908,0.001638110708757301,608,1.3114170943509962
2018-04-05,119337.2986000018,119337.2986000018,0.0,0.0,568,1.2642380211312072
2018-04-06,119337.2986000018,118796.02860000182,-541.2699999999774,-0.004535631410714447,565,1.2474861847723195
2018-04-09,118796.02860000182,119738.06660000184,942.0380000000206,0.007929877884823577,538,1.1851671400043522
2018-04-10,119738.06660000184,119738.06660000184,0.0,0.0,541,1.1944105747183382
2018-04-11,119738.06660000184,119738.06660000184,0.0,0.0,520,1.1447205196321362
2018-04-12,119738.06660000184,119398.68160000184,-339.3849999999932,-0.00283439518974149,515,1.142748280149185
2018-04-13,119398.68160000184,119398.68160000184,0.0,0.0,547,1.2268885647595125
2018-04-16,119398.68160000184,119398.68160000184,0.0,0.0,593,1.3277308424135754
2018-04-17,119398.68160000184,119398.68160000184,0.0,0.0,666,1.5038485199243452
2018-04-18,119398.68160000184,119398.68160000184,0.0,0.0,709,1.6077155375775165
2018-04-19,119398.68160000184,119012.75760000186,-385.9239999999873,-0.0032322299947403765,716,1.6180710916507342
2018-04-20,119012.75760000186,119387.02960000192,374.27200000004916,0.0031448057128293794,731,1.651367953068018
2018-04-23,119387.02960000192,119387.02960000192,0.0,0.0,859,1.9230883494035773
2018-04-24,119387.02960000192,121045.18060000196,1658.1510000000462,0.013888870554494614,891,1.9993252451472499
2018-04-25,121045.18060000196,120161.01460000203,-884.1659999999232,-0.007304429599074069,894,1.943313133267501
2018-04-26,120161.01460000203,119732.24860000209,-428.7659999999478,-0.0035682621474797394,897,1.9771104747556407
2018-04-27,119732.24860000209,119732.24860000209,0.0,0.0,1070,2.388303751195831
2018-04-30,119732.24860000209,120242.99660000215,510.74800000006536,0.00426575134078,1073,2.3951983999431308
2018-05-01,120242.99660000215,118434.97360000224,-1808.022999999913,-0.015036410029055092,1211,2.658477649234644
2018-05-02,118434.97360000224,118279.01260000229,-155.9609999999483,-0.0013168491979969055,1209,2.704401549749841
2018-05-03,118279.01260000229,115037.26860000244,-3241.7439999998514,-0.02740760113514662,1243,2.7564917086734897
2018-05-04,115037.26860000244,117757.84260000249,2720.5740000000574,0.023649501010492457,1214,2.7608029476966136
2018-05-07,117757.84260000249,117379.42060000256,-378.4219999999335,-0.003213560911482949,1133,2.5700979387789746
2018-05-08,117379.42060000256,117379.42060000256,0.0,0.0,1219,2.768322499895342
2018-05-09,117379.42060000256,117690.4606000026,311.0400000000409,0.002649868251266785,1215,2.7726982998743726
2018-05-10,117690.4606000026,118058.32660000269,367.8660000001011,0.0031257078791659954,1146,2.6341383899103774
2018-05-11,118058.32660000269,117447.44660000276,-610.8799999999375,-0.005174391485910812,1150,2.6514455754857122
2018-05-14,117447.44660000276,117447.44660000276,0.0,0.0,1141,2.6557592425763534
2018-05-15,117447.44660000276,114759.28160000307,-2688.164999999691,-0.02288823706108245,1395,3.2267186485208406
2018-05-16,114759.28160000307,114124.99860000325,-634.2829999998262,-0.005527073637587199,1261,2.9810541455639834
2018-05-17,114124.99860000325,113807.36760000336,-317.6309999998858,-0.0027831851381935335,1329,3.169023667852197
2018-05-18,113807.36760000336,113807.36760000336,0.0,0.0,1321,3.1543272957038684
2018-05-21,113807.36760000336,113807.36760000336,0.0,0.0,1422,3.412530581734271
2018-05-22,113807.36760000336,113807.36760000336,0.0,0.0,1373,3.306401018885369
2018-05-23,113807.36760000336,113807.36760000336,0.0,0.0,1476,3.517038090698786
2018-05-24,113807.36760000336,113733.3776000034,-73.98999999995948,-0.0006501336561971494,1510,3.6235084949648093
2018-05-25,113733.3776000034,113733.3776000034,0.0,0.0,1671,4.0
2018-05-29,113733.3776000034,113415.29060000347,-318.0869999999319,-0.0027967779266929726,1683,4.0
2018-05-30,113415.29060000347,114549.06860000352,1133.7780000000566,0.009996694396337658,1398,3.3358038100970617
2018-05-31,114549.06860000352,114159.99860000373,-389.0699999997902,-0.003396535692126723,1310,3.113559434771251
2018-06-01,114159.99860000373,115091.46660000378,931.4680000000484,0.00815932035233935,1348,3.217771453337736
2018-06-04,115091.46660000378,114439.57470000384,-651.8918999999452,-0.00566412019290341,1221,2.9134010441323923
2018-06-05,114439.57470000384,114439.57470000384,0.0,0.0,1195,2.874052824804411
2018-06-06,114439.57470000384,115530.9377000039,1091.3630000000537,0.009536587346300474,1253,3.0216458169283604
2018-06-07,115530.9377000039,115265.29070000397,-265.6469999999178,-0.002299358122494599,1213,2.9187872734873253
2018-06-08,115265.29070000397,115265.29070000397,0.0,0.0,1215,2.9200000237541834
2018-06-11,115265.29070000397,115327.66370000404,62.37300000006062,0.0005411256035643408,1223,2.9546402873978974
2018-06-12,115327.66370000404,115327.66370000404,0.0,0.0,1257,3.0433861844521637
2018-06-13,115327.66370000404,115327.66370000404,0.0,0.0,1280,3.0985816453912114
2018-06-14,115327.66370000404,115327.66370000404,0.0,0.0,1252,3.0294520699848855
2018-06-15,115327.66370000404,114751.44770000415,-576.2159999998826,-0.004996338098886333,1272,3.052888978895779
2018-06-18,114751.44770000415,114751.44770000415,0.0,0.0,1236,2.9681518687223596
2018-06-19,114751.44770000415,114751.44770000415,0.0,0.0,1443,3.4475361467306405
2018-06-20,114751.44770000415,114751.44770000415,0.0,0.0,1646,3.963296253928684
2018-06-21,114751.44770000415,115804.12670000433,1052.679000000183,0.009173557467895277,1663,4.0
2018-06-22,115804.12670000433,115804.12670000433,0.0,0.0,1680,4.0
2018-06-25,115804.12670000433,117499.82070000439,1695.6940000000648,0.014642776974544525,1694,4.0
2018-06-26,117499.82070000439,117371.28770000448,-128.53299999991197,-0.001093899541583787,1627,3.761500831746907
2018-06-27,117371.28770000448,117702.2957000047,331.0080000002256,0.0028201786526043104,1724,4.0
2018-06-28,117702.2957000047,118132.81670000484,430.52100000014116,0.0036577111554172426,1743,3.9887048377487604
2018-06-29,118132.81670000484,117681.02970000498,-451.78699999986134,-0.0038243987794447376,1631,3.757900794564214
2018-07-02,117681.02970000498,117681.02970000498,0.0,0.0,1646,3.7709541560644806
2018-07-05,117681.02970000498,117681.02970000498,0.0,0.0,1608,3.719610695925721
2018-07-06,117681.02970000498,120218.01570000501,2536.986000000038,0.021558156029628295,1546,3.588732654534166
2018-07-09,120218.01570000501,119989.8507000051,-228.1649999998995,-0.0018979268512405723,1435,3.303217482449729
2018-07-10,119989.8507000051,119989.8507000051,0.0,0.0,1337,3.1029856273677803
2018-07-11,119989.8507000051,119989.8507000051,0.0,0.0,1341,3.098496449783918
2018-07-12,119989.8507000051,119653.15190000519,-336.6987999999168,-0.0028060606629282114,1294,3.0024738442737853
2018-07-13,119653.15190000519,119653.15190000519,0.0,0.0,1221,2.851145510460155
2018-07-16,119653.15190000519,119653.15190000519,0.0,0.0,1277,2.984562906586399
2018-07-17,119653.15190000519,119521.62090000533,-131.5309999998531,-0.0010992689946837109,1277,2.973891823014396
2018-07-18,119521.62090000533,119521.62090000533,0.0,0.0,1622,3.8081328867717548
2018-07-19,119521.62090000533,119312.25390000541,-209.3669999999306,-0.0017517081714871763,1623,3.8079654318652754
2018-07-20,119312.25390000541,119312.25390000541,0.0,0.0,1705,4.0
2018-07-23,119312.25390000541,119312.25390000541,0.0,0.0,1707,4.0
2018-07-24,119312.25390000541,119026.13690000544,-286.1169999999623,-0.0023980520914453907,1693,4.0
2018-07-25,119026.13690000544,120799.35290000566,1773.2160000002207,0.014897702691047732,1692,4.0
2018-07-26,120799.35290000566,120799.35290000566,0.0,0.0,1706,4.0
2018-07-27,120799.35290000566,122853.17090000579,2053.818000000135,0.017001895711314052,1703,4.0
2018-07-30,122853.17090000579,123242.30590000594,389.13500000014835,0.0031674803112480276,1745,4.0
2018-07-31,123242.30590000594,123150.61390000599,-91.69199999994672,-0.0007439977638389328,1698,3.8699614465335714
2018-08-01,123150.61390000599,123150.61390000599,0.0,0.0,1749,4.0
2018-08-02,123150.61390000599,123683.03990000614,532.4260000001548,0.004323372682757842,1763,4.0
2018-08-03,123683.03990000614,123096.8051000062,-586.2347999999437,-0.004739815584043683,1751,4.0
2018-08-06,123096.8051000062,122596.83710000629,-499.9679999999029,-0.004061583885899611,1736,4.0
2018-08-07,122596.83710000629,122596.83710000629,0.0,0.0,1718,4.0
2018-08-08,122596.83710000629,122596.83710000629,0.0,0.0,1718,4.0
2018-08-09,122596.83710000629,122596.83710000629,0.0,0.0,1717,4.0
2018-08-10,122596.83710000629,122596.83710000629,0.0,0.0,1730,4.0
2018-08-13,122596.83710000629,122181.01260000661,-415.82449999968316,-0.003391804469314974,1729,4.0
2018-08-14,122181.01260000661,120728.60560000692,-1452.406999999685,-0.011887338049444307,1727,4.0
2018-08-15,120728.60560000692,120670.12360000714,-58.48199999978584,-0.00048440880857636426,1710,4.0
2018-08-16,120670.12360000714,120613.92460000732,-56.198999999815896,-0.0004657242267034345,1703,4.0
2018-08-17,120613.92460000732,120318.75360000737,-295.17099999994826,-0.0024472381690490153,1649,3.8826443996117965
2018-08-20,120318.75360000737,120318.75360000737,0.0,0.0,1685,4.0
2018-08-21,120318.75360000737,120263.28060000755,-55.47299999981806,-0.0004610503212512107,1681,4.0
2018-08-22,120263.28060000755,120263.28060000755,0.0,0.0,1682,4.0
2018-08-23,120263.28060000755,119409.32920000766,-853.9513999998957,-0.007100682733245156,1682,4.0
2018-08-24,119409.32920000766,119894.42620000776,485.0970000000978,0.004062471527560119,1667,4.0
2018-08-27,119894.42620000776,120560.08620000788,665.66000000012,0.005552051259577917,1660,4.0
2018-08-28,120560.08620000788,120560.08620000788,0.0,0.0,1647,3.967862267996771
2018-08-29,120560.08620000788,121520.479200008,960.3930000001308,0.007966094171555582,1653,3.979822714687829
2018-08-30,121520.479200008,121260.19620000802,-260.2829999999784,-0.002141885892102069,1637,3.919785293052204
2018-08-31,121260.19620000802,121260.19620000802,0.0,0.0,1673,4.0
2018-09-04,121260.19620000802,120058.9822000082,-1201.2139999998228,-0.009906086561319083,1673,4.0
2018-09-05,120058.9822000082,120334.37620000831,275.3940000000973,0.002293822544166879,1659,4.0
2018-09-06,120334.37620000831,117617.23060000851,-2717.1455999998047,-0.022579961651885916,1664,4.0
2018-09-07,117617.23060000851,117617.23060000851,0.0,0.0,1639,4.0
2018-09-10,117617.23060000851,117617.23060000851,0.0,0.0,1629,4.0
2018-09-11,117617.23060000851,117144.13760000863,-473.0929999998779,-0.004022310316153965,1637,4.0
2018-09-12,117144.13760000863,117144.13760000863,0.0,0.0,1621,4.0
2018-09-13,117144.13760000863,116782.60160000865,-361.53599999997505,-0.003086249191866952,1614,4.0
2018-09-14,116782.60160000865,116782.60160000865,0.0,0.0,1604,4.0
2018-09-17,116782.60160000865,117223.44860000884,440.84700000018927,0.0037749373105262496,1606,4.0
2018-09-18,117223.44860000884,118212.65760000893,989.209000000084,0.008438661477836895,1619,4.0
2018-09-19,118212.65760000893,118212.65760000893,0.0,0.0,1625,4.0
2018-09-20,118212.65760000893,118335.39760000906,122.74000000013513,0.0010382982879502123,1615,4.0
2018-09-21,118335.39760000906,118627.71260000914,292.3150000000727,0.002470224513785313,1615,4.0
2018-09-24,118627.71260000914,118627.71260000914,0.0,0.0,1628,4.0
2018-09-25,118627.71260000914,118627.71260000914,0.0,0.0,1627,4.0
2018-09-26,118627.71260000914,117715.98360000919,-911.7289999999415,-0.007685632471681636,1631,4.0
2018-09-27,117715.98360000919,117750.02460000932,34.041000000124576,0.0002891790813710493,1621,4.0
2018-09-28,117750.02460000932,117750.02460000932,0.0,0.0,1624,4.0
2018-10-01,117750.02460000932,117904.77660000943,154.75200000010557,0.0013142417636495818,1612,4.0
2018-10-02,117904.77660000943,117904.77660000943,0.0,0.0,1617,4.0
2018-10-03,117904.77660000943,117904.77660000943,0.0,0.0,1611,4.0
2018-10-04,117904.77660000943,119930.14560000949,2025.3690000000618,0.01717800634041411,1619,4.0
2018-10-05,119930.14560000949,120378.65060000961,448.5050000001272,0.0037397186316772135,1655,4.0
2018-10-08,120378.65060000961,118426.62260000975,-1952.0279999998666,-0.01621573252624331,1677,4.0
2018-10-09,118426.62260000975,117604.27060000981,-822.351999999937,-0.006943979165710656,1648,4.0
2018-10-10,117604.27060000981,128356.11060000988,10751.840000000075,0.09142389085995628,1640,4.0
2018-10-11,128356.11060000988,130344.55860001006,1988.4480000001763,0.01549165046140022,1056,2.280388891125444
2018-10-12,130344.55860001006,130344.55860001006,0.0,0.0,947,2.0115454655902565
2018-10-15,130344.55860001006,130344.55860001006,0.0,0.0,849,1.7953694230186685
2018-10-16,130344.55860001006,132225.74560001012,1881.1870000000554,0.014432416820504779,847,1.7976298779366282
2018-10-17,132225.74560001012,132154.06960001015,-71.6759999999888,-0.0005420729501257604,724,1.536269062379757
2018-10-18,132154.06960001015,133095.93760001022,941.8680000000705,0.007127044992642384,729,1.543064429036971
2018-10-19,133095.93760001022,132721.21960001026,-374.71799999995926,-0.002815397725557167,722,1.5043816180457255
2018-10-22,132721.21960001026,131972.1076000103,-749.1119999999523,-0.005644251930909117,728,1.519741020732266
2018-10-23,131972.1076000103,131616.68960001034,-355.417999999943,-0.0026931296806834704,742,1.5241208945047116
2018-10-24,131616.68960001034,136305.48360001037,4688.794000000024,0.0356246158010014,737,1.5322432069076481
2018-10-25,136305.48360001037,137285.97360001042,980.4900000000373,0.007193327620459433,690,1.3536769636939727
2018-10-26,137285.97360001042,136853.45060001043,-432.52299999998,-0.003150525786852487,637,1.2357589089564982
2018-10-29,136853.45060001043,136040.94660001044,-812.5039999999723,-0.005937037001534917,616,1.2103767803114025
2018-10-30,136040.94660001044,134415.22460001055,-1625.721999999907,-0.011950240281551894,626,1.2139019119140717
2018-10-31,134415.22460001055,134045.3046000106,-369.91999999994096,-0.002752069202731744,640,1.2891850893661705
2018-11-01,134045.3046000106,134045.3046000106,0.0,0.0,662,1.3426684583345554
2018-11-02,134045.3046000106,133806.9286000106,-238.3759999999837,-0.001778324132361786,664,1.3629274744006243
2018-11-05,133806.9286000106,133806.9286000106,0.0,0.0,668,1.3610943094622314
2018-11-06,133806.9286000106,133560.81460001066,-246.1139999999541,-0.001839321794282034,726,1.484853906568491
2018-11-07,133560.81460001066,133695.3076000108,134.49300000012101,0.001006979482739201,706,1.4679140240470037
2018-11-08,133695.3076000108,133695.3076000108,0.0,0.0,666,1.397101541343681
2018-11-09,133695.3076000108,133405.39560001082,-289.911999999976,-0.002168453068430387,668,1.3961636094342074
2018-11-12,133405.39560001082,135464.94380001083,2059.5482000000175,0.01543826762581002,662,1.375609161485751
2018-11-13,135464.94380001083,135464.94380001083,0.0,0.0,642,1.2960352243682902
2018-11-14,135464.94380001083,134584.49680001088,-880.4469999999599,-0.006499445356872413,773,1.5649824379489452
2018-11-15,134584.49680001088,134512.6120000109,-71.88479999997018,-0.0005341239274148091,832,1.6635045438424974
2018-11-16,134512.6120000109,134512.6120000109,0.0,0.0,889,1.7975059346450633
2018-11-19,134512.6120000109,136463.99500001097,1951.383000000057,0.01450706347148989,903,1.8344937731886144
2018-11-20,136463.99500001097,136081.72740001106,-382.26759999991856,-0.002801234127726371,902,1.7546943410626914
2018-11-21,136081.72740001106,136081.72740001106,0.0,0.0,853,1.6671151294952884
2018-11-26,136081.72740001106,135614.62040001113,-467.10699999994216,-0.0034325475500973646,883,1.7257797158007586
2018-11-27,135614.62040001113,135614.62040001113,0.0,0.0,856,1.6820587851216657
2018-11-28,135614.62040001113,137432.36340001115,1817.7430000000286,0.013403739173832196,853,1.6966741869945883
2018-11-29,137432.36340001115,137432.36340001115,0.0,0.0,752,1.4982164145309569
2018-11-30,137432.36340001115,137319.1334000112,-113.22999999996004,-0.0008238961857214289,845,1.684408583265209
2018-12-03,137319.1334000112,137319.1334000112,0.0,0.0,811,1.6557847673238624
2018-12-04,137319.1334000112,142675.3094000113,5356.1760000000895,0.03900531460825296,798,1.6190167634897206
2018-12-06,142675.3094000113,141606.63740001133,-1068.671999999961,-0.007490237830876434,759,1.4158295775050074
2018-12-07,141606.63740001133,145032.61040001136,3425.9730000000386,0.024193590518799768,743,1.415460614522282
2018-12-10,145032.61040001136,144573.8084000114,-458.8019999999628,-0.003163440268602713,718,1.3050930924422848
2018-12-11,144573.8084000114,144573.8084000114,0.0,0.0,722,1.3379501084834369
2018-12-12,144573.8084000114,144573.8084000114,0.0,0.0,725,1.341655035592024
2018-12-13,144573.8084000114,144573.8084000114,0.0,0.0,750,1.3841855703825205
2018-12-14,144573.8084000114,144195.4769000115,-378.3314999998968,-0.002616874413054804,811,1.475550060767515
2018-12-17,144195.4769000115,145700.46890001156,1504.9920000000502,0.010437165106389923,771,1.3879052807786023
2018-12-18,145700.46890001156,145443.1679000116,-257.300999999952,-0.0017659586269178629,759,1.3410291676904496
2018-12-19,145443.1679000116,144430.39490001166,-1012.7729999999503,-0.006963359053731688,769,1.3495258553135572
2018-12-20,144430.39490001166,142978.56900001166,-1451.8259000000028,-0.010052080111011885,889,1.5390708885648523
2018-12-21,142978.56900001166,144344.32900001167,1365.7600000000023,0.009552200791713705,880,1.5189172661682437
2018-12-26,144344.32900001167,143105.81700001168,-1238.5119999999995,-0.008580260884373803,908,1.4853457446606084
2018-12-27,143105.81700001168,140800.0960000117,-2305.7209999999923,-0.016112000534540094,797,1.3516029619674526
2018-12-28,140800.0960000117,140800.0960000117,0.0,0.0,805,1.4273537450658766
2018-12-31,140800.0960000117,140800.0960000117,0.0,0.0,804,1.425880230670267
2019-01-02,140800.0960000117,140800.0960000117,0.0,0.0,839,1.4664006481047356
2019-01-03,140800.0960000117,140635.57850001167,-164.51750000002312,-0.0011684473567404874,833,1.4695304326273853
2019-01-04,140635.57850001167,143224.31450001168,2588.7359999999917,0.0184074046383631,776,1.3673800834464158
2019-01-07,143224.31450001168,143724.2265000117,499.91200000000117,0.0034904129354376145,632,1.1158059598927217
2019-01-08,143724.2265000117,143724.2265000117,0.0,0.0,617,1.102597341411664
2019-01-09,143724.2265000117,143724.2265000117,0.0,0.0,625,1.1215852335742134
2019-01-10,143724.2265000117,143724.2265000117,0.0,0.0,659,1.1765906119280183
2019-01-11,143724.2265000117,143724.2265000117,0.0,0.0,655,1.1754165376716816
2019-01-14,143724.2265000117,143724.2265000117,0.0,0.0,684,1.2237671239211187
2019-01-15,143724.2265000117,143981.2465000118,257.02000000010423,0.0017882858461588658,710,1.2745124484369086
2019-01-16,143981.2465000118,143981.2465000118,0.0,0.0,830,1.5043161118606785
2019-01-17,143981.2465000118,143981.2465000118,0.0,0.0,887,1.6032953902776854
2019-01-18,143981.2465000118,143912.27950001185,-68.96699999995276,-0.00047899988141819616,873,1.6074779404243904
2019-01-22,143912.27950001185,143221.2115000119,-691.0679999999437,-0.0048020085735622775,866,1.595134947898016
2019-01-23,143221.2115000119,143221.2115000119,0.0,0.0,810,1.494466886679636
2019-01-24,143221.2115000119,143221.2115000119,0.0,0.0,814,1.4959959385316095
2019-01-25,143221.2115000119,143221.2115000119,0.0,0.0,1008,1.8701294000756647
2019-01-28,143221.2115000119,142378.75450001194,-842.4569999999724,-0.005882208306832393,1563,2.876228653007929
2019-01-29,142378.75450001194,141904.99450001202,-473.75999999992206,-0.0033274627360213582,1440,2.670171588468839
2019-01-30,141904.99450001202,142067.94250001202,162.94799999999265,0.0011482893930134797,1468,2.743188670203812
2019-01-31,142067.94250001202,143134.42150001207,1066.4790000000407,0.0075068237157018824,1299,2.4474340946964515
2019-02-01,143134.42150001207,142040.91450001212,-1093.5069999999687,-0.007639720680324702,1273,2.404369218486985
2019-02-04,142040.91450001212,142054.85150001224,13.937000000108895,9.811961609207387e-05,1267,2.411262122938433
2019-02-05,142054.85150001224,142054.85150001224,0.0,0.0,1309,2.5119773952857796
2019-02-06,142054.85150001224,142054.85150001224,0.0,0.0,1356,2.6049331792696124
2019-02-07,142054.85150001224,141625.7965000123,-429.05499999993947,-0.0030203473902465916,1345,2.5665503111419974
2019-02-08,141625.7965000123,141625.7965000123,0.0,0.0,1262,2.396345050175225
2019-02-11,141625.7965000123,141625.7965000123,0.0,0.0,1354,2.5945023898238206
2019-02-12,141625.7965000123,143358.30450001243,1732.5080000001112,0.012232997397475964,1588,3.054558690157799
2019-02-13,143358.30450001243,143374.36450001254,16.060000000125484,0.00011202699457224519,1460,2.802576673388166
2019-02-14,143374.36450001254,143374.36450001254,0.0,0.0,1471,2.809356979455394
2019-02-15,143374.36450001254,143374.36450001254,0.0,0.0,1467,2.828223715923437
2019-02-19,143374.36450001254,143374.36450001254,0.0,0.0,1523,2.9385774881718962
2019-02-20,143374.36450001254,143374.36450001254,0.0,0.0,1544,2.992854960144703
2019-02-21,143374.36450001254,142049.72900001277,-1324.6354999997804,-0.009238998231093531,1801,3.4890761516659206
2019-02-22,142049.72900001277,142051.51600001284,1.7870000000682609,1.258010143811994e-05,1787,3.5002312810865597
2019-02-25,142051.51600001284,142051.51600001284,0.0,0.0,1744,3.4471104841426072
2019-02-26,142051.51600001284,142051.51600001284,0.0,0.0,1803,3.5436293725704244
2019-02-27,142051.51600001284,141547.64200001286,-503.8739999999844,-0.003547121594956737,1806,3.542933441839764
2019-02-28,141547.64200001286,141547.64200001286,0.0,0.0,1811,3.570856679631349
2019-03-01,141547.64200001286,141547.64200001286,0.0,0.0,2018,4.0
2019-03-04,141547.64200001286,141821.0020000129,273.3600000000585,0.0019312225632130975,2010,4.0
2019-03-05,141821.0020000129,140697.163000013,-1123.838999999895,-0.007924348186454044,1941,3.82788651624751
2019-03-06,140697.163000013,143239.33900001307,2542.1760000000586,0.01806842402358777,2016,4.0
2019-03-07,143239.33900001307,143940.73000001346,701.3910000003916,0.00489663667046325,2069,4.0
2019-03-08,143940.73000001346,143940.73000001346,0.0,0.0,2019,3.8289768273148983
2019-03-11,143940.73000001346,148543.0210000135,4602.291000000057,0.031973514376365975,2091,4.0
2019-03-12,148543.0210000135,147799.45900001365,-743.5619999998727,-0.005005701344930835,1818,3.416943311579093
2019-03-13,147799.45900001365,147765.50600001376,-33.952999999899234,-0.00022972343897342817,1787,3.3929786535422823
2019-03-14,147765.50600001376,147765.50600001376,0.0,0.0,1742,3.318086739753258
2019-03-15,147765.50600001376,147765.50600001376,0.0,0.0,1799,3.4155837487530136
2019-03-18,147765.50600001376,146376.95000001387,-1388.5559999998907,-0.009397023957673611,1794,3.419419277992793
2019-03-19,146376.95000001387,146376.95000001387,0.0,0.0,1751,3.3917454558668223
2019-03-20,146376.95000001387,144480.3530000141,-1896.59699999977,-0.012956937550615666,1761,3.3963259852322882
2019-03-21,144480.3530000141,148871.6380000142,4391.285000000117,0.03039364805538436,1735,3.371545677538672
2019-03-22,148871.6380000142,151835.60600001438,2963.9680000001604,0.019909554565389342,1654,3.146780719962957
2019-03-25,151835.60600001438,151350.0020000144,-485.6039999999557,-0.0031982221614074158,1316,2.418501880181841
2019-03-26,151350.0020000144,150232.02800001448,-1117.9739999999183,-0.007386679783458638,1303,2.419928887501672
2019-03-27,150232.02800001448,148605.47000001458,-1626.5579999999136,-0.010826972261865131,1294,2.4220714712417037
2019-03-28,148605.47000001458,148605.47000001458,0.0,0.0,1321,2.4930608948848527
2019-03-29,148605.47000001458,148605.47000001458,0.0,0.0,1316,2.5025791382272815
2019-04-01,148605.47000001458,148765.08800001466,159.61800000007455,0.0010741058185816943,1438,2.755044477395206
2019-04-02,148765.08800001466,148765.08800001466,0.0,0.0,1338,2.573481201096983
2019-04-03,148765.08800001466,148765.08800001466,0.0,0.0,1356,2.619964298184877
2019-04-04,148765.08800001466,148765.08800001466,0.0,0.0,1361,2.625047360496631
2019-04-05,148765.08800001466,148765.08800001466,0.0,0.0,1356,2.624591845954955
2019-04-08,148765.08800001466,148765.08800001466,0.0,0.0,1351,2.616827412748044
2019-04-09,148765.08800001466,148765.08800001466,0.0,0.0,1354,2.6189491137464738
2019-04-10,148765.08800001466,148765.08800001466,0.0,0.0,1335,2.5824920749369933
2019-04-11,148765.08800001466,148511.2660000147,-253.8219999999555,-0.0017061933240676286,1418,2.7539199132132497
2019-04-12,148511.2660000147,148511.2660000147,0.0,0.0,2048,4.0
2019-04-15,148511.2660000147,148004.88100001484,-506.3849999998781,-0.0034097413188829417,2046,4.0
2019-04-16,148004.88100001484,148004.88100001484,0.0,0.0,2034,4.0
2019-04-17,148004.88100001484,148697.45200001486,692.5710000000269,0.004679379459113564,2031,4.0
2019-04-18,148697.45200001486,147971.75200001503,-725.6999999998425,-0.004880379523919287,2050,4.0
2019-04-22,147971.75200001503,147971.75200001503,0.0,0.0,2046,4.0
2019-04-23,147971.75200001503,150681.6680000152,2709.916000000161,0.01831373869250319,2036,4.0
2019-04-24,150681.6680000152,150681.6680000152,0.0,0.0,2058,4.0
2019-04-25,150681.6680000152,149610.97100001533,-1070.6969999998837,-0.007105688530072318,2063,4.0
2019-04-26,149610.97100001533,149490.13900001542,-120.8319999999162,-0.0008076413059300291,2048,4.0
2019-04-29,149490.13900001542,149492.1760000155,2.0370000000778106,1.3626316850645637e-05,2037,4.0
2019-04-30,149492.1760000155,149351.6230000156,-140.5529999999083,-0.0009402030511609372,2037,4.0
2019-05-01,149351.6230000156,149351.6230000156,0.0,0.0,2027,4.0
2019-05-02,149351.6230000156,147343.7638000158,-2007.8591999998112,-0.013443839174078431,2048,4.0
2019-05-03,147343.7638000158,147537.11700001586,193.35320000008124,0.0013122591347842771,2012,4.0
2019-05-06,147537.11700001586,147537.11700001586,0.0,0.0,2040,4.0
2019-05-07,147537.11700001586,148393.01000001596,855.8930000001101,0.005801204587724262,2033,4.0
2019-05-08,148393.01000001596,148393.01000001596,0.0,0.0,1595,3.090966576872309
2019-05-09,148393.01000001596,148410.731000016,17.721000000046885,0.00011941937157322613,1611,3.09758264532751
2019-05-10,148410.731000016,146408.25800001613,-2002.4729999998842,-0.013492777688694613,1611,3.101532785053062
2019-05-13,146408.25800001613,144145.94780001635,-2262.310199999779,-0.015452066918243967,1574,3.0370584318071656
2019-05-14,144145.94780001635,144005.4088000164,-140.53899999996025,-0.000974977112745079,1181,2.3120554811423903
2019-05-15,144005.4088000164,144129.17380001646,123.7650000000578,0.0008594468848870385,1115,2.1810486366226183
2019-05-16,144129.17380001646,143962.94430001656,-166.22949999988657,-0.0011533369380896108,1069,2.1211744570256297
2019-05-17,143962.94430001656,143962.94430001656,0.0,0.0,1038,2.0571830925041716
2019-05-20,143962.94430001656,143962.94430001656,0.0,0.0,1038,2.048301886973463
2019-05-21,143962.94430001656,143962.94430001656,0.0,0.0,1026,2.037066820078984
2019-05-22,143962.94430001656,143962.94430001656,0.0,0.0,993,1.970688705522403
2019-05-23,143962.94430001656,142974.94430001662,-987.9999999999327,-0.00686287714386391,1000,1.9688035432406639
2019-05-24,142974.94430001662,142974.94430001662,0.0,0.0,1007,1.9994000968251329
2019-05-28,142974.94430001662,142394.78630001668,-580.1579999999458,-0.004057759930177318,1002,1.984977968291699
2019-05-29,142394.78630001668,140684.97050001682,-1709.8157999998534,-0.012007573060978438,1078,2.113404608445477
2019-05-30,140684.97050001682,140642.73050001686,-42.239999999956304,-0.00030024529166006175,1056,2.0951656350873225
2019-05-31,140642.73050001686,140642.73050001686,0.0,0.0,1057,2.076823086059534
2019-06-03,140642.73050001686,137954.86450001708,-2687.865999999783,-0.019111304156594566,1033,2.0228278517106664
2019-06-04,137954.86450001708,139946.34850001713,1991.4840000000636,0.01443576496717025,1284,2.5796432477169837
2019-06-05,139946.34850001713,139946.34850001713,0.0,0.0,1028,2.0744659131629843
2019-06-06,139946.34850001713,139685.0175000172,-261.33099999995227,-0.0018673656211896095,1009,2.0430258768176177
2019-06-07,139685.0175000172,140254.43250001722,569.4150000000411,0.004076421438684141,1015,2.078303963315279
2019-06-10,140254.43250001722,139697.38150001728,-557.0509999999559,-0.003971717613986181,979,2.020315340891322
2019-06-11,139697.38150001728,139697.38150001728,0.0,0.0,987,2.0567419010105645
2019-06-12,139697.38150001728,139697.38150001728,0.0,0.0,1021,2.11005871583786
2019-06-13,139697.38150001728,139697.38150001728,0.0,0.0,1021,2.116859603472498
2019-06-14,139697.38150001728,139522.48150001728,-174.89999999998548,-0.0012519919709444993,1100,2.2795749005172574
2019-06-17,139522.48150001728,139522.48150001728,0.0,0.0,1092,2.2669514149121452
2019-06-18,139522.48150001728,139010.64550001742,-511.8359999998594,-0.0036684840643391725,1158,2.419892510248848
2019-06-19,139010.64550001742,139010.64550001742,0.0,0.0,1179,2.482248655254322
2019-06-20,139010.64550001742,139010.64550001742,0.0,0.0,1165,2.482387268440476
2019-06-21,139010.64550001742,139010.64550001742,0.0,0.0,1435,3.0383064185942152
2019-06-24,139010.64550001742,139010.64550001742,0.0,0.0,1366,2.892455849319755
2019-06-25,139010.64550001742,143196.28050001743,4185.635000000019,0.030110175986482135,1835,3.877544352390592
2019-06-26,143196.28050001743,143196.28050001743,0.0,0.0,1643,3.348180432984214
2019-06-27,143196.28050001743,142913.54350001746,-282.73699999996273,-0.001974471676308154,1673,3.403885377889573
2019-06-28,142913.54350001746,142913.54350001746,0.0,0.0,1818,3.7238315053951982
2019-07-01,142913.54350001746,142913.54350001746,0.0,0.0,1780,3.6958601703946323
2019-07-02,142913.54350001746,142747.42150001758,-166.12199999987868,-0.001162395081190204,1678,3.4714636156705514
2019-07-05,142747.42150001758,142292.81150001768,-454.6099999999047,-0.003184716019545397,1690,3.522077817603224
2019-07-08,142292.81150001768,141945.6625000178,-347.14899999990257,-0.002439680517521081,1661,3.4684228604033613
2019-07-09,141945.6625000178,141945.6625000178,0.0,0.0,1599,3.33034089745143
2019-07-10,141945.6625000178,140742.64750001786,-1203.014999999925,-0.008475179718857362,1585,3.333087184236854
2019-07-11,140742.64750001786,140742.64750001786,0.0,0.0,1674,3.560748885905321
2019-07-12,140742.64750001786,140742.64750001786,0.0,0.0,1672,3.56306804347069
2019-07-15,140742.64750001786,140742.64750001786,0.0,0.0,1792,3.8356482412356105
2019-07-16,140742.64750001786,140265.84910001795,-476.7983999999009,-0.003387732208177008,1872,4.0
2019-07-17,140265.84910001795,141571.6200000183,1305.7709000003551,0.009309257444905628,1871,4.0
2019-07-18,141571.6200000183,141421.1250000184,-150.49499999989692,-0.0010630308532167954,1905,4.0
2019-07-19,141421.1250000184,142676.5350000185,1255.4100000001106,0.008877103756598892,1885,4.0
2019-07-22,142676.5350000185,141834.97200001858,-841.5629999999225,-0.005898398079262512,1917,4.0
2019-07-23,141834.97200001858,141834.97200001858,0.0,0.0,1896,4.0
2019-07-24,141834.97200001858,143126.14800001867,1291.1760000000854,0.009103368385054766,1896,4.0
2019-07-25,143126.14800001867,143278.49820001895,152.35020000026543,0.0010644470079657076,1902,4.0
2019-07-26,143278.49820001895,144006.2082000191,727.7100000001368,0.005078989584216931,1905,4.0
2019-07-29,144006.2082000191,143197.21620001915,-808.9919999999488,-0.005617757804415535,1908,4.0
2019-07-30,143197.21620001915,143197.21620001915,0.0,0.0,1909,4.0
2019-07-31,143197.21620001915,143617.77920001926,420.5630000001246,0.0029369495522362232,1903,4.0
2019-08-01,143617.77920001926,145477.6992000194,1859.9200000001208,0.012950485729275707,1735,3.596126707146314
2019-08-02,145477.6992000194,143955.3672000196,-1522.3319999997866,-0.010464366761167354,1726,3.486355157738678
2019-08-05,143955.3672000196,149429.41620001968,5474.049000000079,0.03802601533011374,1689,3.380757371929051
2019-08-06,149429.41620001968,148838.13320001977,-591.2829999999182,-0.003956938433115731,1097,2.0990736334590525
2019-08-07,148838.13320001977,147707.53520001983,-1130.597999999953,-0.00759615815982162,997,1.9061459253997912
2019-08-08,147707.53520001983,150592.65620001988,2885.121000000035,0.019532659563326504,981,1.9236050254310624
2019-08-09,150592.65620001988,149767.97520001992,-824.680999999957,-0.005476236496583242,869,1.6887498340960094
2019-08-13,149767.97520001992,148999.72520001998,-768.2499999999292,-0.005129601298100694,875,1.681335826480197
2019-08-14,148999.72520001998,151351.13720002002,2351.4120000000516,0.01578131769601221,882,1.705306400739937
2019-08-15,151351.13720002002,151351.13720002002,0.0,0.0,779,1.4681774712663918
2019-08-16,151351.13720002002,151102.30520002006,-248.83199999996194,-0.001644070897671046,768,1.4552181557608959
2019-08-19,151102.30520002006,151102.30520002006,0.0,0.0,720,1.393173486209293
2019-08-20,151102.30520002006,150700.47920002008,-401.82599999996245,-0.0026592976160625392,694,1.3415290369327315
2019-08-21,150700.47920002008,150700.47920002008,0.0,0.0,687,1.3346421109124555
2019-08-22,150700.47920002008,150194.26420002012,-506.2149999999801,-0.0033590802277946308,685,1.3330339915690363
2019-08-23,150194.26420002012,152509.30920002013,2315.0450000000155,0.01541367117000525,695,1.3463487704131705
2019-08-26,152509.30920002013,152509.30920002013,0.0,0.0,653,1.2309658267327086
2019-08-27,152509.30920002013,152509.30920002013,0.0,0.0,731,1.3880898884107011
2019-08-28,152509.30920002013,152173.0722000202,-336.2369999999368,-0.002204698203431943,759,1.4258414794968923
2019-08-29,152173.0722000202,152173.0722000202,0.0,0.0,737,1.4130836350700793
2019-08-30,152173.0722000202,152173.0722000202,0.0,0.0,760,1.470579420271841
2019-09-03,152173.0722000202,152173.0722000202,0.0,0.0,777,1.4846534336340635
2019-09-04,152173.0722000202,152173.0722000202,0.0,0.0,766,1.476881004207289
2019-09-05,152173.0722000202,151839.05820002026,-334.01399999994146,-0.002194961271208995,933,1.8204363294677246
2019-09-06,151839.05820002026,151839.05820002026,0.0,0.0,897,1.7631480263883494
2019-09-09,151839.05820002026,151839.05820002026,0.0,0.0,934,1.840465366406659
2019-09-10,151839.05820002026,150777.7552000203,-1061.3029999999524,-0.006989657421359152,971,1.9026230030326423
2019-09-11,150777.7552000203,150777.7552000203,0.0,0.0,992,1.963712257619931
2019-09-12,150777.7552000203,149604.21220002035,-1173.54299999996,-0.007783263508885252,987,1.9735805304886789
2019-09-13,149604.21220002035,149604.21220002035,0.0,0.0,980,1.977114533953091
2019-09-16,149604.21220002035,149604.21220002035,0.0,0.0,1580,3.1681182566578605
2019-09-17,149604.21220002035,149604.21220002035,0.0,0.0,1605,3.2195193264138884
2019-09-18,149604.21220002035,147518.7522000204,-2085.459999999958,-0.013939848145530176,1690,3.39532093002164
2019-09-19,147518.7522000204,146550.08520002037,-968.6670000000046,-0.006566399088616226,1673,3.42037794050409
2019-09-20,146550.08520002037,147595.33220002046,1045.247000000094,0.007132353410600034,1897,3.8900154332526684
2019-09-23,147595.33220002046,146313.18820002064,-1282.1439999998292,-0.008686887185986869,1648,3.324012683928275
2019-09-24,146313.18820002064,149194.33700002075,2881.1488000001045,0.01969165483607238,1724,3.5291971638964528
2019-09-25,149194.33700002075,149242.96400002096,48.62700000019902,0.00032593060150931663,1801,3.573241437463588
2019-09-26,149242.96400002096,148845.97400002115,-396.989999999824,-0.0026600248973864815,2005,4.0
2019-09-27,148845.97400002115,150307.24300002126,1461.2690000001128,0.009817322973074916,1999,4.0
2019-09-30,150307.24300002126,150930.76000002143,623.517000000169,0.0041482831269819,2031,4.0
2019-10-01,150930.76000002143,152960.83200002156,2030.0720000001347,0.013450352996300152,2006,3.9590298881657953
2019-10-02,152960.83200002156,156143.13500002175,3182.3030000001854,0.020804692014225745,1909,3.6382058678231712
2019-10-03,156143.13500002175,154988.10860002186,-1155.0263999998913,-0.007397228190658023,1608,2.9653988953670494
2019-10-04,154988.10860002186,157119.41960002208,2131.311000000225,0.013751448541774902,1443,2.712399303333539
2019-10-07,157119.41960002208,157119.41960002208,0.0,0.0,1250,2.3356540753916
2019-10-08,157119.41960002208,155798.19200002225,-1321.2275999998428,-0.008409066195402715,1267,2.348588226246013
2019-10-09,155798.19200002225,155798.19200002225,0.0,0.0,1161,2.167792951526461
2019-10-10,155798.19200002225,154942.68400002248,-855.5079999997777,-0.005491129191022015,1094,2.0454156902165748
2019-10-11,154942.68400002248,153357.96400002256,-1584.7199999999284,-0.01022778203583774,1065,2.0368596476972836
2019-10-14,153357.96400002256,153357.96400002256,0.0,0.0,1007,1.9448591717876569
2019-10-15,153357.96400002256,153847.29200002257,489.3280000000042,0.003190757018656898,1028,1.991598945953268
2019-10-16,153847.29200002257,153847.29200002257,0.0,0.0,1005,1.9496572351034358
2019-10-17,153847.29200002257,153847.29200002257,0.0,0.0,1001,1.9511943255379802
2019-10-18,153847.29200002257,153847.29200002257,0.0,0.0,1017,1.975152380929859
2019-10-21,153847.29200002257,153847.29200002257,0.0,0.0,1012,1.9714984882705986
2019-10-22,153847.29200002257,153847.29200002257,0.0,0.0,1066,2.0827054725528185
2019-10-23,153847.29200002257,153847.29200002257,0.0,0.0,1283,2.49276336296596
2019-10-24,153847.29200002257,153847.29200002257,0.0,0.0,1298,2.5402076068166237
2019-10-25,153847.29200002257,154279.22700002266,431.9350000000711,0.0028075567296954596,1435,2.7965119646225753
2019-10-28,154279.22700002266,154279.22700002266,0.0,0.0,1459,2.8651046644404516
2019-10-29,154279.22700002266,154279.22700002266,0.0,0.0,2036,4.0
2019-10-30,154279.22700002266,154279.22700002266,0.0,0.0,2033,4.0
2019-10-31,154279.22700002266,154281.25600002272,2.029000000077504,1.3151478909456671e-05,2029,4.0
2019-11-01,154281.25600002272,155367.60700002292,1086.3510000002052,0.007041367358326722,2023,4.0
2019-11-04,155367.60700002292,155367.60700002292,0.0,0.0,2018,4.0
2019-11-05,155367.60700002292,155367.60700002292,0.0,0.0,2020,4.0
2019-11-06,155367.60700002292,155367.60700002292,0.0,0.0,2024,4.0
2019-11-07,155367.60700002292,154657.01800002315,-710.5889999997685,-0.004573598150351077,2013,4.0
2019-11-08,154657.01800002315,153272.81700002323,-1384.2009999999188,-0.008950133772782976,2009,4.0
2019-11-11,153272.81700002323,153272.81700002323,0.0,0.0,1994,4.0
2019-11-12,153272.81700002323,153116.00200002335,-156.8149999998926,-0.0010231103144653364,1985,4.0
2019-11-13,153116.00200002335,153116.00200002335,0.0,0.0,1989,4.0
2019-11-14,153116.00200002335,153116.00200002335,0.0,0.0,1983,4.0
2019-11-15,153116.00200002335,153116.00200002335,0.0,0.0,1969,4.0
2019-11-18,153116.00200002335,153116.00200002335,0.0,0.0,1965,4.0
2019-11-19,153116.00200002335,152138.96000002342,-977.0419999999252,-0.00638105741553896,1958,4.0
2019-11-20,152138.96000002342,150909.2650000235,-1229.6949999999165,-0.008082709386206699,1955,4.0
2019-11-21,150909.2650000235,150874.7152000237,-34.5497999998035,-0.00022894419371666253,1941,4.0
2019-11-22,150874.7152000237,150874.7152000237,0.0,0.0,1939,4.0
2019-11-25,150874.7152000237,152104.73920002388,1230.0240000001663,0.008152618537635492,1934,4.0
2019-11-26,152104.73920002388,151922.285200024,-182.45399999986847,-0.001199528699496688,1941,4.0
2019-11-27,151922.285200024,152225.25910002412,302.97390000013365,0.0019942689750962472,1931,4.0
2019-12-02,152225.25910002412,154996.17910002416,2770.920000000051,0.018202760937193307,1935,4.0
2019-12-03,154996.17910002416,154996.17910002416,0.0,0.0,2008,4.0
2019-12-04,154996.17910002416,154153.59310002445,-842.5859999997336,-0.005436172716593024,1902,3.813911079088509
2019-12-05,154153.59310002445,154153.59310002445,0.0,0.0,1798,3.64191057962051
2019-12-06,154153.59310002445,153959.1371000245,-194.4559999999562,-0.001261443188507294,1784,3.6356651494016257
2019-12-09,153959.1371000245,153959.1371000245,0.0,0.0,1653,3.3758943821609564
2019-12-10,153959.1371000245,153959.1371000245,0.0,0.0,1709,3.4855436887572475
2019-12-11,153959.1371000245,153959.1371000245,0.0,0.0,1704,3.47709173130692
2019-12-12,153959.1371000245,153039.8381000249,-919.2989999995835,-0.0059710584075457485,1693,3.4591527848059713
2019-12-13,153039.8381000249,153039.8381000249,0.0,0.0,1602,3.317563860726427
2019-12-16,153039.8381000249,152569.5731000251,-470.2649999998117,-0.0030728273489968316,1605,3.3485058181800635
2019-12-17,152569.5731000251,152569.5731000251,0.0,0.0,1551,3.25408593877828
2019-12-18,152569.5731000251,152569.5731000251,0.0,0.0,1604,3.366172891500551
2019-12-19,152569.5731000251,153037.94110002535,468.3680000002465,0.003069865048997533,1604,3.362175092427557
2019-12-20,153037.94110002535,153037.94110002535,0.0,0.0,1609,3.3696530976987784
2019-12-23,153037.94110002535,153037.94110002535,0.0,0.0,1903,4.0
2019-12-26,153037.94110002535,152537.45210002564,-500.4889999997205,-0.0032703589476063,1903,4.0
2019-12-27,152537.45210002564,152537.45210002564,0.0,0.0,1884,4.0
2019-12-30,152537.45210002564,152630.95760002593,93.50550000029634,0.0006130002744439977,1889,4.0
2019-12-31,152630.95760002593,152630.95760002593,0.0,0.0,1904,4.0
2020-01-02,152630.95760002593,152630.95760002593,0.0,0.0,1887,4.0
2020-01-03,152630.95760002593,152630.95760002593,0.0,0.0,1901,4.0
2020-01-06,152630.95760002593,152630.95760002593,0.0,0.0,1904,4.0
2020-01-07,152630.95760002593,152630.95760002593,0.0,0.0,1890,4.0
2020-01-08,152630.95760002593,152729.2376000262,98.28000000027328,0.0006439060695524468,1890,4.0
2020-01-09,152729.2376000262,152729.2376000262,0.0,0.0,1873,4.0
2020-01-10,152729.2376000262,152729.2376000262,0.0,0.0,1866,4.0
2020-01-13,152729.2376000262,152396.19960002642,-333.0379999997635,-0.0021805778987251667,1871,4.0
2020-01-14,152396.19960002642,152396.19960002642,0.0,0.0,1861,4.0
2020-01-15,152396.19960002642,150820.61560002662,-1575.5839999997947,-0.010338735507414376,1858,3.992289623093933
2020-01-16,150820.61560002662,150820.61560002662,0.0,0.0,1825,3.991256623564924
2020-01-17,150820.61560002662,150820.61560002662,0.0,0.0,1733,3.811971979283904
2020-01-21,150820.61560002662,150820.61560002662,0.0,0.0,1742,3.8226973009093164
2020-01-22,150820.61560002662,150820.61560002662,0.0,0.0,1815,4.0
2020-01-23,150820.61560002662,149928.67960002666,-891.935999999947,-0.005913886483299824,1824,4.0
2020-01-24,149928.67960002666,153933.14260002677,4004.463000000118,0.02670911936717535,1803,4.0
2020-01-27,153933.14260002677,153933.14260002677,0.0,0.0,1906,4.0
2020-01-28,153933.14260002677,154711.10060002684,777.9580000000843,0.005053869406288269,1438,3.0377699040472614
2020-01-29,154711.10060002684,154711.10060002684,0.0,0.0,1330,2.824206117218398
2020-01-30,154711.10060002684,153047.16560002693,-1663.9349999999076,-0.010755110612920227,1365,2.8621892961721516
2020-01-31,153047.16560002693,158933.54060002696,5886.375000000015,0.03846118271398424,1375,2.939951162403689
2020-02-03,158933.54060002696,157335.7266000272,-1597.8139999997645,-0.01005334678864811,1174,2.3890225559585656
2020-02-04,157335.7266000272,156779.89460002727,-555.8319999999234,-0.0035327767698493107,1139,2.3769252534940373
2020-02-05,156779.89460002727,156779.89460002727,0.0,0.0,1000,2.120056415571462
2020-02-06,156779.89460002727,156779.89460002727,0.0,0.0,950,2.025259868421282
2020-02-07,156779.89460002727,156779.89460002727,0.0,0.0,972,2.0654825925725273
2020-02-10,156779.89460002727,157469.1106000273,689.2160000000542,0.0043960738828046075,968,2.0460141306167707
2020-02-11,157469.1106000273,157469.1106000273,0.0,0.0,942,2.0110960932446575
2020-02-12,157469.1106000273,157469.1106000273,0.0,0.0,939,2.0106343580723687
2020-02-13,157469.1106000273,157469.1106000273,0.0,0.0,932,1.9894115749140764
2020-02-14,157469.1106000273,157469.1106000273,0.0,0.0,967,2.0741066898496534
2020-02-18,157469.1106000273,156842.15260002736,-626.9579999999694,-0.003981466572148484,1142,2.4414974203653963
2020-02-19,156842.15260002736,156544.1626000275,-297.9899999998356,-0.0018999356681859147,1155,2.489131554594494
2020-02-20,156544.1626000275,155604.33460002768,-939.8279999998433,-0.0060035965850806505,1156,2.495253071129803
2020-02-21,155604.33460002768,156132.51160002773,528.1770000000581,0.0033943591697345177,1131,2.4404705849342765
2020-02-24,156132.51160002773,156132.51160002773,0.0,0.0,1401,2.900130839473302
2020-02-25,156132.51160002773,162393.01960002776,6260.5080000000335,0.04009740146906671,828,1.719477357697607
2020-02-26,162393.01960002776,161430.26760002784,-962.7519999999099,-0.005928530686670985,784,1.5176434179164182
2020-02-27,161430.26760002784,163679.16360002794,2248.896000000094,0.013931067781985718,848,1.6049139145150693
2020-02-28,163679.16360002794,161995.272600028,-1683.890999999951,-0.010287754183023301,699,1.2346574298308648
2020-03-02,161995.272600028,164790.512600028,2795.2400000000234,0.017255071429779,670,1.233987384744464
2020-03-03,164790.512600028,164508.16460002807,-282.34799999993356,-0.0017133753366326276,506,0.9509763792020025
2020-03-04,164508.16460002807,166489.5986000281,1981.4340000000425,0.012044593682128513,494,0.9192897567827312
2020-03-05,166489.5986000281,165292.28060002817,-1197.3179999999554,-0.007191548361386579,431,0.790781470938083
2020-03-06,165292.28060002817,165292.28060002817,0.0,0.0,427,0.7589578447300052
2020-03-10,165292.28060002817,166027.95680002822,735.6762000000351,0.0044507595716476445,441,0.7597179017723734
2020-03-11,166027.95680002822,167990.7968000282,1962.8400000000079,0.011822346295353947,440,0.7445042369977765
2020-03-13,167990.7968000282,160496.9808000283,-7493.815999999894,-0.044608491314678034,451,0.707311756953598
2020-03-17,160496.9808000283,157888.7958000283,-2608.1850000000018,-0.016250679526798484,465,0.7111772778765473
2020-03-19,157888.7958000283,157888.7958000283,0.0,0.0,429,0.6515313959566228
2020-03-20,157888.7958000283,158198.0588000283,309.26299999998355,0.001958739367368789,410,0.6306778812325984
2020-03-23,158198.0588000283,157762.18680002828,-435.8720000000044,-0.002755229762654521,424,0.6120956712175507
2020-03-24,157762.18680002828,157642.79480002826,-119.39200000000824,-0.0007567846416287605,416,0.6192333776148601
2020-03-25,157642.79480002826,156781.78480002825,-861.0099999999968,-0.005461778326705025,290,0.45048345053059885
2020-03-26,156781.78480002825,158921.99380002826,2140.2089999999994,0.013650877892031898,279,0.4453218432311633
2020-03-27,158921.99380002826,158921.99380002826,0.0,0.0,269,0.42951729073878114
2020-03-30,158921.99380002826,158589.75980002826,-332.23399999998986,-0.0020905476457717675,266,0.4288643418758963
2020-03-31,158589.75980002826,158589.75980002826,0.0,0.0,265,0.4357754803208181
2020-04-01,158589.75980002826,158589.75980002826,0.0,0.0,281,0.4396654367552167
2020-04-02,158589.75980002826,157728.79380002824,-860.966000000014,-0.005428887723177289,278,0.4309809412719025
2020-04-03,157728.79380002824,157691.68080002823,-37.113000000001335,-0.00023529628995366814,267,0.4252256387382321
2020-04-06,157691.68080002823,157495.70280002826,-195.97799999997827,-0.0012427922576873085,267,0.4380904399999795
2020-04-07,157495.70280002826,157495.70280002826,0.0,0.0,231,0.40296833975869917
2020-04-08,157495.70280002826,157755.28080002827,259.5780000000183,0.0016481592537771483,253,0.4310537861221314
2020-04-09,157755.28080002827,157403.44780002828,-351.83299999999133,-0.0022302454676365047,257,0.4532930669559262
2020-04-13,157403.44780002828,157224.8078000283,-178.63999999997478,-0.001134917960799231,280,0.49369552237483044
2020-04-14,157224.8078000283,157264.8518000283,40.044000000006974,0.00025469263127297914,284,0.5090475856676915
2020-04-15,157264.8518000283,157264.8518000283,0.0,0.0,348,0.6142785127134899
2020-04-16,157264.8518000283,157264.8518000283,0.0,0.0,334,0.5930678549625047
2020-04-17,157264.8518000283,157264.8518000283,0.0,0.0,361,0.6564823454649591
2020-04-20,157264.8518000283,157264.8518000283,0.0,0.0,382,0.6867543792265014
2020-04-21,157264.8518000283,156447.02180002836,-817.8299999999421,-0.005200335552662749,390,0.6866838095424374
2020-04-22,156447.02180002836,156447.02180002836,0.0,0.0,371,0.6615152066946354
2020-04-23,156447.02180002836,156389.4758000284,-57.54599999997854,-0.0003678305878748178,414,0.7425206511120005
2020-04-24,156389.4758000284,156389.4758000284,0.0,0.0,416,0.7481199267387258
2020-04-27,156389.4758000284,156389.4758000284,0.0,0.0,422,0.769494057358325
2020-04-28,156389.4758000284,156389.4758000284,0.0,0.0,533,0.9936208040326466
2020-04-29,156389.4758000284,155983.4438000284,-406.03199999997025,-0.002596287236867223,528,0.9860407549677488
2020-04-30,155983.4438000284,155330.87280002845,-652.5709999999544,-0.0041835914383103745,547,1.0238265610989894
2020-05-01,155330.87280002845,155320.36580002846,-10.506999999968818,-6.764270238479586e-05,553,1.017302242490241
2020-05-04,155320.36580002846,155320.36580002846,0.0,0.0,527,0.9537229125426739
2020-05-05,155320.36580002846,154388.51280002855,-931.8529999999131,-0.005999554502721494,559,1.0324286736364674
2020-05-06,154388.51280002855,154388.51280002855,0.0,0.0,581,1.0845464665329372
2020-05-07,154388.51280002855,154031.34980002858,-357.16299999998057,-0.002313403980143125,577,1.0769123501025795
2020-05-08,154031.34980002858,154031.34980002858,0.0,0.0,608,1.150343515548646
2020-05-11,154031.34980002858,154031.34980002858,0.0,0.0,622,1.173722484468348
2020-05-12,154031.34980002858,155597.67560002866,1566.3258000000726,0.010168876673700256,741,1.4138496565722392
2020-05-13,155597.67560002866,156768.3556000287,1170.6800000000446,0.007523762777853715,740,1.361051588393801
2020-05-14,156768.3556000287,154613.28660002872,-2155.068999999979,-0.013746836801033502,721,1.2844688518153826
2020-05-15,154613.28660002872,154613.28660002872,0.0,0.0,709,1.296088381782422
2020-05-18,154613.28660002872,154963.6716000288,350.38500000009714,0.002266202392466443,705,1.336323296947878
2020-05-19,154963.6716000288,154963.6716000288,0.0,0.0,620,1.1790749475242055
2020-05-20,154963.6716000288,155125.19960002883,161.52800000002196,0.0010423604341083248,662,1.2651938929118594
2020-05-21,155125.19960002883,155413.31560002884,288.1160000000203,0.0018573126786807226,646,1.2362469016323752
2020-05-22,155413.31560002884,155193.25160002886,-220.06399999998024,-0.001415991925468818,736,1.3959636555779398
2020-05-26,155193.25160002886,155193.25160002886,0.0,0.0,717,1.3957655723509435
2020-05-27,155193.25160002886,154548.77060002886,-644.4809999999907,-0.004152764333213321,709,1.3814946445625746
2020-05-28,154548.77060002886,154548.77060002886,0.0,0.0,701,1.383112504031782
2020-05-29,154548.77060002886,154294.23960002887,-254.53099999998258,-0.0016469299562318351,709,1.3891272553648166
2020-06-01,154294.23960002887,154294.23960002887,0.0,0.0,730,1.4365025077975861
2020-06-02,154294.23960002887,154294.23960002887,0.0,0.0,723,1.437898161420311
2020-06-03,154294.23960002887,154353.5628000289,59.32320000004846,0.0003844809770852109,816,1.6413371734730713
2020-06-04,154353.5628000289,154353.5628000289,0.0,0.0,949,1.9133321198501962
2020-06-05,154353.5628000289,154436.19080002894,82.62800000001198,0.0005353164416883605,908,1.8680081194655067
2020-06-08,154436.19080002894,155633.584800029,1197.3940000000532,0.007753325135754663,814,1.6894067339715686
2020-06-09,155633.584800029,155633.584800029,0.0,0.0,968,1.9940474910857895
2020-06-10,155633.584800029,154987.82980002905,-645.7549999999394,-0.004149200834959066,995,2.056878840287099
2020-06-11,154987.82980002905,164696.11180002912,9708.282000000054,0.06263899567163467,1017,2.0447388369948545
2020-06-12,164696.11180002912,164696.11180002912,0.0,0.0,553,1.0350955204918584
2020-06-15,164696.11180002912,163527.12680002913,-1168.9849999999744,-0.007097829980463377,565,1.0240985728335987
2020-06-16,163527.12680002913,163527.12680002913,0.0,0.0,534,1.030582254655254
2020-06-17,163527.12680002913,162908.72580002915,-618.4009999999882,-0.0037816416890648075,529,1.0162747322104475
2020-06-18,162908.72580002915,162908.72580002915,0.0,0.0,532,1.0134214714689844
2020-06-19,162908.72580002915,161972.65080002917,-936.074999999973,-0.005746008971606709,525,1.013559315456516
2020-06-22,161972.65080002917,161972.65080002917,0.0,0.0,526,1.00133829902288
2020-06-23,161972.65080002917,161972.65080002917,0.0,0.0,518,1.0032729806067646
2020-06-24,161972.65080002917,163899.0228000292,1926.3720000000228,0.011893193020458215,532,1.0180018003298907
2020-06-25,163899.0228000292,163899.0228000292,0.0,0.0,519,0.9617081040834019
2020-06-26,163899.0228000292,166733.80680002924,2834.7840000000406,0.017295917642283554,544,1.0179518168006918
2020-06-29,166733.80680002924,166733.80680002924,0.0,0.0,555,1.0049018212524463
2020-06-30,166733.80680002924,166675.7098000293,-58.096999999956616,-0.000348441633493235,533,0.9721255101748356
2020-07-01,166675.7098000293,166675.7098000293,0.0,0.0,511,0.9497000422582914
2020-07-02,166675.7098000293,165305.35180002934,-1370.3579999999388,-0.008221701900319234,769,1.4515551091550305
2020-07-06,165305.35180002934,165305.35180002934,0.0,0.0,772,1.4790943437600166
2020-07-07,165305.35180002934,165305.35180002934,0.0,0.0,755,1.440697159024826
2020-07-08,165305.35180002934,164630.17780002937,-675.1739999999807,-0.004084404967219291,786,1.4970280444837933
2020-07-09,164630.17780002937,162926.29420002943,-1703.8835999999314,-0.010349764683298734,774,1.4897632313973888
2020-07-10,162926.29420002943,163447.25920002945,520.9650000000345,0.0031975501717385058,765,1.4773854078811266
2020-07-13,163447.25920002945,162769.71520002958,-677.543999999888,-0.004145337176750585,763,1.4960471653264942
2020-07-14,162769.71520002958,164023.4392000296,1253.7240000000188,0.00770244021413502,764,1.4708122082074133
2020-07-15,164023.4392000296,164023.4392000296,0.0,0.0,729,1.4337058377971834
2020-07-16,164023.4392000296,164023.4392000296,0.0,0.0,878,1.712007736462569
2020-07-17,164023.4392000296,164023.4392000296,0.0,0.0,872,1.7116738990712739
2020-07-20,164023.4392000296,165558.4412000297,1535.0020000001025,0.009358430767496095,1162,2.278221220697956
2020-07-21,165558.4412000297,165558.4412000297,0.0,0.0,1208,2.3827449041082542
2020-07-22,165558.4412000297,165017.8412000297,-540.5999999999658,-0.003265312212905047,1275,2.5000449192953065
2020-07-23,165017.8412000297,167937.23720002978,2919.396000000057,0.01769139614704618,1266,2.5055196337388415
2020-07-24,167937.23720002978,167937.23720002978,0.0,0.0,1165,2.2279764478462614
2020-07-27,167937.23720002978,167888.9552000298,-48.28199999997804,-0.0002875002638186297,1238,2.371238471074908
2020-07-28,167888.9552000298,167888.9552000298,0.0,0.0,1313,2.5226968375612366
2020-07-29,167888.9552000298,170829.90020002984,2940.9450000000256,0.01751720353787456,1295,2.4852784868623625
2020-07-30,170829.90020002984,169171.07720002986,-1658.8229999999658,-0.009710378558189237,1277,2.407865852122979
2020-07-31,169171.07720002986,166965.57050002995,-2205.506699999917,-0.013037138123747294,1277,2.4617264979249978
2020-08-03,166965.57050002995,166965.57050002995,0.0,0.0,1317,2.5908541854228293
2020-08-04,166965.57050002995,166965.57050002995,0.0,0.0,1405,2.7601767572265494
2020-08-05,166965.57050002995,166965.57050002995,0.0,0.0,1444,2.867815221826302
2020-08-06,166965.57050002995,167944.41360002998,978.8431000000327,0.0058625445777149565,1459,2.8982134293804367
2020-08-07,167944.41360002998,167944.41360002998,0.0,0.0,1440,2.858865252851259
2020-08-10,167944.41360002998,166212.46260003003,-1731.9509999999539,-0.010312644302207574,1469,2.9313945127428616
2020-08-11,166212.46260003003,166212.46260003003,0.0,0.0,1446,2.930593321419357
2020-08-12,166212.46260003003,165943.18260003024,-269.2799999998033,-0.0016200951227572924,1360,2.7465189771960126
2020-08-13,165943.18260003024,165943.18260003024,0.0,0.0,1423,2.8873648702449417
2020-08-14,165943.18260003024,165943.18260003024,0.0,0.0,1512,3.0652287291699447
2020-08-17,165943.18260003024,165943.18260003024,0.0,0.0,1512,3.0802293821007556
2020-08-18,165943.18260003024,164327.83260003038,-1615.3499999998733,-0.009734355908391334,1650,3.365626890157238
2020-08-19,164327.83260003038,164327.83260003038,0.0,0.0,1787,3.6877782570299837
2020-08-20,164327.83260003038,163972.81660003038,-355.016000000013,-0.00216041308634618,1784,3.642254246724397
2020-08-21,163972.81660003038,164139.5286000305,166.71200000012828,0.0010167051067175858,1832,3.775644690079413
2020-08-24,164139.5286000305,164139.5286000305,0.0,0.0,1857,3.870903196761916
2020-08-25,164139.5286000305,164139.5286000305,0.0,0.0,1710,3.5792951864804117
2020-08-26,164139.5286000305,167789.44760003057,3649.9190000000895,0.022236685039434212,1729,3.6328176210530008
2020-08-27,167789.44760003057,164537.95760003087,-3251.489999999695,-0.01937839385317286,1670,3.470848347605915
2020-08-28,164537.95760003087,164537.95760003087,0.0,0.0,1641,3.4869199013594083
2020-08-31,164537.95760003087,163457.522600031,-1080.4349999998724,-0.006566478736938386,1615,3.4396111825911957
2020-09-01,163457.522600031,164569.1126000312,1111.5900000001873,0.006800482365808103,1790,3.835602715498907
2020-09-02,164569.1126000312,168728.40860003128,4159.296000000088,0.025273855672472756,1856,4.0
2020-09-03,168728.40860003128,181825.67760003134,13097.269000000057,0.07762337776234807,1789,3.7740966106704197
2020-09-04,181825.67760003134,182275.86960003144,450.1920000001078,0.0024759539243428552,904,1.7221974164473104
2020-09-08,182275.86960003144,181804.0986000315,-471.77099999994874,-0.0025882252052076282,909,1.6798357748566157
2020-09-09,181804.0986000315,183019.6226000315,1215.5240000000101,0.006685899874425472,764,1.4192555481301652
2020-09-10,183019.6226000315,183254.6326000315,235.01000000001582,0.0012840699628891006,710,1.3266819312375464
2020-09-11,183254.6326000315,182757.8036000315,-496.82899999999245,-0.0027111401930250967,691,1.2673937507932855
2020-09-14,182757.8036000315,183181.61160003152,423.80800000003256,0.002318959801725029,688,1.2708704184668849
2020-09-15,183181.61160003152,183181.61160003152,0.0,0.0,675,1.2577734551286668
2020-09-16,183181.61160003152,183181.61160003152,0.0,0.0,672,1.254467756793864
2020-09-17,183181.61160003152,183181.61160003152,0.0,0.0,701,1.2777498757289862
2020-09-18,183181.61160003152,184234.8841000316,1053.2725000000682,0.005749881174207827,695,1.2725249847365956
2020-09-21,184234.8841000316,183572.50710003162,-662.3769999999777,-0.003595285459839115,713,1.262179332610757
2020-09-22,183572.50710003162,183572.50710003162,0.0,0.0,700,1.2533809005858616
2020-09-23,183572.50710003162,185774.45110003167,2201.9440000000573,0.011994955207536462,692,1.2480490235925694
2020-09-24,185774.45110003167,184461.32510003174,-1313.1259999999452,-0.007068388533646441,734,1.2700743423322673
2020-09-25,184461.32510003174,186517.3217000318,2055.9966000000572,0.01114594942265068,826,1.4451321935146708
2020-09-28,186517.3217000318,186517.3217000318,0.0,0.0,754,1.3487983276523343
2020-09-29,186517.3217000318,186079.94570003188,-437.37599999993637,-0.002344961829890191,804,1.4396510784207839
2020-09-30,186079.94570003188,186792.31370003193,712.3680000000314,0.0038282900251294105,873,1.5632088521440641
2020-10-01,186792.31370003193,186792.31370003193,0.0,0.0,910,1.645905411577957
2020-10-02,186792.31370003193,186792.31370003193,0.0,0.0,918,1.6313189396888232
2020-10-05,186792.31370003193,188045.61770003196,1253.3040000000392,0.006709612270302978,927,1.6681613537310982
2020-10-06,188045.61770003196,189820.464700032,1774.8470000000268,0.009438385332814603,857,1.5508988872668532
2020-10-07,189820.464700032,189419.54170003207,-400.92299999993566,-0.0021121168396330825,837,1.4914824964014513
2020-10-08,189419.54170003207,189419.54170003207,0.0,0.0,788,1.4278329479809861
2020-10-09,189419.54170003207,189419.54170003207,0.0,0.0,825,1.5051985821221607
2020-10-12,189419.54170003207,189999.07270003212,579.5310000000383,0.003059510094886697,851,1.570510220470959
2020-10-13,189999.07270003212,189999.07270003212,0.0,0.0,827,1.533632860028646
2020-10-14,189999.07270003212,188521.0087000322,-1478.063999999914,-0.0077793221777112675,996,1.8402091292797893
2020-10-15,188521.0087000322,188521.0087000322,0.0,0.0,968,1.7663298780127938
2020-10-16,188521.0087000322,187786.23970003222,-734.7689999999625,-0.0038975443907639518,981,1.8174289652691749
2020-10-19,187786.23970003222,190669.34270003228,2883.1030000000605,0.015353111093792116,1033,1.9179020944991703
2020-10-20,190669.34270003228,189285.2787000324,-1384.0639999998934,-0.007258975042345184,983,1.7713088971586344
2020-10-21,189285.2787000324,187943.10270003247,-1342.1759999999153,-0.007090757449378371,984,1.7862372324504225
2020-10-22,187943.10270003247,187943.10270003247,0.0,0.0,982,1.7925184142328001
2020-10-23,187943.10270003247,187943.10270003247,0.0,0.0,1008,1.856449324188099
2020-10-26,187943.10270003247,188194.86670003246,251.76400000000456,0.0013395756289169558,1114,2.0288911361832853
2020-10-27,188194.86670003246,187855.76970003257,-339.0969999998917,-0.0018018397948142972,1063,1.919731278524628
2020-10-28,187855.76970003257,193422.97970003265,5567.210000000074,0.029635555026549243,1210,2.140758134870906
2020-10-29,193422.97970003265,195409.4307000327,1986.4510000000487,0.010269984482095706,941,1.5912518299195328
2020-10-30,195409.4307000327,192755.71670003282,-2653.7139999998935,-0.013580275990228596,940,1.5803535105244102
2020-11-02,192755.71670003282,192755.71670003282,0.0,0.0,1021,1.7506086360815298
2020-11-03,192755.71670003282,191985.28570003292,-770.4309999998857,-0.003996929446190345,943,1.632912877591376
2020-11-04,191985.28570003292,193061.97970003297,1076.6940000000488,0.0056082110463524515,834,1.4811872527819798
2020-11-05,193061.97970003297,192644.333700033,-417.64599999996693,-0.0021632742016263196,734,1.3290361033331408
2020-11-06,192644.333700033,191571.74170003302,-1072.5919999999753,-0.005567731889120187,688,1.2503710990197525
2020-11-09,191571.74170003302,191571.74170003302,0.0,0.0,685,1.3031176440625059
2020-11-10,191571.74170003302,191571.74170003302,0.0,0.0,694,1.281661906562689
2020-11-11,191571.74170003302,191571.74170003302,0.0,0.0,689,1.2825909394963404
2020-11-12,191571.74170003302,190312.2497000331,-1259.4919999998972,-0.006574518709403621,689,1.2801429651714666
2020-11-13,190312.2497000331,190312.2497000331,0.0,0.0,672,1.2546452718722392
2020-11-16,190312.2497000331,190312.2497000331,0.0,0.0,697,1.322984851137367
2020-11-17,190312.2497000331,189558.02870003314,-754.2209999999623,-0.003963071222103376,699,1.323531344171617
2020-11-18,189558.02870003314,189558.02870003314,0.0,0.0,989,1.882989158110497
2020-11-19,189558.02870003314,189558.02870003314,0.0,0.0,908,1.7038325522301188
2020-11-20,189558.02870003314,189558.02870003314,0.0,0.0,980,1.8490567849053092
2020-11-23,189558.02870003314,189558.02870003314,0.0,0.0,941,1.7738119863347774
2020-11-24,189558.02870003314,190303.80870003317,745.7800000000285,0.00393430974733433,980,1.8640380471174156
2020-11-25,190303.80870003317,189637.09870003327,-666.709999999906,-0.0035033980904228823,1045,1.995361971841755
2020-11-30,189637.09870003327,189726.95770003338,89.85900000010577,0.0004738471565748359,1155,2.210847440828152
2020-12-01,189726.95770003338,188247.0807000335,-1479.8769999998824,-0.007800035471710043,1141,2.1986984154101656
2020-12-02,188247.0807000335,188247.0807000335,0.0,0.0,1149,2.227001524295929
2020-12-03,188247.0807000335,188156.15170003354,-90.92899999993772,-0.0004830300669832477,1151,2.242060125828807
2020-12-04,188156.15170003354,189345.4177000336,1189.2660000000621,0.006320633097854023,1158,2.2615013252734517
2020-12-07,189345.4177000336,189345.4177000336,0.0,0.0,1228,2.3938435852482653
2020-12-08,189345.4177000336,188931.6997000337,-413.71799999989173,-0.002184990822726607,1301,2.5277288223696104
2020-12-09,188931.6997000337,191156.49070003378,2224.7910000000716,0.011775636399462774,1381,2.712483785451922
2020-12-10,191156.49070003378,191156.49070003378,0.0,0.0,1358,2.597174547705705
2020-12-11,191156.49070003378,191156.49070003378,0.0,0.0,1559,2.976599976346221
2020-12-14,191156.49070003378,188867.8977000339,-2288.592999999868,-0.011972353078981701,1537,2.964526336081669
2020-12-15,188867.8977000339,188368.343700034,-499.5539999999295,-0.002644991584505929,1566,3.047131516477676
2020-12-16,188368.343700034,188368.343700034,0.0,0.0,1411,2.7715701329305844
2020-12-17,188368.343700034,188368.343700034,0.0,0.0,1670,3.2986863458368925
2020-12-18,188368.343700034,189202.00770003407,833.6640000000635,0.004425711792251263,1664,3.277962096201022
2020-12-21,189202.00770003407,186402.2227000341,-2799.784999999972,-0.014797860942568963,1565,3.0189517550402787
2020-12-22,186402.2227000341,186402.2227000341,0.0,0.0,1654,3.2689188650934113
2020-12-23,186402.2227000341,185619.1747000341,-783.0479999999744,-0.004200851195106714,1652,3.2651191621000146
2020-12-28,185619.1747000341,185619.1747000341,0.0,0.0,1629,3.2640005696253414
2020-12-29,185619.1747000341,185619.1747000341,0.0,0.0,1501,3.0241321541252213
2020-12-30,185619.1747000341,185619.1747000341,0.0,0.0,1508,3.0259363398167887
2020-12-31,185619.1747000341,185619.1747000341,0.0,0.0,1517,3.0396862966049767
2021-01-04,185619.1747000341,191467.08970003418,5847.915000000069,0.03150490788169091,1615,3.2666219861197248
2021-01-05,191467.08970003418,192012.58570003428,545.4960000001025,0.0028490327024592865,1428,2.7468237326123397
2021-01-06,192012.58570003428,194723.4975000343,2710.9118000000235,0.01411840682274379,1394,2.685142527721011
2021-01-07,194723.4975000343,196072.7415000344,1349.2440000001047,0.006929025091077401,1404,2.712218775457561
2021-01-08,196072.7415000344,196072.7415000344,0.0,0.0,1368,2.656783336373745
2021-01-11,196072.7415000344,196072.7415000344,0.0,0.0,1365,2.6319784457829365
2021-01-12,196072.7415000344,196072.7415000344,0.0,0.0,1316,2.5434364702839862
2021-01-13,196072.7415000344,196072.7415000344,0.0,0.0,1402,2.708651427426197
2021-01-14,196072.7415000344,196072.7415000344,0.0,0.0,1424,2.764310987781079
2021-01-15,196072.7415000344,195021.14450003445,-1051.5969999999586,-0.005363300334125021,1423,2.734411532342693
2021-01-19,195021.14450003445,195021.14450003445,0.0,0.0,1331,2.5834168531928983
2021-01-20,195021.14450003445,195452.81750003458,431.6730000001296,0.0022134676786293994,1397,2.7316645694380273
2021-01-21,195452.81750003458,195452.81750003458,0.0,0.0,1274,2.5062313861110086
2021-01-22,195452.81750003458,195452.81750003458,0.0,0.0,1280,2.504937314327035
2021-01-25,195452.81750003458,194030.27750003463,-1422.539999999946,-0.00727817597205882,1260,2.474026563173353
2021-01-26,194030.27750003463,194030.27750003463,0.0,0.0,1475,2.9318279910108194
2021-01-27,194030.27750003463,196895.76950003483,2865.4920000002026,0.014768272441396224,1494,2.9288011180862
2021-01-28,196895.76950003483,198732.0765000349,1836.3070000000698,0.00932628976571137,1067,2.0407081833877805
2021-01-29,198732.0765000349,199388.726500035,656.6500000001015,0.003304197347326454,1150,2.1736525981725796
2021-02-01,199388.726500035,199420.65650003508,31.93000000006979,0.0001601394449954885,1030,1.9309502397102354
2021-02-02,199420.65650003508,200014.86350003516,594.2070000000754,0.0029796662513743577,927,1.7647542769181297
2021-02-03,200014.86350003516,200014.86350003516,0.0,0.0,872,1.667343601207313
2021-02-04,200014.86350003516,201049.6115000353,1034.7480000001513,0.005173355529150214,871,1.6690613345725924
2021-02-05,201049.6115000353,201049.6115000353,0.0,0.0,845,1.6317265091716855
2021-02-08,201049.6115000353,201049.6115000353,0.0,0.0,860,1.6667801085767817
2021-02-09,201049.6115000353,201049.6115000353,0.0,0.0,861,1.6691515599968376
2021-02-10,201049.6115000353,201049.6115000353,0.0,0.0,889,1.735063144858217
2021-02-11,201049.6115000353,201049.6115000353,0.0,0.0,890,1.733857510748884
2021-02-12,201049.6115000353,201049.6115000353,0.0,0.0,900,1.7455860965361831
2021-02-16,201049.6115000353,201049.6115000353,0.0,0.0,889,1.7425765407636373
2021-02-17,201049.6115000353,201049.6115000353,0.0,0.0,898,1.7442614038842785
2021-02-18,201049.6115000353,200452.87550003536,-596.7359999999494,-0.0029681032236157368,1184,2.2956560210606414
2021-02-19,200452.87550003536,200452.87550003536,0.0,0.0,1160,2.2706365826014903
2021-02-22,200452.87550003536,200452.87550003536,0.0,0.0,1643,3.1738121218161988
2021-02-23,200452.87550003536,190068.2483000355,-10384.627199999848,-0.05180582804858791,1776,3.4085045103048346
2021-02-24,190068.2483000355,196758.01530003553,6689.76700000003,0.0351966573051159,1967,4.0
2021-02-25,196758.01530003553,209057.90430003568,12299.889000000147,0.0625127722560328,1869,3.7100053552390024
2021-02-26,209057.90430003568,203869.97830003576,-5187.92599999993,-0.024815737139287086,1334,2.453663691664893
2021-03-01,203869.97830003576,207212.2783000358,3342.3000000000407,0.01639427260389059,1300,2.4603834122351524
2021-03-02,207212.2783000358,206508.25120003585,-704.0270999999361,-0.003397612852750642,1019,1.9170667619416664
2021-03-03,206508.25120003585,206559.20540003595,50.95420000010404,0.00024674171469651895,1007,1.882552268489918
2021-03-04,206559.20540003595,206822.61740003596,263.4120000000195,0.001275237283614894,972,1.795280844871442
2021-03-05,206822.61740003596,206548.740200036,-273.8771999999484,-0.0013242130065022062,948,1.74548791252037
2021-03-08,206548.740200036,202611.1632000361,-3937.5769999998984,-0.01906366989305519,851,1.585592001637813
2021-03-09,202611.1632000361,204049.22120003615,1438.0580000000436,0.007097624717648188,830,1.5822040737842673
2021-03-10,204049.22120003615,204049.22120003615,0.0,0.0,785,1.499258483130448
2021-03-11,204049.22120003615,204436.99520003618,387.77400000002956,0.0019003944132669481,774,1.4892217865931343
2021-03-12,204436.99520003618,204436.99520003618,0.0,0.0,761,1.4602668933289589
2021-03-15,204436.99520003618,204436.99520003618,0.0,0.0,768,1.482341782933966
2021-03-16,204436.99520003618,204436.99520003618,0.0,0.0,760,1.4761344242865118
2021-03-17,204436.99520003618,204436.99520003618,0.0,0.0,779,1.5039589764183106
2021-03-18,204436.99520003618,204436.99520003618,0.0,0.0,923,1.7811628520529674
2021-03-19,204436.99520003618,204184.4092000362,-252.5859999999845,-0.0012355200180517167,874,1.668067164393307
2021-03-22,204184.4092000362,205438.79820003625,1254.3890000000574,0.006143412246383262,1019,1.9478814162221798
2021-03-23,205438.79820003625,205306.4442000363,-132.35399999995613,-0.0006442502641156311,1026,1.9590789330178313
2021-03-24,205306.4442000363,205306.4442000363,0.0,0.0,1081,2.059741304509922
2021-03-25,205306.4442000363,205529.91420003632,223.47000000004203,0.0010884704611722196,1170,2.2003567974199814
2021-03-26,205529.91420003632,208245.5928000365,2715.6786000001975,0.013213057625067082,1329,2.527952078579401
2021-03-29,208245.5928000365,207147.9138000366,-1097.6789999999255,-0.005271079139014145,1221,2.3138128401407574
2021-03-30,207147.9138000366,207147.9138000366,0.0,0.0,1310,2.495035565879565
2021-03-31,207147.9138000366,206308.9438000367,-838.9699999998817,-0.004050101131164441,1315,2.5098217131890754
2021-04-01,206308.9438000367,206183.22460003686,-125.7191999998372,-0.0006093734846595034,1368,2.6423335419124916
2021-04-05,206183.22460003686,208403.4926000369,2220.2680000000482,0.010768422136703926,1268,2.4825265657876705
2021-04-06,208403.4926000369,208403.4926000369,0.0,0.0,1177,2.2919740526413968
2021-04-07,208403.4926000369,208403.4926000369,0.0,0.0,1179,2.296648844739163
2021-04-08,208403.4926000369,208403.4926000369,0.0,0.0,1174,2.2988664952662456
2021-04-09,208403.4926000369,209470.389600037,1066.897000000087,0.005119381574125725,1391,2.726111496732713
2021-04-12,209470.389600037,209470.389600037,0.0,0.0,1449,2.843708855513543
2021-04-13,209470.389600037,209653.4482000371,183.05860000009204,0.0008739115841127632,1454,2.858138389795768
2021-04-14,209653.4482000371,207765.90820003726,-1887.5399999998235,-0.009003143121208645,1630,3.210081021324387
2021-04-15,207765.90820003726,208426.43620003728,660.5280000000333,0.0031791933802924888,1668,3.321681023586521
2021-04-16,208426.43620003728,208426.43620003728,0.0,0.0,1600,3.203588423914292
2021-04-19,208426.43620003728,205560.82320003764,-2865.612999999642,-0.01374879814789598,1889,3.774116512844039
2021-04-20,205560.82320003764,205736.96720003776,176.14400000010627,0.0008568947976468344,1744,3.512689847127995
2021-04-21,205736.96720003776,210045.29020003777,4308.322999999996,0.020940927917008745,1613,3.226842134699244
2021-04-22,210045.29020003777,209260.36320003783,-784.9269999999399,-0.0037369416817316647,1573,3.116085283548808
2021-04-23,209260.36320003783,212983.88020003794,3723.5170000001135,0.017793704182959447,1477,2.9150030046054107
2021-04-26,212983.88020003794,212983.88020003794,0.0,0.0,1593,3.123574194997791
2021-04-27,212983.88020003794,212361.09120003803,-622.788999999917,-0.0029241133151248766,1601,3.1424776594613077
2021-04-28,212361.09120003803,212361.09120003803,0.0,0.0,1589,3.1277243434286786
2021-04-29,212361.09120003803,212361.09120003803,0.0,0.0,1587,3.1411801809677495
2021-04-30,212361.09120003803,212361.09120003803,0.0,0.0,1611,3.1689073277038298
2021-05-03,212361.09120003803,212361.09120003803,0.0,0.0,1520,3.0035454533753447
2021-05-04,212361.09120003803,212543.72160003832,182.6304000002795,0.0008599993481304136,1536,3.0103013339723725
2021-05-06,212543.72160003832,210395.6546000385,-2148.0669999998036,-0.010106471194863187,1499,2.93348173299202
2021-05-07,210395.6546000385,211782.80660003866,1387.1520000001542,0.0065930639234783595,1521,3.0359990859098933
2021-05-10,211782.80660003866,214408.91700003872,2626.110400000062,0.012400016989856821,1478,2.948936060888278
2021-05-11,214408.91700003872,214453.5880000388,44.671000000097635,0.0002083448796119658,1441,2.776474717287212
2021-05-12,214453.5880000388,220102.6270000389,5649.03900000008,0.026341545752077034,1419,2.7211111033297635
2021-05-13,220102.6270000389,218647.0950000391,-1455.5319999998,-0.006612969685271142,1217,2.2520334275389775
2021-05-14,218647.0950000391,219534.66500003927,887.5700000001849,0.004059372478742551,1135,2.1465226471246983
2021-05-17,219534.66500003927,219534.66500003927,0.0,0.0,1077,2.0380223784795763
2021-05-18,219534.66500003927,219534.66500003927,0.0,0.0,1076,2.038333614238376
2021-05-19,219534.66500003927,219534.66500003927,0.0,0.0,1072,1.9886733246544295
2021-05-20,219534.66500003927,221812.57400003934,2277.9090000000765,0.010376078875742323,1059,1.9869106723464038
2021-05-21,221812.57400003934,220377.20000003942,-1435.3739999999375,-0.006471111957790376,1026,1.9291398655038074
2021-05-24,220377.20000003942,219801.90200003955,-575.2979999998649,-0.002610515062355656,1031,1.9535663159423882
2021-05-25,219801.90200003955,219801.90200003955,0.0,0.0,986,1.8868109851566588
2021-05-26,219801.90200003955,219801.90200003955,0.0,0.0,1002,1.9096322967857013
2021-05-27,219801.90200003955,219801.90200003955,0.0,0.0,1021,1.9518476617673748
2021-05-28,219801.90200003955,219801.90200003955,0.0,0.0,1039,1.9917255175324635
2021-06-01,219801.90200003955,219801.90200003955,0.0,0.0,1073,2.0638797926266257
2021-06-02,219801.90200003955,219801.90200003955,0.0,0.0,1120,2.143525053600475
2021-06-03,219801.90200003955,219801.90200003955,0.0,0.0,1550,2.9481952148641892
2021-06-04,219801.90200003955,219976.2050000397,174.3030000001541,0.0007930004172580496,1629,3.1186697497746074
2021-06-07,219976.2050000397,219732.6530000398,-243.5519999999193,-0.0011071742964192666,1888,3.6272393482424077
2021-06-08,219732.6530000398,217649.67700003993,-2082.975999999871,-0.009479592457291686,1904,3.667804695080796
2021-06-09,217649.67700003993,217649.67700003993,0.0,0.0,2057,4.0
2021-06-10,217649.67700003993,216622.73500004,-1026.9419999999213,-0.0047183254032567845,2058,4.0
2021-06-11,216622.73500004,216622.73500004,0.0,0.0,2042,4.0
2021-06-14,216622.73500004,215881.85200004015,-740.8829999998627,-0.003420153475579224,2041,4.0
2021-06-15,215881.85200004015,214922.13500004038,-959.7169999997758,-0.004445565901480153,2029,4.0
2021-06-16,214922.13500004038,216098.07900004042,1175.9440000000452,0.005471488546304526,2024,4.0
2021-06-17,216098.07900004042,213098.34300004056,-2999.7359999998703,-0.013881363563621907,2049,4.0
2021-06-18,213098.34300004056,210528.24900004073,-2570.0939999998254,-0.012060600583831627,2043,4.0
2021-06-21,210528.24900004073,215716.10700004076,5187.8580000000475,0.02464209921775873,1758,3.480603149131425
2021-06-22,215716.10700004076,217403.47300004086,1687.3660000001062,0.007822160447201965,1466,2.860249769215987
2021-06-23,217403.47300004086,217403.47300004086,0.0,0.0,1444,2.8123438987527183
2021-06-24,217403.47300004086,217403.47300004086,0.0,0.0,1456,2.8457363969689022
2021-06-25,217403.47300004086,217403.47300004086,0.0,0.0,1502,2.943763516549603
2021-06-28,217403.47300004086,217403.47300004086,0.0,0.0,1490,2.9288277883509912
2021-06-29,217403.47300004086,217403.47300004086,0.0,0.0,1486,2.9257563069288284
2021-06-30,217403.47300004086,217403.47300004086,0.0,0.0,1496,2.9403520621182566
2021-07-01,217403.47300004086,217873.96900004108,470.4960000002044,0.0021641604593876096,1508,2.9756467465728695
2021-07-02,217873.96900004108,218583.29650004112,709.3275000000363,0.003255678056702127,1475,2.9229060770005613
2021-07-06,218583.29650004112,220434.11550004125,1850.8190000001318,0.00846733958923429,1427,2.8322283693761086
2021-07-07,220434.11550004125,220434.11550004125,0.0,0.0,1438,2.8307414239644375
2021-07-08,220434.11550004125,220434.11550004125,0.0,0.0,1515,2.948848075460475
2021-07-09,220434.11550004125,223093.61450004135,2659.499000000101,0.012064824875075209,1399,2.745743400966887
2021-07-12,223093.61450004135,222558.07250004163,-535.5419999997183,-0.0024005259012002123,1866,3.64220406204446
2021-07-13,222558.07250004163,222558.07250004163,0.0,0.0,2040,4.0
2021-07-14,222558.07250004163,222558.07250004163,0.0,0.0,2035,4.0
2021-07-15,222558.07250004163,220165.1295000417,-2392.9429999999547,-0.010751993729634313,2047,4.0
2021-07-16,220165.1295000417,223621.65750004203,3456.5280000003427,0.01569970688750555,2019,4.0
2021-07-19,223621.65750004203,219305.01750004222,-4316.63999999981,-0.019303318150206472,1955,3.7275844869939263
2021-07-20,219305.01750004222,223508.62450004224,4203.607000000031,0.019167856020436025,1517,2.9449225716718646
2021-07-21,223508.62450004224,222667.06150004224,-841.5630000000067,-0.0037652372559782155,1317,2.5481877144321223
2021-07-22,222667.06150004224,222667.06150004224,0.0,0.0,1263,2.4665202422950654
2021-07-23,222667.06150004224,222110.80150004235,-556.2599999999001,-0.0024981692229310015,1270,2.495960278484673
2021-07-26,222110.80150004235,222110.80150004235,0.0,0.0,1233,2.439171560077007
2021-07-27,222110.80150004235,222767.64850004244,656.8470000000838,0.002957294267383892,1237,2.4507621681632576
2021-07-28,222767.64850004244,222767.64850004244,0.0,0.0,1223,2.41574153314271
2021-07-29,222767.64850004244,223288.14050004253,520.4920000000868,0.0023364793025590913,1282,2.5317567242704824
2021-07-30,223288.14050004253,223288.14050004253,0.0,0.0,1358,2.6644474479967943
2021-08-02,223288.14050004253,223288.14050004253,0.0,0.0,1331,2.626040432023278
2021-08-03,223288.14050004253,222229.0685000427,-1059.0719999998482,-0.004743073222017502,1344,2.6400737342833676
2021-08-04,222229.0685000427,222229.0685000427,0.0,0.0,1286,2.5468429645451542
2021-08-05,222229.0685000427,222229.0685000427,0.0,0.0,1275,2.525912983371519
2021-08-06,222229.0685000427,222229.0685000427,0.0,0.0,1313,2.613288478152092
2021-08-09,222229.0685000427,222229.0685000427,0.0,0.0,1680,3.3466182645736176
2021-08-10,222229.0685000427,222229.0685000427,0.0,0.0,1984,3.9515732446771836
2021-08-11,222229.0685000427,222229.0685000427,0.0,0.0,2002,4.0
2021-08-12,222229.0685000427,222651.70150004272,422.6330000000355,0.0019017899091808843,2003,4.0
2021-08-13,222651.70150004272,222651.70150004272,0.0,0.0,1998,4.0
2021-08-16,222651.70150004272,221912.5945000428,-739.1069999999326,-0.0033195659185195625,2003,4.0
2021-08-17,221912.5945000428,221674.83250004286,-237.76199999993275,-0.00107142183856479,1998,4.0
2021-08-18,221674.83250004286,226339.163500043,4664.331000000158,0.021041319609429454,2001,4.0
2021-08-19,226339.163500043,221628.45750004312,-4710.705999999884,-0.02081259790464407,2002,3.8590431326748678
2021-08-20,221628.45750004312,224585.16750004314,2956.7100000000173,0.013340840943223409,2010,3.993681343677248
2021-08-23,224585.16750004314,226262.9205000432,1677.753000000046,0.007470453274701416,1883,3.7332535114324483
2021-08-24,226262.9205000432,226262.9205000432,0.0,0.0,1857,3.678103033910277
2021-08-25,226262.9205000432,226032.82050004334,-230.0999999998599,-0.0010169584989504488,1950,3.863505232653229
2021-08-26,226032.82050004334,227467.50050004356,1434.6800000002272,0.006347219827750328,2015,4.0
2021-08-27,227467.50050004356,229112.87150004366,1645.3710000000992,0.007233433331720329,1911,3.756495229121513
2021-08-30,229112.87150004366,229185.60550004378,72.73400000010406,0.0003174592484651573,1774,3.4938115355256265
2021-08-31,229185.60550004378,228259.32650004388,-926.2789999998853,-0.004041610719743516,1751,3.4550924161143044
2021-09-01,228259.32650004388,228259.32650004388,0.0,0.0,1729,3.4294703705390415
2021-09-02,228259.32650004388,228259.32650004388,0.0,0.0,1732,3.4403097308478063
2021-09-03,228259.32650004388,228259.32650004388,0.0,0.0,1731,3.4280286751445765
2021-09-07,228259.32650004388,227105.022500044,-1154.3039999998955,-0.0050569850428419105,1728,3.428591763019083
2021-09-08,227105.022500044,223553.9555000442,-3551.0669999998163,-0.01563623279180948,1809,3.591933864036914
2021-09-09,223553.9555000442,223674.97950004428,121.02400000008029,0.0005413637156603812,1984,4.0
2021-09-10,223674.97950004428,225532.65390004442,1857.6744000001427,0.008305240059269803,1983,4.0
2021-09-13,225532.65390004442,225532.65390004442,0.0,0.0,2010,4.0
2021-09-14,225532.65390004442,225395.7699000447,-136.88399999971784,-0.0006069365017998818,2013,4.0
2021-09-15,225395.7699000447,229249.09690004482,3853.3270000001467,0.01709582660627995,2027,4.0
2021-09-16,229249.09690004482,230118.71290004498,869.6160000001676,0.003793323558344497,2013,3.928380415104182
2021-09-17,230118.71290004498,234380.86090004505,4262.148000000084,0.01852151850793371,2068,4.0
2021-09-20,234380.86090004505,231977.34090004512,-2403.519999999927,-0.010254762230884285,2030,3.767261599570272
2021-09-21,231977.34090004512,231977.34090004512,0.0,0.0,1660,3.1240051736568613
2021-09-22,231977.34090004512,230453.7153000452,-1523.6255999999216,-0.0065679932104075744,1659,3.11908939104651
2021-09-23,230453.7153000452,231708.19230004528,1254.4770000000753,0.005443509549701853,1457,2.781331782452634
2021-09-24,231708.19230004528,231708.19230004528,0.0,0.0,1305,2.4871374634741734
2021-09-27,231708.19230004528,231708.19230004528,0.0,0.0,1293,2.472291738234019
2021-09-28,231708.19230004528,235864.04030004545,4155.848000000176,0.017935697304213738,1304,2.4752787328217885
2021-09-29,235864.04030004545,235864.04030004545,0.0,0.0,1139,2.1025582551208983
2021-09-30,235864.04030004545,234168.6713000455,-1695.3689999999567,-0.00718790790594126,1131,2.090944086696
2021-10-01,234168.6713000455,234320.05630004557,151.38500000006883,0.0006464784514497168,1105,2.035253880972087
2021-10-04,234320.05630004557,235611.0883000456,1291.0320000000395,0.0055096948182142835,1032,1.9070616048688556
2021-10-05,235611.0883000456,234905.79730004567,-705.29099999995,-0.00299345419219732,1009,1.843951556424932
2021-10-06,234905.79730004567,234905.79730004567,0.0,0.0,994,1.8180494168352126
2021-10-07,234905.79730004567,235406.47830004568,500.68100000001925,0.0021314118500042056,961,1.7948030089147413
2021-10-08,235406.47830004568,235406.47830004568,0.0,0.0,973,1.8180876424682821
2021-10-11,235406.47830004568,235666.51730004573,260.03900000005103,0.0011046382490316198,1079,2.0041887057499306
2021-10-12,235666.51730004573,235666.51730004573,0.0,0.0,1060,1.9613140978902055
2021-10-13,235666.51730004573,235666.51730004573,0.0,0.0,1101,2.030966615337923
2021-10-14,235666.51730004573,237204.67730004582,1538.1600000000972,0.006526849964187953,1160,2.1618153762326258
2021-10-15,237204.67730004582,237204.67730004582,0.0,0.0,1022,1.9169272211762207
2021-10-18,237204.67730004582,237204.67730004582,0.0,0.0,1007,1.8865378455594917
2021-10-19,237204.67730004582,237204.67730004582,0.0,0.0,1205,2.2813869449732707
2021-10-20,237204.67730004582,237204.67730004582,0.0,0.0,1183,2.250955052768606
2021-10-21,237204.67730004582,237204.67730004582,0.0,0.0,1346,2.5646343092703665
2021-10-22,237204.67730004582,237204.67730004582,0.0,0.0,1403,2.6812474023632693
2021-10-25,237204.67730004582,237204.67730004582,0.0,0.0,1716,3.2877286985394067
2021-10-26,237204.67730004582,237204.67730004582,0.0,0.0,1778,3.427826998044529
2021-10-27,237204.67730004582,237204.67730004582,0.0,0.0,1770,3.407308953700769
2021-10-28,237204.67730004582,239160.77330004604,1956.0960000002224,0.008246447845233318,1728,3.3185167140605216
2021-10-29,239160.77330004604,239160.77330004604,0.0,0.0,1699,3.240243554390434
2021-11-01,239160.77330004604,239160.77330004604,0.0,0.0,1922,3.700720286611897
2021-11-02,239160.77330004604,238268.18930004648,-892.5839999995619,-0.0037321505014525913,2024,3.895392927859919
2021-11-03,238268.18930004648,239900.73230004657,1632.5430000000815,0.006851703556383093,2013,3.8981033742544398
2021-11-04,239900.73230004657,237778.9343000466,-2121.7979999999825,-0.008844483214608179,2062,4.0
2021-11-05,237778.9343000466,237173.16030004676,-605.7739999998305,-0.00254763527216173,2026,4.0
2021-11-08,237173.16030004676,237173.16030004676,0.0,0.0,2019,4.0
2021-11-09,237173.16030004676,236265.73130004687,-907.4289999998999,-0.0038260189258004784,2021,4.0
2021-11-10,236265.73130004687,237404.00030004708,1138.2690000001976,0.004817749039341956,2029,4.0
2021-11-11,237404.00030004708,237404.00030004708,0.0,0.0,2041,4.0
2021-11-12,237404.00030004708,238263.2613000472,859.2610000001105,0.0036194040492751878,2041,4.0
2021-11-15,238263.2613000472,238263.2613000472,0.0,0.0,2033,4.0
2021-11-16,238263.2613000472,236329.3413000475,-1933.919999999705,-0.008116736039990191,2040,4.0
2021-11-17,236329.3413000475,235424.6063000476,-904.7349999999001,-0.003828280462438327,2015,4.0
2021-11-18,235424.6063000476,234082.59230004763,-1342.013999999955,-0.005700398191553435,2006,4.0
2021-11-19,234082.59230004763,234082.59230004763,0.0,0.0,1993,4.0
2021-11-22,234082.59230004763,233030.94030004778,-1051.6519999998698,-0.0044926535957524605,1988,4.0
2021-11-23,233030.94030004778,225148.6953000481,-7882.244999999663,-0.0338248860423882,1995,4.0
2021-11-24,225148.6953000481,225148.6953000481,0.0,0.0,1932,4.0
2021-11-29,225148.6953000481,224258.23530004823,-890.4599999998862,-0.003954986276128225,1940,4.0
2021-11-30,224258.23530004823,228491.5563000483,4233.321000000087,0.018876992384855296,1941,4.0
2021-12-01,228491.5563000483,232218.66030004848,3727.104000000156,0.016311780007773446,1472,2.974840822674711
2021-12-02,232218.66030004848,234336.49030004855,2117.8300000000804,0.009119981991385417,1430,2.7761945900959257
2021-12-03,234336.49030004855,236733.50030004862,2397.0100000000684,0.01022892336115011,1210,2.3722219072474418
2021-12-06,236733.50030004862,236148.87630004875,-584.6239999998512,-0.002469544864832751,1198,2.309146806253252
2021-12-07,236148.87630004875,236172.39630004877,23.52000000002241,9.959818724758485e-05,1120,2.202928139434351
2021-12-08,236172.39630004877,236172.39630004877,0.0,0.0,932,1.8504022445905295
2021-12-09,236172.39630004877,236172.39630004877,0.0,0.0,935,1.8549643089110555
2021-12-10,236172.39630004877,236172.39630004877,0.0,0.0,921,1.830643118623316
2021-12-13,236172.39630004877,236721.3603000488,548.9640000000297,0.0023244206715107296,897,1.7871521813695792
2021-12-14,236721.3603000488,236721.3603000488,0.0,0.0,893,1.748702947703874
2021-12-15,236721.3603000488,237448.00830004888,726.6480000000615,0.0030696342699241264,884,1.7308172277761527
2021-12-16,237448.00830004888,236263.8133000489,-1184.1949999999713,-0.004987175965289969,815,1.6221277748748701
2021-12-17,236263.8133000489,233094.27830004896,-3169.5349999999576,-0.013415236788609342,815,1.5931593269826734
2021-12-20,233094.27830004896,232679.597300049,-414.68099999995496,-0.0017790269371870115,799,1.5592790990410217
2021-12-21,232679.597300049,233662.06630004905,982.4690000000453,0.004222411467960097,839,1.6538157507202316
2021-12-22,233662.06630004905,234561.6743000491,899.6080000000729,0.0038500387086575216,809,1.603980511399743
2021-12-23,234561.6743000491,234763.13930004925,201.46500000013495,0.0008588999059686575,825,1.650029419229304
2021-12-27,234763.13930004925,238194.99230004929,3431.8530000000264,0.014618363897467734,843,1.6952855502840876
2021-12-28,238194.99230004929,238194.99230004929,0.0,0.0,833,1.6726391474033666
2021-12-29,238194.99230004929,238194.99230004929,0.0,0.0,922,1.8464314008740266
2021-12-30,238194.99230004929,238194.99230004929,0.0,0.0,920,1.84773501669923
2021-12-31,238194.99230004929,238194.99230004929,0.0,0.0,940,1.8790175637501696
2022-01-03,238194.99230004929,238194.99230004929,0.0,0.0,957,1.9147618155083932
2022-01-04,238194.99230004929,237385.05930004932,-809.9329999999471,-0.0034002939867842086,977,1.9673383832308893
2022-01-05,237385.05930004932,242446.2453000494,5061.186000000068,0.021320575165612476,1006,2.022587145506791
2022-01-06,242446.2453000494,241836.5973000495,-609.6479999999073,-0.002514569772963049,977,1.8858892003296714
2022-01-07,241836.5973000495,239435.1983000495,-2401.398999999996,-0.009929841168830889,1001,1.9374765615284362
2022-01-10,239435.1983000495,237423.88970004965,-2011.3085999998357,-0.008400221079773562,1081,2.089308608492747
2022-01-11,237423.88970004965,233856.32570004984,-3567.563999999801,-0.015026137447697097,1134,2.2222237111468526
2022-01-12,233856.32570004984,233525.1867000499,-331.1389999999306,-0.0014159933412477566,1231,2.482739314456061
2022-01-13,233525.1867000499,237625.40270004998,4100.216000000064,0.017557917661646272,1291,2.611815215323383
2022-01-14,237625.40270004998,237625.40270004998,0.0,0.0,1231,2.391075463206277
2022-01-18,237625.40270004998,235626.73570005025,-1998.6669999997337,-0.008410998896959732,1441,2.7879435844798586
2022-01-19,235626.73570005025,230642.2387000503,-4984.496999999948,-0.02115420809608437,1239,2.410664436457413
2022-01-20,230642.2387000503,228228.65470005033,-2413.583999999976,-0.01046462267103998,1208,2.378138794216744
2022-01-21,228228.65470005033,231893.27160005044,3664.61690000011,0.016056778255194804,1189,2.321883017888202
2022-01-24,231893.27160005044,227337.60360005056,-4555.667999999882,-0.019645537658622203,1131,2.1087188516115805
2022-01-25,227337.60360005056,220651.41560005065,-6686.187999999912,-0.029410831706323193,1126,2.145069644466533
2022-01-26,220651.41560005065,220651.41560005065,0.0,0.0,1072,2.1417355554579767
2022-01-27,220651.41560005065,215012.4386000507,-5638.976999999949,-0.02555604270502876,1161,2.306307927354066
2022-01-28,215012.4386000507,215121.2906000509,108.8520000002136,0.0005062590830045011,1158,2.3320559505558816
2022-01-31,215121.2906000509,219579.95460005096,4458.664000000052,0.020726279521488644,824,1.6902800003437985
2022-02-01,219579.95460005096,219579.95460005096,0.0,0.0,739,1.5188566766938763
2022-02-02,219579.95460005096,219579.95460005096,0.0,0.0,738,1.5328446735519103
2022-02-03,219579.95460005096,219579.95460005096,0.0,0.0,727,1.494840718559498
2022-02-04,219579.95460005096,218862.00560005102,-717.9489999999485,-0.003269647274076637,691,1.405426803169324
2022-02-07,218862.00560005102,218862.00560005102,0.0,0.0,678,1.3939034763533371
2022-02-08,218862.00560005102,218791.12160005106,-70.88399999994823,-0.00032387531040678486,716,1.462399950148646
2022-02-09,218791.12160005106,218791.12160005106,0.0,0.0,704,1.4664297858654516
2022-02-10,218791.12160005106,218791.12160005106,0.0,0.0,703,1.4520774370098848
2022-02-11,218791.12160005106,223214.71960005112,4423.598000000045,0.020218361547989838,718,1.4753629333852913
2022-02-14,223214.71960005112,221042.59960005115,-2172.119999999971,-0.009731078684649064,690,1.3600672175692716
2022-02-15,221042.59960005115,219798.15160005123,-1244.4479999999214,-0.005629901214750377,696,1.3978300181380026
2022-02-16,219798.15160005123,219798.15160005123,0.0,0.0,668,1.3493865294129084
2022-02-17,219798.15160005123,221892.67660005126,2094.525000000016,0.00952931125558898,675,1.3622855121322446
2022-02-18,221892.67660005126,221383.10560005132,-509.57099999994625,-0.0022964750698754033,699,1.3788458024224617
2022-02-22,221383.10560005132,220240.79260005135,-1142.3129999999642,-0.0051598923815968645,757,1.4771902611374685
2022-02-23,220240.79260005135,222557.26060005144,2316.4680000000667,0.010517888047227864,759,1.4913050045793268
2022-02-24,222557.26060005144,222557.26060005144,0.0,0.0,812,1.5002425633401857
2022-02-25,222557.26060005144,227060.78560005146,4503.5250000000315,0.020235354208879786,775,1.4966836852850982
2022-02-28,227060.78560005146,227060.78560005146,0.0,0.0,709,1.3490575257522375
2022-03-01,227060.78560005146,226881.9696000515,-178.8159999999699,-0.0007875248010237312,704,1.34963701408218
2022-03-02,226881.9696000515,227646.7606000515,764.7910000000091,0.0033708760610116073,701,1.3376799231275431
2022-03-03,227646.7606000515,227026.4356000515,-620.3249999999849,-0.002724945430213399,675,1.3070009148773052
2022-03-04,227026.4356000515,226691.56960005153,-334.8659999999922,-0.0014750088425380392,714,1.358277523195268
2022-03-07,226691.56960005153,232956.4816000516,6264.912000000059,0.02763628136261609,752,1.4329988944607852
2022-03-08,232956.4816000516,227876.43760005163,-5080.043999999967,-0.021806836904077143,698,1.259115878100992
2022-03-09,227876.43760005163,227876.43760005163,0.0,0.0,718,1.340261472947221
2022-03-10,227876.43760005163,227876.43760005163,0.0,0.0,630,1.169069248544032
2022-03-11,227876.43760005163,227876.43760005163,0.0,0.0,653,1.2271558318180977
2022-03-14,227876.43760005163,226527.79260005165,-1348.6449999999766,-0.005918317023925979,655,1.2108194957491736
2022-03-15,226527.79260005165,226420.7016000517,-107.09099999996323,-0.0004727499384106215,657,1.2188991817412471
2022-03-16,226420.7016000517,227001.6456000517,580.944000000028,0.002565772457618243,624,1.1854055821496678
2022-03-17,227001.6456000517,226318.24560005174,-683.3999999999689,-0.0030105508627193966,600,1.1469381732690695
2022-03-18,226318.24560005174,226318.24560005174,0.0,0.0,617,1.1941358601728769
2022-03-21,226318.24560005174,226318.24560005174,0.0,0.0,605,1.188356328859983
2022-03-22,226318.24560005174,225805.7976000518,-512.4479999999417,-0.002264280542831454,628,1.2383635504155381
2022-03-23,225805.7976000518,225805.7976000518,0.0,0.0,641,1.269998876398104
2022-03-24,225805.7976000518,225805.7976000518,0.0,0.0,627,1.2382954037413652
2022-03-25,225805.7976000518,225805.7976000518,0.0,0.0,615,1.2288086726397094
2022-03-28,225805.7976000518,225805.7976000518,0.0,0.0,751,1.504571545278881
2022-03-29,225805.7976000518,225805.7976000518,0.0,0.0,769,1.5686027124905435
2022-03-30,225805.7976000518,225805.7976000518,0.0,0.0,850,1.733489479956288
2022-03-31,225805.7976000518,225805.7976000518,0.0,0.0,845,1.7152347939565684
2022-04-01,225805.7976000518,225805.7976000518,0.0,0.0,829,1.6661833623362923
2022-04-04,225805.7976000518,225834.40860005197,28.611000000174215,0.00012670622412835897,867,1.739965025842589
2022-04-05,225834.40860005197,226883.478600052,1049.0700000000224,0.004645306295454343,935,1.8857042279203722
2022-04-06,226883.478600052,223244.51090005218,-3638.9676999998405,-0.01603892765772763,983,1.9372443054328374
2022-04-07,223244.51090005218,222745.75190005224,-498.7589999999458,-0.0022341377980094057,961,1.9192491140962322
2022-04-08,222745.75190005224,220751.0969000523,-1994.654999999938,-0.008954850914036583,965,1.9422554994969772
2022-04-11,220751.0969000523,221969.95090005235,1218.8540000000603,0.005521394987912043,962,1.9357140347977495
2022-04-12,221969.95090005235,219213.1563000525,-2756.7945999998346,-0.012419674774993172,926,1.850222205964477
2022-04-13,219213.1563000525,223140.14330005256,3926.987000000039,0.017914011486723558,967,1.932666961008743
2022-04-14,223140.14330005256,226169.21130005262,3029.0680000000634,0.013574733596576127,1004,1.9973154575152678
2022-04-18,226169.21130005262,226169.21130005262,0.0,0.0,1007,1.9462608626779356
2022-04-19,226169.21130005262,229907.0493000527,3737.838000000063,0.016526732257297283,1038,2.009597401566434
2022-04-20,229907.0493000527,229907.0493000527,0.0,0.0,989,1.9233169804333046
2022-04-21,229907.0493000527,233551.23930005272,3644.1900000000446,0.015850710150448588,990,1.9317330306252076
2022-04-22,233551.23930005272,242097.15630005277,8545.917000000049,0.036591186694671096,1037,1.9404627975388589
2022-04-25,242097.15630005277,238916.2938000529,-3180.8624999998733,-0.01313878505891053,939,1.6433634721648942
2022-04-26,238916.2938000529,243256.982600053,4340.688800000091,0.018168240980804606,938,1.673420733652449
2022-04-27,243256.982600053,237434.32160005314,-5822.660999999853,-0.023936254317406758,863,1.4812694569746478
2022-04-28,237434.32160005314,239233.64660005318,1799.325000000037,0.007578200943631597,825,1.46887152692016
2022-04-29,239233.64660005318,245817.0976000532,6583.451000000025,0.027518917566834222,721,1.2772936270163497
2022-05-02,245817.0976000532,241607.84960005325,-4209.247999999952,-0.01712349564410065,661,1.1094273916124873
2022-05-03,241607.84960005325,240740.17760005328,-867.671999999959,-0.0035912409362371944,648,1.1133811768454318
2022-05-04,240740.17760005328,244097.80460005332,3357.627000000049,0.01394709862505028,637,1.1040804284457804
2022-05-05,244097.80460005332,248525.8626000533,4428.058000000004,0.01814050727434946,578,1.005319442370897
2022-05-06,248525.8626000533,246768.72060005335,-1757.141999999966,-0.00707025812773332,558,0.9240192848148833
2022-05-09,246768.72060005335,246117.32960005343,-651.3909999999175,-0.0026396822028982303,563,0.9250798217539598
2022-05-10,246117.32960005343,246117.32960005343,0.0,0.0,554,0.9108467440146132
2022-05-11,246117.32960005343,244250.3216000535,-1867.0079999999482,-0.007585845348776821,561,0.907479589104263
2022-05-12,244250.3216000535,244250.3216000535,0.0,0.0,568,0.9065162702337215
2022-05-13,244250.3216000535,242915.1536000535,-1335.1679999999849,-0.005466391983656171,576,0.9362684832332615
2022-05-16,242915.1536000535,242915.1536000535,0.0,0.0,537,0.8849482075368379
2022-05-17,242915.1536000535,242915.1536000535,0.0,0.0,556,0.9314664573192029
2022-05-18,242915.1536000535,245880.8336000536,2965.6800000000767,0.01220870726279566,540,0.8974340741607912
2022-05-19,245880.8336000536,245880.8336000536,0.0,0.0,547,0.8653201557515647
2022-05-20,245880.8336000536,245404.64360005362,-476.18999999997635,-0.0019366698616880562,585,0.936489703046152
2022-05-23,245404.64360005362,245140.7716000537,-263.8719999999148,-0.001075252677084415,589,0.9428530129787075
2022-05-24,245140.7716000537,245351.12860005372,210.35700000002424,0.0008581069506594652,567,0.9094612571603352
2022-05-25,245351.12860005372,245351.12860005372,0.0,0.0,632,1.0107936682221774
2022-05-26,245351.12860005372,247187.80360005377,1836.6750000000443,0.007485904020413159,675,1.0976194364256673
2022-05-27,247187.80360005377,248929.81960005386,1742.0160000000842,0.007047337994145808,633,1.0462774985545436
2022-05-31,248929.81960005386,248549.72760005388,-380.0919999999699,-0.0015269042520122955,668,1.1104056100668855
2022-06-01,248549.72760005388,248241.12560005393,-308.6019999999554,-0.0012416106948889283,658,1.1006955631098434
2022-06-02,248241.12560005393,250563.96060005395,2322.835000000017,0.009357172363705812,685,1.1313041317437442
2022-06-03,250563.96060005395,250563.96060005395,0.0,0.0,670,1.1039278886173867
2022-06-06,250563.96060005395,250563.96060005395,0.0,0.0,670,1.1097435619188731
2022-06-07,250563.96060005395,250563.96060005395,0.0,0.0,683,1.1137571132689255
2022-06-08,250563.96060005395,250563.96060005395,0.0,0.0,697,1.1520427418701262
2022-06-09,250563.96060005395,253352.34360005398,2788.3830000000185,0.011128428020224401,923,1.5092619760442565
2022-06-10,253352.34360005398,252330.27960005403,-1022.0639999999614,-0.004034160432371592,856,1.3356660451229865
2022-06-13,252330.27960005403,252231.2076000541,-99.07199999993736,-0.0003926282654501678,774,1.1653738833437506
2022-06-14,252231.2076000541,252231.2076000541,0.0,0.0,703,1.0511546323252605
2022-06-15,252231.2076000541,250003.40060005413,-2227.8069999999843,-0.00883240032507182,703,1.0526162923224176
2022-06-16,250003.40060005413,247800.51260005427,-2202.8879999998708,-0.008811432143372988,698,1.0355618197328094
2022-06-17,247800.51260005427,245137.00460005426,-2663.5079999999894,-0.010748597620130251,692,1.0214974222083246
2022-06-21,245137.00460005426,244877.27790005435,-259.7266999999008,-0.0010595164953722813,757,1.149181136514795
2022-06-22,244877.27790005435,244877.27790005435,0.0,0.0,672,1.0174732122758507
2022-06-23,244877.27790005435,244877.27790005435,0.0,0.0,660,1.015564058785128
2022-06-24,244877.27790005435,249082.1249000544,4204.847000000051,0.017171242003581222,677,1.0555775831293204
2022-06-27,249082.1249000544,249040.86290005443,-41.26199999997308,-0.00016565620682940096,598,0.939678588547469
2022-06-28,249040.86290005443,252058.48390005445,3017.6210000000124,0.012116971347031713,601,0.9430940887913059
2022-06-29,252058.48390005445,252058.48390005445,0.0,0.0,622,0.9410268968131787
2022-06-30,252058.48390005445,250553.41390005447,-1505.0699999999674,-0.005971114229968766,630,0.941183848159686
2022-07-01,250553.41390005447,250553.41390005447,0.0,0.0,646,0.9708519381794822
2022-07-05,250553.41390005447,250133.1129000545,-420.30099999997714,-0.0016774906135089696,679,1.0192957115506267
2022-07-06,250133.1129000545,250133.1129000545,0.0,0.0,790,1.2074594029827603
2022-07-07,250133.1129000545,249620.16930005464,-512.9435999998555,-0.0020506825108149718,786,1.2109005706042815
2022-07-08,249620.16930005464,249620.16930005464,0.0,0.0,779,1.208842044505768
2022-07-11,249620.16930005464,249620.16930005464,0.0,0.0,966,1.494097791148526
2022-07-12,249620.16930005464,249620.16930005464,0.0,0.0,936,1.4386489681206607
2022-07-13,249620.16930005464,249620.16930005464,0.0,0.0,1042,1.566738710556414
2022-07-14,249620.16930005464,249216.3873000547,-403.7819999999462,-0.0016175856347352413,1038,1.5550935406886075
2022-07-15,249216.3873000547,248687.90010005477,-528.4871999999108,-0.002120595702896577,1032,1.5856343562770714
2022-07-18,248687.90010005477,248687.90010005477,0.0,0.0,1224,1.9129573879994106
2022-07-19,248687.90010005477,253759.45310005482,5071.553000000054,0.020393243893086943,1213,1.8844655392103071
2022-07-20,253759.45310005482,251435.96610005488,-2323.486999999949,-0.009156257911242416,1123,1.7372942616691205
2022-07-21,251435.96610005488,248009.57810005493,-3426.387999999941,-0.013627278758665984,1106,1.7351793060491363
2022-07-22,248009.57810005493,249769.224100055,1759.6460000000775,0.007095072752755449,1106,1.7797138070461325
2022-07-25,249769.224100055,249769.224100055,0.0,0.0,1088,1.7239475046418349
2022-07-26,249769.224100055,249035.40010005512,-733.8239999998873,-0.0029380080858397717,1092,1.7230232063451771
2022-07-27,249035.40010005512,249503.8021000553,468.40200000016534,0.0018808651292627765,1034,1.637959979216
2022-07-28,249503.8021000553,248896.7341000554,-607.0679999999172,-0.002433101198820453,924,1.488453240723855
2022-07-29,248896.7341000554,249452.18010005547,555.4460000000722,0.002231632335427891,893,1.462631555332351
2022-08-01,249452.18010005547,249452.18010005547,0.0,0.0,914,1.5006845816895915
2022-08-02,249452.18010005547,249452.18010005547,0.0,0.0,941,1.5440203387408684
2022-08-03,249452.18010005547,251272.46310005555,1820.2830000000781,0.007297122034652048,933,1.535907584185466
2022-08-04,251272.46310005555,251272.46310005555,0.0,0.0,927,1.530172275537966
2022-08-05,251272.46310005555,251272.46310005555,0.0,0.0,965,1.574622831509954
2022-08-08,251272.46310005555,250820.80710005562,-451.65599999994225,-0.0017974751169612668,984,1.6263717287565336
2022-08-09,250820.80710005562,250820.80710005562,0.0,0.0,1129,1.8560148539539416
2022-08-10,250820.80710005562,250820.80710005562,0.0,0.0,1095,1.8285663722147176
2022-08-11,250820.80710005562,250820.80710005562,0.0,0.0,1003,1.691533990120403
2022-08-12,250820.80710005562,253760.78310005573,2939.976000000102,0.01172141990128961,1053,1.772325175971809
2022-08-15,253760.78310005573,253760.78310005573,0.0,0.0,1021,1.7095379235800803
2022-08-16,253760.78310005573,254030.2211000558,269.43800000005285,0.0010617795102476624,1118,1.8845229048808552
2022-08-17,254030.2211000558,254030.2211000558,0.0,0.0,1308,2.193281772362464
2022-08-18,254030.2211000558,254030.2211000558,0.0,0.0,1270,2.135669344101696
2022-08-19,254030.2211000558,254665.80810005593,635.5870000001473,0.0025020133323028215,1361,2.2776832753430045
2022-08-22,254665.80810005593,256473.161100056,1807.353000000057,0.007096959790102497,1263,2.068637885643886
2022-08-23,256473.161100056,256473.161100056,0.0,0.0,1105,1.7796207336680998
2022-08-24,256473.161100056,254845.42010005604,-1627.7409999999602,-0.006346632891403914,1189,1.910829550693331
2022-08-25,254845.42010005604,252849.3081000561,-1996.1119999999314,-0.007832638307630702,1168,1.9035502159368753
2022-08-26,252849.3081000561,263195.5591000561,10346.251000000035,0.04091864469688744,1081,1.79326344038218
2022-08-29,263195.5591000561,263195.5591000561,0.0,0.0,898,1.3737359619357525
2022-08-30,263195.5591000561,264853.7101000562,1658.1510000000462,0.006300072104824972,891,1.3686205956039075
2022-08-31,264853.7101000562,264853.7101000562,0.0,0.0,996,1.5050138345297888
2022-09-01,264853.7101000562,263991.9751000562,-861.7349999999843,-0.0032536263119532505,1015,1.5062043780398398
2022-09-02,263991.9751000562,264014.27230005636,22.297200000129806,8.446165831998975e-05,1093,1.6579871753031994
2022-09-06,264014.27230005636,260934.13930005635,-3080.132999999998,-0.011666539741076454,1137,1.69319051873766
2022-09-07,260934.13930005635,266667.27030005644,5733.131000000065,0.0219715634580393,1151,1.7230800574967529
2022-09-08,266667.27030005644,266258.4223000565,-408.84799999993373,-0.0015331765294627209,1012,1.5003711097439565
2022-09-09,266258.4223000565,266925.0303000567,666.608000000174,0.0025036128218658416,976,1.4770545458959636
2022-09-12,266925.0303000567,266459.8043000567,-465.2259999999568,-0.0017429088590042996,914,1.4007889389931363
2022-09-13,266459.8043000567,269443.0835000569,2983.279200000138,0.011195982102579105,968,1.4611240559781025
2022-09-14,269443.0835000569,269443.0835000569,0.0,0.0,763,1.117701055781625
2022-09-15,269443.0835000569,269443.0835000569,0.0,0.0,765,1.1166041869792076
2022-09-16,269443.0835000569,268016.53450005694,-1426.5489999999616,-0.00529443540160357,811,1.1566530755873436
2022-09-19,268016.53450005694,268016.53450005694,0.0,0.0,913,1.3027016524159638
2022-09-20,268016.53450005694,266853.366500057,-1163.167999999972,-0.004339911349759307,892,1.282858008767569
2022-09-21,266853.366500057,266853.366500057,0.0,0.0,886,1.2821688485644496
2022-09-22,266853.366500057,265289.94390005706,-1563.4225999999596,-0.00585873290828276,881,1.2440316017417925
2022-09-23,265289.94390005706,264005.80990005715,-1284.1339999999298,-0.004840492561164256,893,1.248293815210642
2022-09-26,264005.80990005715,262665.41590005724,-1340.3939999999166,-0.0050771382664166476,883,1.2261748799954817
2022-09-27,262665.41590005724,262327.4679000573,-337.94799999992154,-0.0012866101874960956,871,1.2216297698893281
2022-09-28,262327.4679000573,266190.6639000574,3863.1960000000563,0.014726616434508788,956,1.3291743710384227
2022-09-29,266190.6639000574,265486.9799000574,-703.68399999995,-0.0026435337351431443,893,1.2309708927489016
2022-09-30,265486.9799000574,263281.30290005746,-2205.676999999994,-0.00830804207735647,943,1.286304035920727
2022-10-03,263281.30290005746,265479.0369000575,2197.734000000074,0.00834747464324992,994,1.3639463925008488
2022-10-04,265479.0369000575,264948.7071000576,-530.3297999998939,-0.0019976334334810275,1001,1.4042811529355306
2022-10-05,264948.7071000576,264948.7071000576,0.0,0.0,831,1.171273405701755
2022-10-06,264948.7071000576,264948.7071000576,0.0,0.0,834,1.1832058553200584
2022-10-07,264948.7071000576,267272.7881000577,2324.081000000048,0.008771814837059688,851,1.1862421352819368
2022-10-10,267272.7881000577,264768.28610005777,-2504.501999999939,-0.00937058358167886,819,1.116381219810803
2022-10-11,264768.28610005777,264768.28610005777,0.0,0.0,828,1.1211758643753873
2022-10-12,264768.28610005777,264768.28610005777,0.0,0.0,847,1.1461905610816339
2022-10-13,264768.28610005777,269699.0171000578,4930.731000000006,0.018622815717954433,871,1.1496530295585696
2022-10-14,269699.0171000578,273058.22390005784,3359.206800000044,0.012455391332604648,786,1.0750454774563714
2022-10-17,273058.22390005784,272070.83590005786,-987.3879999999933,-0.0036160346533322674,772,1.0304122403856728
2022-10-18,272070.83590005786,272070.83590005786,0.0,0.0,702,0.9680460432598442
2022-10-19,272070.83590005786,272070.83590005786,0.0,0.0,729,0.9889033641706055
2022-10-20,272070.83590005786,270627.59590005793,-1443.2399999999536,-0.0053046479429720295,760,1.0288475286095882
2022-10-21,270627.59590005793,272556.109900058,1928.5140000000736,0.007126080374716404,777,1.0490820164991959
2022-10-24,272556.109900058,272556.109900058,0.0,0.0,768,1.0603856007992778
2022-10-25,272556.109900058,272813.2899000582,257.1800000001489,0.0009435855248098868,835,1.1614947864354772
2022-10-26,272813.2899000582,272813.2899000582,0.0,0.0,808,1.130413011871421
2022-10-27,272813.2899000582,272813.2899000582,0.0,0.0,811,1.13981468342883
2022-10-28,272813.2899000582,278718.5739000583,5905.284000000075,0.021645880969227926,924,1.2875607448734667
2022-10-31,278718.5739000583,278718.5739000583,0.0,0.0,897,1.2441976737062859
2022-11-01,278718.5739000583,278718.5739000583,0.0,0.0,886,1.2413360472643835
2022-11-02,278718.5739000583,280689.6839000583,1971.1100000000492,0.007072043934563288,898,1.2378097074770618
2022-11-03,280689.6839000583,277633.0979000584,-3056.5859999999293,-0.010889555887947266,894,1.1840938926032973
2022-11-04,277633.0979000584,277633.0979000584,0.0,0.0,932,1.2657520608764963
2022-11-07,277633.0979000584,277633.0979000584,0.0,0.0,992,1.3499850969310547
2022-11-08,277633.0979000584,275366.98790005845,-2266.109999999926,-0.008162247286581326,990,1.3595674166084968
2022-11-09,275366.98790005845,275793.1339000585,426.1460000000876,0.0015475566016458497,998,1.3778676454045495
2022-11-10,275793.1339000585,278134.8019000586,2341.6680000000715,0.008490668229792275,914,1.287015487928326
2022-11-11,278134.8019000586,277644.8829000586,-489.91899999999873,-0.0017614444386432337,691,0.9835467952720819
2022-11-14,277644.8829000586,277644.8829000586,0.0,0.0,690,0.9866773485340181
2022-11-15,277644.8829000586,277644.8829000586,0.0,0.0,685,0.9905099982751595
2022-11-16,277644.8829000586,277644.8829000586,0.0,0.0,697,0.9964868101782652
2022-11-17,277644.8829000586,277644.8829000586,0.0,0.0,705,0.9927153418107516
2022-11-18,277644.8829000586,277644.8829000586,0.0,0.0,723,1.0369050460985816
2022-11-21,277644.8829000586,277644.8829000586,0.0,0.0,734,1.0440142077488535
2022-11-22,277644.8829000586,277644.8829000586,0.0,0.0,731,1.0447296195212037
2022-11-23,277644.8829000586,276795.7099000586,-849.1730000000022,-0.00305848604566461,787,1.1328562479951054
2022-11-28,276795.7099000586,276853.2199000586,57.510000000025414,0.00020777056125886872,810,1.168476871718772
2022-11-29,276853.2199000586,275059.2629000587,-1793.9569999998748,-0.006479812662635753,781,1.1184046393822067
2022-11-30,275059.2629000587,281063.0159000588,6003.753000000092,0.021827125313651052,779,1.1201167712737845
2022-12-01,281063.0159000588,279416.5259000588,-1646.4899999999682,-0.005858081308660834,710,1.0329859800806744
2022-12-02,279416.5259000588,279416.5259000588,0.0,0.0,770,1.1086782899518763
2022-12-05,279416.5259000588,282903.0719000588,3486.5460000000294,0.01247795200648616,1206,1.744663771458435
2022-12-06,282903.0719000588,286680.92290005885,3777.851000000046,0.01335387054876036,1141,1.6122534450808368
2022-12-07,286680.92290005885,286680.92290005885,0.0,0.0,1137,1.559263185048228
2022-12-08,286680.92290005885,286318.8809000589,-362.04199999995336,-0.0012628744052360918,1153,1.5892647440529573
2022-12-09,286318.8809000589,286318.8809000589,0.0,0.0,1148,1.5840657913600265
2022-12-12,286318.8809000589,288766.718900059,2447.8380000000825,0.00854934188169909,1138,1.567055812204839
2022-12-13,288766.718900059,288766.718900059,0.0,0.0,1059,1.5048126659140657
2022-12-14,288766.718900059,283755.43790005904,-5011.280999999949,-0.017354080896470392,1077,1.4980592023622956
2022-12-15,283755.43790005904,284817.3429000591,1061.9050000000825,0.0037423247563421747,1105,1.5356906090181097
2022-12-16,284817.3429000591,284510.26990005915,-307.07299999997247,-0.0010781401050697914,1027,1.3891644889228723
2022-12-19,284510.26990005915,284418.68890005915,-91.58099999999345,-0.0003218899621169058,1029,1.3875977372942587
2022-12-20,284418.68890005915,284418.68890005915,0.0,0.0,1033,1.377983946781423
2022-12-21,284418.68890005915,282250.91230005934,-2167.776599999802,-0.007621779737412182,1353,1.8242907872129048
2022-12-22,282250.91230005934,285975.9140000594,3725.0017000000685,0.013197483294721923,1213,1.6466351202476048
2022-12-23,285975.9140000594,285975.9140000594,0.0,0.0,1212,1.6090120206028138
2022-12-27,285975.9140000594,283642.9990000595,-2332.914999999936,-0.00815773247253071,1235,1.653971866761089
2022-12-28,283642.9990000595,285586.5930000596,1943.5940000000746,0.006852254442563099,1277,1.7170359563794038
2022-12-29,285586.5930000596,287827.0910000596,2240.4980000000137,0.00784524923408969,1258,1.672928841370441
2022-12-30,287827.0910000596,287827.0910000596,0.0,0.0,1171,1.5489100414841064
2023-01-03,287827.0910000596,288423.42800005974,596.3370000001004,0.0020718584825636377,1167,1.5589474373137664
2023-01-04,288423.42800005974,288423.42800005974,0.0,0.0,1259,1.673283260811689
2023-01-05,288423.42800005974,288406.99600005976,-16.43199999995805,-5.69717935672287e-05,1264,1.6733421532694732
2023-01-06,288406.99600005976,290922.95230005984,2515.956300000053,0.008723631308859003,1243,1.6495905450194177
2023-01-09,290922.95230005984,291033.28810005996,110.33580000009957,0.0003792612412591989,1198,1.6078063856797729
2023-01-10,291033.28810005996,291033.28810005996,0.0,0.0,1300,1.7310456576954214
2023-01-11,291033.28810005996,291033.28810005996,0.0,0.0,1311,1.7674251930662934
2023-01-12,291033.28810005996,288264.74710006005,-2768.540999999938,-0.009512798408985002,1259,1.716751262758658
2023-01-13,288264.74710006005,288264.74710006005,0.0,0.0,1317,1.7986069862519054
2023-01-17,288264.74710006005,288264.74710006005,0.0,0.0,1432,1.9803043509793299
2023-01-18,288264.74710006005,293680.1781000601,5415.431000000058,0.018786310343110735,1421,1.968079845549145
2023-01-19,293680.1781000601,293680.1781000601,0.0,0.0,1348,1.788010670241008
2023-01-20,293680.1781000601,296213.3541000601,2533.176000000031,0.008625628111465389,1398,1.8581688876908669
2023-01-23,296213.3541000601,299539.5021000603,3326.14800000014,0.011228892802978008,1379,1.8469334541194307
2023-01-24,299539.5021000603,299539.5021000603,0.0,0.0,1362,1.8141248512406416
2023-01-25,299539.5021000603,298929.7311000604,-609.7709999998648,-0.002035694777232422,1389,1.8364960434333377
2023-01-26,298929.7311000604,298929.7311000604,0.0,0.0,1366,1.8424973025726852
2023-01-27,298929.7311000604,296083.3041000605,-2846.4269999999146,-0.009522060550902989,1453,1.9627288354433983
2023-01-30,296083.3041000605,296083.3041000605,0.0,0.0,1677,2.2817964367909247
2023-01-31,296083.3041000605,297668.89940006053,1585.595300000051,0.005355233740110599,1523,2.064046249524196
2023-02-01,297668.89940006053,299983.9454000606,2315.046000000088,0.007777251854882872,1446,1.9684600981576879
2023-02-02,299983.9454000606,296242.82540006086,-3741.119999999759,-0.012471067393325264,1440,1.9918304374843656
2023-02-03,296242.82540006086,296242.82540006086,0.0,0.0,1367,1.8995569218239452
2023-02-06,296242.82540006086,296242.82540006086,0.0,0.0,1292,1.7881919809504105
2023-02-07,296242.82540006086,292471.3754000611,-3771.4499999998043,-0.012730941230075787,1275,1.7601891680869972
2023-02-08,292471.3754000611,291225.2114000612,-1246.1639999998927,-0.004260806714145193,1356,1.9165836771756262
2023-02-09,291225.2114000612,290569.80240006134,-655.4089999998945,-0.002250522874887806,1303,1.855538312474137
2023-02-10,290569.80240006134,290569.80240006134,0.0,0.0,1375,1.9209538679770284
2023-02-13,290569.80240006134,294107.0224000614,3537.220000000067,0.012173391628390817,1420,1.9976357843541555
2023-02-14,294107.0224000614,292810.26340006146,-1296.758999999944,-0.004409139875062307,1381,1.9318884533549496
2023-02-15,292810.26340006146,292810.26340006146,0.0,0.0,1376,1.9293488738780313
2023-02-16,292810.26340006146,292810.26340006146,0.0,0.0,1422,1.985617332055687
2023-02-17,292810.26340006146,291285.5404000615,-1524.7229999999192,-0.005207204769037577,1327,1.8404125113519954
2023-02-21,291285.5404000615,294917.00740006164,3631.467000000111,0.012467034906753494,1407,1.9479537167144565
2023-02-22,294917.00740006164,294917.00740006164,0.0,0.0,1349,1.828587708881124
2023-02-23,294917.00740006164,293320.74280006177,-1596.2645999998947,-0.005412589168974247,1414,1.9253850933010035
2023-02-24,293320.74280006177,293603.6458000618,282.9030000000704,0.0009644834432758209,1563,2.1070337499775045
2023-02-27,293603.6458000618,293603.6458000618,0.0,0.0,1546,2.1066442849254714
2023-02-28,293603.6458000618,293603.6458000618,0.0,0.0,1543,2.0875984372275815
2023-03-01,293603.6458000618,293603.6458000618,0.0,0.0,1735,2.337675685056771
2023-03-02,293603.6458000618,293970.263800062,366.61800000017735,0.0012486834044624917,1806,2.41675074464947
2023-03-03,293970.263800062,298145.7918000622,4175.5280000001585,0.014203912824461984,1724,2.3445626084438334
2023-03-06,298145.7918000622,297754.9218000624,-390.86999999978434,-0.00131100290780517,1515,2.058612557243747
2023-03-07,297754.9218000624,303314.0468000625,5559.125000000088,0.01867013638731052,1625,2.2073192902145675
2023-03-08,303314.0468000625,303314.0468000625,0.0,0.0,1556,2.044887436178486
2023-03-09,303314.0468000625,309857.75880006276,6543.712000000205,0.02157404864375989,1561,2.0576133183139778
2023-03-10,309857.75880006276,311343.97980006295,1486.221000000182,0.00479646211137541,1553,1.9605222048573014
2023-03-13,311343.97980006295,309755.8398000631,-1588.1399999998275,-0.005100917644271452,1530,1.876927878436179
2023-03-14,309755.8398000631,308922.7278000632,-833.1119999999294,-0.0026895764113362697,1653,2.0846987877053134
2023-03-15,308922.7278000632,308922.7278000632,0.0,0.0,1472,1.8396778917370293
2023-03-16,308922.7278000632,315489.4698000633,6566.742000000067,0.021256907987197815,1482,1.8559138730325542
2023-03-17,315489.4698000633,313582.45620006335,-1907.013599999923,-0.006044618862266593,1384,1.725611503408289
2023-03-20,313582.45620006335,313675.8212000634,93.36500000004126,0.00029773668186483526,1315,1.6396367673679018
2023-03-21,313675.8212000634,313675.8212000634,0.0,0.0,1265,1.6027700934862066
2023-03-22,313675.8212000634,313675.8212000634,0.0,0.0,1215,1.544675063444107
2023-03-23,313675.8212000634,313758.6782000634,82.85700000003662,0.0002641485074719174,1167,1.4710568188082527
2023-03-24,313758.6782000634,313758.6782000634,0.0,0.0,1255,1.5676278560795398
2023-03-27,313758.6782000634,313758.6782000634,0.0,0.0,1217,1.544721672248314
2023-03-28,313758.6782000634,313758.6782000634,0.0,0.0,1285,1.62161396620781
2023-03-29,313758.6782000634,313758.6782000634,0.0,0.0,1272,1.6222336410988671
2023-03-30,313758.6782000634,313758.6782000634,0.0,0.0,1318,1.698547069293305
2023-03-31,313758.6782000634,317184.02220006357,3425.3440000001715,0.01091712911225362,1432,1.8474907111555154
2023-04-03,317184.02220006357,315562.5812000637,-1621.4409999999018,-0.0051119882671049055,1399,1.8042951414259316
2023-04-04,315562.5812000637,315804.6092000638,242.02800000008554,0.0007669730646759909,1458,1.9024521867279194
2023-04-05,315804.6092000638,315804.6092000638,0.0,0.0,1478,1.9091576823064502
2023-04-06,315804.6092000638,313917.673200064,-1886.9359999998076,-0.005975010956234761,1583,2.0395769516195488
2023-04-10,313917.673200064,313917.673200064,0.0,0.0,1819,2.3561330523778947
2023-04-11,313917.673200064,313917.673200064,0.0,0.0,1833,2.396152420929005
2023-04-12,313917.673200064,312964.12320006406,-953.5499999999432,-0.003037579854232142,1950,2.5593849816005054
2023-04-13,312964.12320006406,318477.5472000642,5513.424000000137,0.017616792441335516,2562,3.3503186446536564
2023-04-14,318477.5472000642,310442.69120006444,-8034.855999999757,-0.025228955920563956,2348,3.0440616945589514
2023-04-17,310442.69120006444,310442.69120006444,0.0,0.0,2250,2.989975525932745
2023-04-18,310442.69120006444,310442.69120006444,0.0,0.0,2235,2.9931524207296407
2023-04-19,310442.69120006444,310442.69120006444,0.0,0.0,2295,3.0485047917158608
2023-04-20,310442.69120006444,310442.69120006444,0.0,0.0,2616,3.4653939798726094
2023-04-21,310442.69120006444,307636.0632000645,-2806.6279999999047,-0.009040728223139838,2497,3.3159775373203337
2023-04-24,307636.0632000645,307636.0632000645,0.0,0.0,2986,4.0
2023-04-25,307636.0632000645,315793.89720006485,8157.834000000312,0.026517807812067362,2997,4.0
2023-04-26,315793.89720006485,313591.6572000651,-2202.239999999777,-0.006973662314330831,2480,3.1942524507360535
2023-04-27,313591.6572000651,321160.3092000652,7568.652000000093,0.024135374223847705,2436,3.1626340777817736
2023-04-28,321160.3092000652,322477.26120006543,1316.9520000002285,0.0041006063398072445,1876,2.4046610436716898
2023-05-01,322477.26120006543,322477.26120006543,0.0,0.0,1807,2.3290919979251075
2023-05-02,322477.26120006543,329403.49220006564,6926.231000000178,0.021478199654217267,1807,2.325150123903765
2023-05-03,329403.49220006564,328019.5862000658,-1383.9059999998692,-0.00420124872009342,1754,2.191329306805123
2023-05-04,328019.5862000658,328341.9212000659,322.335000000102,0.0009826699793575866,1885,2.338702002523321
2023-05-05,328341.9212000659,332921.84720006597,4579.926000000104,0.013948648357970272,1846,2.29971257404792
2023-05-08,332921.84720006597,332921.84720006597,0.0,0.0,1594,1.9778870797680066
2023-05-09,332921.84720006597,332921.84720006597,0.0,0.0,1601,1.9781542758178199
2023-05-10,332921.84720006597,332921.84720006597,0.0,0.0,1581,1.965984178494742
2023-05-11,332921.84720006597,331999.5002000661,-922.3469999999137,-0.0027704610188757917,1593,1.9722148575472813
2023-05-12,331999.5002000661,329914.4242000662,-2085.0759999998686,-0.006280358852177148,1582,1.9704135656515536
2023-05-15,329914.4242000662,329914.4242000662,0.0,0.0,1576,1.9701321445206013
2023-05-16,329914.4242000662,329914.4242000662,0.0,0.0,1756,2.193195764922674
2023-05-17,329914.4242000662,331247.4832000662,1333.0590000000345,0.004040620543440232,1729,2.1618496505213773
2023-05-18,331247.4832000662,334050.73120006645,2803.2480000002543,0.008462699770332094,1944,2.4352989676277734
2023-05-19,334050.73120006645,334050.73120006645,0.0,0.0,1915,2.409035888622722
2023-05-22,334050.73120006645,334050.73120006645,0.0,0.0,1920,2.4065391018556883
2023-05-23,334050.73120006645,334580.0902000666,529.3590000002004,0.0015846664909202612,2109,2.633780231017935
2023-05-24,334580.0902000666,329389.616200067,-5190.47399999964,-0.015513397694692288,2022,2.4935581343835356
2023-05-25,329389.616200067,329389.616200067,0.0,0.0,1974,2.4855017613060166
2023-05-26,329389.616200067,336368.4952000671,6978.879000000154,0.02118730723970752,2349,2.9619692801988258
2023-05-30,336368.4952000671,336368.4952000671,0.0,0.0,2114,2.6532200570391264
2023-05-31,336368.4952000671,335977.7382000672,-390.7569999999315,-0.0011616932191211848,2183,2.7154543903687545
2023-06-01,335977.7382000672,341129.6262000673,5151.888000000115,0.015334015960701164,2128,2.648511764884212
2023-06-02,341129.6262000673,343311.7282000675,2182.1020000001895,0.006396694489151145,2047,2.547727437882784
2023-06-06,343311.7282000675,343311.7282000675,0.0,0.0,1895,2.3551595573881614
2023-06-07,343311.7282000675,341573.68420006754,-1738.0439999999494,-0.005062582653707293,1881,2.348587303177961
2023-06-08,341573.68420006754,339994.4232000678,-1579.260999999765,-0.004623485570026342,1933,2.4152426550043455
2023-06-09,339994.4232000678,340316.4232000679,322.0000000001264,0.000947074357777522,2000,2.529895647731872
2023-06-12,340316.4232000679,341437.375200068,1120.9520000001216,0.003293852202193248,2072,2.6241543306474346
2023-06-13,341437.375200068,341437.375200068,0.0,0.0,2013,2.567464816107148
2023-06-14,341437.375200068,336865.3326000682,-4572.042599999816,-0.013390574471587313,1994,2.5531618898734725
2023-06-15,336865.3326000682,345753.1486000683,8887.816000000097,0.026383884418738512,2296,2.973996168716454
2023-06-16,345753.1486000683,343414.3966000687,-2338.7519999995666,-0.006764224735100854,2496,3.198773477549186
2023-06-20,343414.3966000687,342046.5826000689,-1367.8139999998173,-0.003982983863057843,2246,2.861630545702779
2023-06-21,342046.5826000689,341753.752600069,-292.82999999990295,-0.0008561114622867017,2270,2.8950795889122807
2023-06-22,341753.752600069,341753.752600069,0.0,0.0,2179,2.7679768790334394
2023-06-23,341753.752600069,341753.752600069,0.0,0.0,2306,2.9220429633128666
2023-06-26,341753.752600069,341114.77360006917,-638.9789999998351,-0.0018697058778095466,2211,2.7990546265563725
2023-06-27,341114.77360006917,346875.16160006926,5760.388000000113,0.01688694963048909,2498,3.1667853931473506
2023-06-28,346875.16160006926,346875.16160006926,0.0,0.0,2315,2.9036687948067526
2023-06-29,346875.16160006926,346059.26520006964,-815.8963999996304,-0.002352132669967033,2354,2.958805148190404
2023-06-30,346059.26520006964,347470.35320006986,1411.0880000002323,0.004077590580285229,2344,2.9912871973329467
2023-07-05,347470.35320006986,347470.35320006986,0.0,0.0,2172,2.762960218710364
2023-07-06,347470.35320006986,348343.4852000699,873.1320000000659,0.0025128244523850984,2262,2.8616131008250374
2023-07-07,348343.4852000699,346000.23720007,-2343.2479999999014,-0.006726831703638969,2192,2.7605746638189625
2023-07-10,346000.23720007,346000.23720007,0.0,0.0,2166,2.7439430506384452
2023-07-11,346000.23720007,346000.23720007,0.0,0.0,2434,3.0985855537855658
2023-07-12,346000.23720007,346000.23720007,0.0,0.0,2426,3.1303152712719697
2023-07-13,346000.23720007,346587.6852000701,587.4480000001021,0.001697825425652555,2388,3.0920572189850675
2023-07-14,346587.6852000701,346587.6852000701,0.0,0.0,2413,3.137482470347855
2023-07-17,346587.6852000701,345997.72520007036,-589.959999999701,-0.0017021955054726812,2408,3.1210446249708235
2023-07-18,345997.72520007036,351111.4272000705,5113.702000000144,0.014779582718479567,2662,3.4660278998227048
2023-07-19,351111.4272000705,350498.4462000707,-612.9809999998103,-0.0017458303903350458,2799,3.627569478398565
2023-07-20,350498.4462000707,350275.11420007085,-223.3319999998504,-0.0006371839944545599,3018,3.9106881770978634
2023-07-21,350275.11420007085,350275.11420007085,0.0,0.0,2710,3.5134697248569102
2023-07-24,350275.11420007085,349847.8822000713,-427.23199999955364,-0.0012197041202176573,2704,3.5005656311920554
2023-07-25,349847.8822000713,349896.60220007156,48.720000000247865,0.00013926052572865721,3045,3.9513501213538347
2023-07-26,349896.60220007156,349896.60220007156,0.0,0.0,3063,3.979243493467816
2023-07-27,349896.60220007156,354305.45620007167,4408.854000000096,0.012600448167482181,3049,4.0
2023-07-28,354305.45620007167,352288.36420007166,-2017.0919999999874,-0.005693087601961633,3108,4.0
2023-07-31,352288.36420007166,352288.36420007166,0.0,0.0,3009,3.9069457002497097
2023-08-01,352288.36420007166,352288.36420007166,0.0,0.0,3080,3.9901038796985047
2023-08-02,352288.36420007166,357948.03220007196,5659.668000000273,0.016065441198580332,3108,4.0
2023-08-03,357948.03220007196,357948.03220007196,0.0,0.0,2617,3.2760086242634783
2023-08-04,357948.03220007196,355757.61220007215,-2190.419999999813,-0.00611937991818734,2580,3.2487150503933235
2023-08-07,355757.61220007215,352848.0682000722,-2909.5439999999267,-0.008178444818107367,2568,3.239209790014804
2023-08-08,352848.0682000722,352267.1992000724,-580.8689999998435,-0.0016462297865563746,2493,3.1665073089217284
2023-08-09,352267.1992000724,349725.9832000725,-2541.2159999998844,-0.007213887656217999,2472,3.152241068902282
2023-08-10,349725.9832000725,345581.17720007256,-4144.8059999999,-0.011851581521264198,2454,3.1454123122467417
2023-08-11,345581.17720007256,345581.17720007256,0.0,0.0,2446,3.1426678692290992
2023-08-14,345581.17720007256,343131.1632000727,-2450.013999999865,-0.007089547005569186,2518,3.240493441136258
2023-08-15,343131.1632000727,348229.5312000731,5098.368000000354,0.014858364808525426,2414,3.140543830174179
2023-08-16,348229.5312000731,349368.80520007317,1139.274000000087,0.0032716179930918354,2274,2.8895018017314933
2023-08-17,349368.80520007317,351450.8732000733,2082.0680000001335,0.005959513182087983,2273,2.870426802248155
2023-08-18,351450.8732000733,351450.8732000733,0.0,0.0,2611,3.2207928458741892
2023-08-21,351450.8732000733,346001.8142000733,-5449.059000000007,-0.015504468520406767,2621,3.2643236179103465
2023-08-22,346001.8142000733,346001.8142000733,0.0,0.0,2346,2.9917011208416375
2023-08-23,346001.8142000733,352953.4672000735,6951.653000000188,0.020091377312780212,2683,3.407121935190375
2023-08-24,352953.4672000735,362738.5392000736,9785.072000000073,0.027723405234190146,2332,2.938277281441246
2023-08-25,362738.5392000736,362738.5392000736,0.0,0.0,2183,2.6410296592536833
2023-08-28,362738.5392000736,362738.5392000736,0.0,0.0,2217,2.703314404695658
2023-08-29,362738.5392000736,374136.1212000736,11397.582000000066,0.03142092931491236,2142,2.6149120229215486
2023-08-30,374136.1212000736,370288.6452000737,-3847.4759999998846,-0.010283626150981662,1964,2.3598126818902467
2023-08-31,370288.6452000737,370288.6452000737,0.0,0.0,1922,2.345356138751695
2023-09-01,370288.6452000737,370288.6452000737,0.0,0.0,1913,2.341465439228335
2023-09-05,370288.6452000737,369687.0222000738,-601.6229999999301,-0.0016247406119483943,1947,2.370104775372758
2023-09-06,369687.0222000738,370004.12220007397,317.10000000015185,0.0008577525878865622,2100,2.547507024030145
2023-09-07,370004.12220007397,370004.12220007397,0.0,0.0,2141,2.564939688455594
2023-09-08,370004.12220007397,367875.1422000741,-2128.9799999998695,-0.005753935894932116,2220,2.6704577771664124
2023-09-11,367875.1422000741,367875.1422000741,0.0,0.0,2193,2.6722756054056966
2023-09-12,367875.1422000741,367875.1422000741,0.0,0.0,2198,2.670995071331276
2023-09-13,367875.1422000741,367875.1422000741,0.0,0.0,2156,2.6154201979314515
2023-09-14,367875.1422000741,367875.1422000741,0.0,0.0,2304,2.812728340049988
2023-09-15,367875.1422000741,375157.03820007417,7281.8960000000725,0.019794476888138623,2696,3.277401162718409
2023-09-18,375157.03820007417,375157.03820007417,0.0,0.0,2233,2.6382779970614747
2023-09-19,375157.03820007417,376327.2282000742,1170.1900000000667,0.0031192004436713106,2290,2.702223321763128
2023-09-20,376327.2282000742,382638.93320007436,6311.705000000162,0.016771853129491143,2755,3.2505450676801644
2023-09-21,382638.93320007436,386642.7822000744,4003.8490000000356,0.010463778388976719,2767,3.151469020313431
2023-09-22,386642.7822000744,384318.57820007455,-2324.2039999998474,-0.006011243729353133,2411,2.6977608359284413
2023-09-25,384318.57820007455,382326.82020007476,-1991.7579999997715,-0.005182570172194256,2462,2.7501156664842816
2023-09-26,382326.82020007476,384200.6792000751,1873.8590000003187,0.004901196832123311,2363,2.6520701413858214
2023-09-27,384200.6792000751,380462.0212000752,-3738.6579999999008,-0.009731003099171853,2207,2.4540824544323376
2023-09-28,380462.0212000752,382251.5152000752,1789.4940000000274,0.004703476037780208,2177,2.435682995854344
2023-09-29,382251.5152000752,377973.2032000754,-4278.311999999825,-0.011192400369585132,2088,2.359095905223658
2023-10-02,377973.2032000754,376146.08720007556,-1827.1159999998808,-0.0048339828975461074,2204,2.4885133669102055
2023-10-03,376146.08720007556,377992.9232000756,1846.836000000029,0.004909890233731673,2196,2.48241641585761
2023-10-04,377992.9232000756,377743.4792000758,-249.4439999997653,-0.0006599171166697948,2132,2.3811467863091806
2023-10-05,377743.4792000758,378275.33120007586,531.8520000000924,0.001407971359628446,2162,2.4288496104286015
2023-10-06,378275.33120007586,379771.43220007594,1496.10100000008,0.003955058330802785,2371,2.645685712562994
2023-10-09,379771.43220007594,380023.59620007605,252.1640000000891,0.0006639888591388754,2084,2.347193994928763
2023-10-10,380023.59620007605,383582.1145000762,3558.518300000166,0.009363940385761493,1987,2.2645402095735414
2023-10-11,383582.1145000762,383582.1145000762,0.0,0.0,2023,2.2976600936896405
2023-10-12,383582.1145000762,381749.8945000765,-1832.219999999747,-0.00477660435859395,2340,2.6663993708881053
2023-10-13,381749.8945000765,378965.69850007666,-2784.195999999845,-0.007293246285361432,2284,2.604545988500689
2023-10-16,378965.69850007666,379035.7275000767,70.02900000002465,0.00018478981152436624,2259,2.586300100873396
2023-10-17,379035.7275000767,379035.7275000767,0.0,0.0,2526,2.8850433031585703
2023-10-18,379035.7275000767,379566.8145000769,531.0870000001877,0.0014011528768091974,2517,2.883362064767113
2023-10-19,379566.8145000769,380707.87750007695,1141.063000000065,0.0030062243494679564,2233,2.5355915338394714
2023-10-20,380707.87750007695,385421.1175000773,4713.240000000324,0.01238020087987124,2170,2.428496490151899
2023-10-23,385421.1175000773,382205.39350007736,-3215.7239999999447,-0.008343403757577694,2076,2.260285220379695
2023-10-24,382205.39350007736,382964.80050007754,759.4070000001559,0.0019869081203849337,2227,2.4627777592076368
2023-10-25,382964.80050007754,386602.5285000777,3637.72800000016,0.009498857323832377,2229,2.4556597263712336
2023-10-26,386602.5285000777,385220.43650007795,-1382.0919999997573,-0.0035749688584860717,2069,2.229766510414441
2023-10-27,385220.43650007795,383952.57250007807,-1267.8639999998725,-0.0032912687901999194,2171,2.335282438089743
2023-10-30,383952.57250007807,378088.7055000783,-5863.8669999998,-0.015272373256461469,2279,2.455411170156141
2023-10-31,378088.7055000783,378088.7055000783,0.0,0.0,2050,2.256804829059502
2023-11-01,378088.7055000783,376272.7055000784,-1815.9999999998972,-0.004803105656377538,2000,2.2178712759139723
2023-11-02,376272.7055000784,380861.88950007845,4589.184000000045,0.012196430761303612,1824,2.068685715032928
2023-11-03,380861.88950007845,379463.03750007873,-1398.8519999997138,-0.003672858951143332,1586,1.8039108379513245
2023-11-06,379463.03750007873,379463.03750007873,0.0,0.0,1583,1.8177773355557831
2023-11-07,379463.03750007873,379243.4175000788,-219.6199999999181,-0.0005787651979144437,1580,1.8146544657486714
2023-11-08,379243.4175000788,379243.4175000788,0.0,0.0,1676,1.9345808757383705
2023-11-09,379243.4175000788,380829.4685000789,1586.0510000001102,0.004182145099459245,1741,2.0135691645598626
2023-11-10,380829.4685000789,384141.507500079,3312.039000000091,0.008696908390636748,1839,2.1061506864404325
2023-11-13,384141.507500079,384141.507500079,0.0,0.0,1740,1.989758660701769
2023-11-14,384141.507500079,382328.0955000792,-1813.411999999767,-0.0047206874669730725,1714,1.9925978905087252
2023-11-15,382328.0955000792,382328.0955000792,0.0,0.0,1757,2.0690720724257177
2023-11-16,382328.0955000792,382328.0955000792,0.0,0.0,2029,2.384906551070372
2023-11-17,382328.0955000792,382328.0955000792,0.0,0.0,2136,2.5161154298683464
2023-11-20,382328.0955000792,386755.5335000793,4427.4380000000765,0.011580205724115222,2143,2.526102794084244
2023-11-21,386755.5335000793,386755.5335000793,0.0,0.0,2151,2.5215789694433224
2023-11-22,386755.5335000793,386755.5335000793,0.0,0.0,2103,2.4749907026654925
2023-11-27,386755.5335000793,386755.5335000793,0.0,0.0,2429,2.8562489992044084
2023-11-28,386755.5335000793,385117.8215000795,-1637.7119999998063,-0.0042344888647843915,2448,2.874234860750642
2023-11-29,385117.8215000795,381140.4335000796,-3977.387999999853,-0.010327717332081598,2412,2.8638123892361196
2023-11-30,381140.4335000796,379838.20550007967,-1302.2279999999364,-0.0034166619060627124,2372,2.835635222539059
2023-12-01,379838.20550007967,383551.1915000799,3712.9860000002195,0.009775177815806613,2371,2.845309713645677
2023-12-04,383551.1915000799,382865.66330008,-685.5281999998882,-0.0017873186557412213,2654,3.1532677630680084
2023-12-05,382865.66330008,382865.66330008,0.0,0.0,2870,3.4134637956131733
2023-12-06,382865.66330008,383641.5363000802,775.87300000022,0.0020264888559413663,2863,3.4312201517177945
2023-12-07,383641.5363000802,379991.3903000805,-3650.145999999722,-0.009514470292248611,3358,4.0
2023-12-08,379991.3903000805,378345.3393000807,-1646.0509999997535,-0.004331811304197797,3322,4.0
2023-12-11,378345.3393000807,378562.61130008084,217.27200000011825,0.0005742690009133966,3292,4.0
2023-12-12,378562.61130008084,380468.2913000811,1905.6800000002595,0.005033988944274537,3280,4.0
2023-12-13,380468.2913000811,390234.0473000813,9765.756000000183,0.025667726386948253,3276,4.0
2023-12-14,390234.0473000813,390234.0473000813,0.0,0.0,3303,4.0
2023-12-15,390234.0473000813,390234.0473000813,0.0,0.0,3324,4.0
2023-12-18,390234.0473000813,390174.17830008146,-59.86899999982232,-0.00015341818689074138,3151,3.803635231089908
2023-12-19,390174.17830008146,391983.61630008183,1809.4380000003648,0.004637513450745923,3109,3.7658168968540027
2023-12-20,391983.61630008183,399833.00230008195,7849.386000000091,0.020024780816326304,3126,3.7799635232248248
2023-12-21,399833.00230008195,399833.00230008195,0.0,0.0,2403,2.8326595095882663
2023-12-22,399833.00230008195,398049.706300082,-1783.2959999999905,-0.004460102066966343,2304,2.731000802166634
2023-12-26,398049.706300082,396523.6103000822,-1526.0959999997845,-0.0038339332396072345,2392,2.8496397109065175
2023-12-27,396523.6103000822,396523.6103000822,0.0,0.0,2389,2.865074262768389
2023-12-28,396523.6103000822,396523.6103000822,0.0,0.0,2484,2.9881137977853087
2023-12-29,396523.6103000822,397506.97530008224,983.3650000000617,0.0024799658190741702,2515,3.02329141389546
2024-01-02,397506.97530008224,397506.97530008224,0.0,0.0,2488,2.9552632025752024
2024-01-03,397506.97530008224,397297.0073000825,-209.96799999975804,-0.0005282121146207297,2386,2.8240903843341716
2024-01-04,397297.0073000825,396933.6737000825,-363.3335999999315,-0.0009145138103834327,2268,2.673905681728904
2024-01-05,396933.6737000825,395824.72570008284,-1108.947999999673,-0.0027937866537309786,2591,3.0518189643131324
2024-01-08,395824.72570008284,408378.6097000829,12553.884000000082,0.031715765046754996,2604,3.0816581143526003
2024-01-09,408378.6097000829,408378.6097000829,0.0,0.0,2340,2.704064803781754
2024-01-10,408378.6097000829,408882.35470008326,503.74500000035687,0.0012335244501917586,2365,2.746124596578169
2024-01-11,408882.35470008326,409403.0307000834,520.6760000001543,0.0012734127408899898,2356,2.7521955470237622
2024-01-12,409403.0307000834,409403.0307000834,0.0,0.0,2891,3.3742983263724433
2024-01-16,409403.0307000834,400676.02670008386,-8727.003999999537,-0.02131641279029195,3212,3.7286709474993
2024-01-17,400676.02670008386,400676.02670008386,0.0,0.0,3110,3.6628967014570053
2024-01-18,400676.02670008386,403210.5767000839,2534.550000000068,0.006325684171509582,3050,3.608536220829252
2024-01-19,403210.5767000839,411651.9117000841,8441.335000000188,0.020935301521812555,2785,3.3002982158000576
2024-01-22,411651.9117000841,410057.5644000842,-1594.3472999999121,-0.003873047238904803,2457,2.889106936806901
2024-01-23,410057.5644000842,410057.5644000842,0.0,0.0,2474,2.92049808500223
2024-01-24,410057.5644000842,410057.5644000842,0.0,0.0,2567,3.054050577624491
2024-01-25,410057.5644000842,410057.5644000842,0.0,0.0,2853,3.393166941882802
2024-01-26,410057.5644000842,410057.5644000842,0.0,0.0,2945,3.5026056942867614
2024-01-29,410057.5644000842,410957.9094000843,900.3450000001172,0.002195655142509745,2895,3.4440961118885913
2024-01-30,410957.9094000843,410957.9094000843,0.0,0.0,3304,3.944357959299649
2024-01-31,410957.9094000843,422698.5254000845,11740.616000000226,0.028568901416544445,3343,3.9752128816985195
2024-02-01,422698.5254000845,426184.0404000848,3485.515000000286,0.008245865056428325,2495,2.8607484929689666
2024-02-02,426184.0404000848,434865.08640008484,8681.046000000051,0.020369242339179694,2266,2.604408583682157
2024-02-05,434865.08640008484,433212.7924000849,-1652.2939999999157,-0.003799555429197632,2206,2.5052284329806436
2024-02-06,433212.7924000849,433212.7924000849,0.0,0.0,2202,2.5085524485022805
2024-02-07,433212.7924000849,431386.76840008533,-1826.0239999995451,-0.004215074051444834,2294,2.6280498820633276
2024-02-08,431386.76840008533,431386.76840008533,0.0,0.0,2285,2.639342494509644
2024-02-09,431386.76840008533,433755.0504000857,2368.2820000003453,0.0054899273076542965,2434,2.815404320218387
2024-02-12,433755.0504000857,431773.8894000858,-1981.1609999998911,-0.004567464974004398,2419,2.79500354766431
2024-02-13,431773.8894000858,424191.61740008614,-7582.271999999666,-0.01756074692366083,2424,2.7771399024515695
2024-02-14,424191.61740008614,420562.45740008616,-3629.1599999999826,-0.00855547316621541,2040,2.3892985142099725
2024-02-15,420562.45740008616,420674.6334000863,112.17600000016387,0.0002667285156492394,1968,2.336537167034968
2024-02-16,420674.6334000863,418168.8174000863,-2505.8159999999657,-0.005956660566259542,1944,2.3188513195703524
2024-02-20,418168.8174000863,415589.8414000865,-2578.975999999821,-0.006167308256111337,1942,2.3116514301654765
2024-02-21,415589.8414000865,415589.8414000865,0.0,0.0,1900,2.266065728519077
2024-02-22,415589.8414000865,418201.93940008676,2612.0980000003137,0.006285278752724999,2246,2.7240551707984313
2024-02-23,418201.93940008676,418201.93940008676,0.0,0.0,1944,2.3681420419517125
2024-02-26,418201.93940008676,418201.93940008676,0.0,0.0,2015,2.449835656206618
2024-02-27,418201.93940008676,418201.93940008676,0.0,0.0,2019,2.446988095946279
2024-02-28,418201.93940008676,418201.93940008676,0.0,0.0,2026,2.4481111845655046
2024-02-29,418201.93940008676,418201.93940008676,0.0,0.0,2059,2.5020732186010357
2024-03-01,418201.93940008676,423254.7734000869,5052.8340000001435,0.012082282562458913,2049,2.4947625812377208
2024-03-04,423254.7734000869,423254.7734000869,0.0,0.0,2005,2.4266773341941597
2024-03-05,423254.7734000869,425768.0324000871,2513.259000000191,0.005937934213501528,2009,2.42213854043196
2024-03-06,425768.0324000871,425768.0324000871,0.0,0.0,2141,2.568044331935926
2024-03-07,425768.0324000871,426483.83540008764,715.8030000005157,0.0016812041899094687,2189,2.6386098002419898
2024-03-08,426483.83540008764,418469.0414000878,-8014.79399999982,-0.018792726323334397,2122,2.565599172006226
2024-03-11,418469.0414000878,416036.352400088,-2432.6889999998352,-0.005813306981708122,2081,2.5390944552673393
2024-03-12,416036.352400088,417163.66040008806,1127.3080000001041,0.0027096382167008937,2119,2.616117978353006
2024-03-13,417163.66040008806,416458.3314000883,-705.328999999739,-0.0016907728715470638,2021,2.5059594230458453
2024-03-14,416458.3314000883,410278.96740008896,-6179.3639999993575,-0.014837892615150672,2634,3.270916218909999
2024-03-15,410278.96740008896,408016.0914000892,-2262.8759999997646,-0.0055154569934194875,2604,3.239539278622823
2024-03-18,408016.0914000892,407901.1374000894,-114.9539999998037,-0.0002817388883005201,2346,2.956139954566274
2024-03-19,407901.1374000894,407535.4374000896,-365.69999999983895,-0.0008965407704689676,2300,2.887873595873865
2024-03-20,407535.4374000896,413738.94240008964,6203.5050000000865,0.015222001403303542,2255,2.855020063805346
2024-03-21,413738.94240008964,413738.94240008964,0.0,0.0,2170,2.7456144250592427
2024-03-22,413738.94240008964,412249.13040008955,-1489.8120000001097,-0.003600850312416193,2278,2.8758161435484437
2024-03-25,412249.13040008955,412249.13040008955,0.0,0.0,2276,2.8702424061395737
2024-03-26,412249.13040008955,412249.13040008955,0.0,0.0,2505,3.168110272184705
2024-03-27,412249.13040008955,412249.13040008955,0.0,0.0,2503,3.1676954753124495
2024-03-28,412249.13040008955,412249.13040008955,0.0,0.0,2546,3.2315604420890454
2024-04-01,412249.13040008955,412789.6194000898,540.489000000225,0.0013110737176709186,2689,3.417850418195933
2024-04-02,412789.6194000898,411846.88740008994,-942.7319999998546,-0.0022838074304530886,2709,3.4013738846540176
2024-04-03,411846.88740008994,410510.2374000903,-1336.649999999645,-0.0032455022506971964,2850,3.583634891916069
2024-04-04,410510.2374000903,424510.17940009054,13999.94200000021,0.03410375850470104,2822,3.599419727068397
2024-04-05,424510.17940009054,430788.9904000907,6278.811000000166,0.014790719527322693,2541,3.0798308283553535
2024-04-08,430788.9904000907,430788.9904000907,0.0,0.0,2586,3.116692707223988
2024-04-09,430788.9904000907,425746.8824000911,-5042.107999999613,-0.011704356685895756,2644,3.1950700206722105
2024-04-10,425746.8824000911,425746.8824000911,0.0,0.0,2715,3.2745763286646996
2024-04-11,425746.8824000911,425350.68640009133,-396.19599999973457,-0.0009305904902139339,2677,3.2429856035895352
2024-04-12,425350.68640009133,424693.0444000916,-657.6419999997815,-0.0015461171711409483,2549,3.0829282313444244
2024-04-15,424693.0444000916,429296.8774000916,4603.83300000007,0.01084037768149293,2223,2.696562156555315
2024-04-16,429296.8774000916,429296.8774000916,0.0,0.0,2132,2.5081068166587226
2024-04-17,429296.8774000916,429086.30440009164,-210.57299999996712,-0.0004905067124533202,2127,2.508113933143981
2024-04-18,429086.30440009164,429086.30440009164,0.0,0.0,2313,2.7065506392857697
2024-04-19,429086.30440009164,429418.4424000917,332.13800000001385,0.0007740587303628477,2339,2.7225128111241457
2024-04-22,429418.4424000917,427435.87040009175,-1982.5719999999433,-0.0046168766970486885,2308,2.6766368366420505
2024-04-23,427435.87040009175,432752.15440009185,5316.284000000103,0.01243761782328634,2084,2.447144177014634
2024-04-24,432752.15440009185,432073.644400092,-678.5099999998462,-0.0015678951406733477,1890,2.2126402329521255
2024-04-25,432073.644400092,429197.33140009205,-2876.3129999999546,-0.0066569971051891885,2027,2.3419879252271096
2024-04-26,429197.33140009205,427722.3424000924,-1474.988999999627,-0.0034366220199647524,2147,2.5338477511911024
2024-04-29,427722.3424000924,427722.3424000924,0.0,0.0,1980,2.3622078791255228
2024-04-30,427722.3424000924,432107.04640009266,4384.704000000271,0.010251285858476011,1968,2.340264549770183
