date,side,entry_time,exit_time,entry_price,exit_price,shares,leverage,gross_pnl,commission,net_pnl,exit_reason
2018-01-26,LONG,2018-01-26 11:30:00,2018-01-26 12:00:00,284.77099999999996,284.67900000000003,1407,4.0,-129.44399999989827,9.849,-139.29299999989826,band_vwap
2018-01-26,LONG,2018-01-26 12:30:00,2018-01-26 15:59:00,284.881,286.569,1407,4.0,2375.0160000000633,9.849,2365.167000000063,market_close
2018-01-29,SHORT,2018-01-29 11:00:00,2018-01-29 12:00:00,285.249,285.46099999999996,1429,4.0,-302.9479999999032,10.003,-312.95099999990316,band_vwap
2018-01-30,SHORT,2018-01-30 10:00:00,2018-01-30 10:30:00,281.98900000000003,282.251,1352,3.7491382704361573,-354.22399999992376,9.464,-363.68799999992376,band_vwap
2018-01-30,SHORT,2018-01-30 12:00:00,2018-01-30 13:00:00,281.96900000000005,281.881,1352,3.7491382704361573,118.97600000010698,9.464,109.51200000010698,band_vwap
2018-01-30,SHORT,2018-01-30 13:30:00,2018-01-30 14:00:00,281.47400000000005,282.131,1352,3.7491382704361573,-888.2639999998992,9.464,-897.7279999998992,band_vwap
2018-01-30,SHORT,2018-01-30 15:00:00,2018-01-30 15:30:00,281.639,282.08099999999996,1352,3.7491382704361573,-597.583999999933,9.464,-607.047999999933,band_vwap
2018-02-01,LONG,2018-02-01 12:00:00,2018-02-01 14:00:00,282.85639999999995,282.029,1120,3.145337764523603,-926.6879999999492,7.84,-934.5279999999492,band_vwap
2018-02-02,SHORT,2018-02-02 10:00:00,2018-02-02 15:59:00,279.38910000000004,275.52099999999996,1138,3.213841248255506,4401.897800000095,7.966,4393.931800000095,market_close
2018-02-05,SHORT,2018-02-05 13:30:00,2018-02-05 14:00:00,271.519,272.65099999999995,886,2.339990228253578,-1002.9519999999541,6.202,-1009.1539999999541,band_vwap
2018-02-05,SHORT,2018-02-05 14:30:00,2018-02-05 15:59:00,270.90900000000005,264.181,886,2.339990228253578,5961.008000000058,6.202,5954.806000000058,market_close
2018-02-06,LONG,2018-02-06 10:00:00,2018-02-06 10:30:00,265.82099999999997,263.319,603,1.4461884224479964,-1508.7059999999715,4.221,-1512.9269999999715,band_vwap
2018-02-06,LONG,2018-02-06 12:30:00,2018-02-06 13:30:00,265.36589999999995,264.66900000000004,603,1.4461884224479964,-420.23069999994823,4.221,-424.45169999994823,band_vwap
2018-02-06,LONG,2018-02-06 15:00:00,2018-02-06 15:59:00,266.76099999999997,269.17900000000003,603,1.4461884224479964,1458.054000000038,4.221,1453.833000000038,market_close
2018-02-07,LONG,2018-02-07 10:00:00,2018-02-07 13:00:00,270.061,270.199,547,1.3608114243986054,75.48600000001841,3.829,71.65700000001841,band_vwap
2018-02-08,SHORT,2018-02-08 10:30:00,2018-02-08 15:59:00,266.059,257.721,548,1.3591505011197829,4569.224000000012,3.8360000000000003,4565.388000000012,market_close
2018-02-09,SHORT,2018-02-09 12:30:00,2018-02-09 13:00:00,254.8392,256.361,504,1.1678985960567698,-766.9871999999923,3.528,-770.5151999999923,band_vwap
2018-02-09,SHORT,2018-02-09 13:30:00,2018-02-09 14:30:00,253.989,258.731,504,1.1678985960567698,-2389.9679999999953,3.528,-2393.495999999995,band_vwap
2018-02-12,LONG,2018-02-12 14:00:00,2018-02-12 15:00:00,266.311,265.91900000000004,469,1.1316018352489523,-183.84799999997142,3.283,-187.1309999999714,band_vwap
2018-02-12,LONG,2018-02-12 15:30:00,2018-02-12 15:59:00,266.441,265.259,469,1.1316018352489523,-554.3579999999811,3.283,-557.6409999999811,market_close
2018-02-14,LONG,2018-02-14 11:30:00,2018-02-14 12:00:00,267.39099999999996,266.959,447,1.0877460293591987,-193.1039999999819,3.129,-196.2329999999819,band_vwap
2018-02-14,LONG,2018-02-14 13:00:00,2018-02-14 15:59:00,268.121,269.709,447,1.0877460293591987,709.83600000001,3.129,706.70700000001,market_close
2018-03-01,SHORT,2018-03-01 10:00:00,2018-03-01 10:30:00,270.21900000000005,272.001,540,1.3430907602910092,-962.2799999999597,3.7800000000000002,-966.0599999999597,band_vwap
2018-03-01,SHORT,2018-03-01 13:30:00,2018-03-01 15:59:00,269.069,267.731,540,1.3430907602910092,722.520000000012,3.7800000000000002,718.7400000000121,market_close
2018-03-05,LONG,2018-03-05 11:30:00,2018-03-05 15:59:00,270.78099999999995,272.209,777,1.907737316572539,1109.556000000042,5.439,1104.117000000042,market_close
2018-03-09,LONG,2018-03-09 10:30:00,2018-03-09 15:59:00,276.421,278.819,865,2.166712332586664,2074.2700000000214,6.055,2068.2150000000215,market_close
2018-03-12,LONG,2018-03-12 10:00:00,2018-03-12 10:30:00,279.566,279.384,781,1.9445775264533447,-142.1419999999684,5.4670000000000005,-147.6089999999684,band_vwap
2018-03-13,SHORT,2018-03-13 15:30:00,2018-03-13 15:59:00,276.48900000000003,276.691,794,1.9827874756162442,-160.38799999995342,5.558,-165.94599999995341,market_close
2018-03-14,SHORT,2018-03-14 12:00:00,2018-03-14 12:30:00,275.329,275.421,793,1.9686865853457494,-72.95599999998774,5.551,-78.50699999998774,band_vwap
2018-03-14,SHORT,2018-03-14 13:30:00,2018-03-14 14:00:00,275.2289,276.231,793,1.9686865853457494,-794.6652999999876,5.551,-800.2162999999877,band_vwap
2018-03-19,SHORT,2018-03-19 10:00:00,2018-03-19 15:59:00,272.709,270.491,920,2.265985786227504,2040.5600000000163,6.44,2034.1200000000163,market_close
2018-03-22,SHORT,2018-03-22 11:00:00,2018-03-22 12:30:00,266.71900000000005,267.441,1114,2.6399713179101094,-804.3079999999144,7.798,-812.1059999999144,band_vwap
2018-03-22,SHORT,2018-03-22 14:30:00,2018-03-22 15:59:00,266.329,263.671,1114,2.6399713179101094,2961.012000000017,7.798,2953.214000000017,market_close
2018-03-23,SHORT,2018-03-23 12:00:00,2018-03-23 12:30:00,261.829,263.041,864,1.9822979720674654,-1047.1679999999906,6.048,-1053.2159999999906,band_vwap
2018-03-23,SHORT,2018-03-23 13:00:00,2018-03-23 13:30:00,262.069,263.26099999999997,864,1.9822979720674654,-1029.8879999999572,6.048,-1035.9359999999572,band_vwap
2018-03-23,SHORT,2018-03-23 15:00:00,2018-03-23 15:59:00,260.209,258.01099999999997,864,1.9822979720674654,1899.072000000031,6.048,1893.024000000031,market_close
2018-03-26,LONG,2018-03-26 10:00:00,2018-03-26 10:30:00,262.631,261.509,821,1.8727815346663854,-921.1619999999649,5.747,-926.9089999999649,band_vwap
2018-03-26,LONG,2018-03-26 14:30:00,2018-03-26 15:00:00,263.481,263.589,821,1.8727815346663854,88.66800000000336,5.747,82.92100000000336,band_vwap
2018-03-26,LONG,2018-03-26 15:30:00,2018-03-26 15:59:00,264.541,265.16900000000004,821,1.8727815346663854,515.5880000000351,5.747,509.8410000000351,market_close
2018-03-27,SHORT,2018-03-27 15:00:00,2018-03-27 15:59:00,263.03900000000004,260.53099999999995,635,1.474680976189807,1592.5800000000604,4.445,1588.1350000000605,market_close
2018-03-28,LONG,2018-03-28 10:00:00,2018-03-28 10:30:00,261.221,260.509,629,1.4118283229951438,-447.84799999999314,4.4030000000000005,-452.25099999999316,band_vwap
2018-03-28,SHORT,2018-03-28 11:00:00,2018-03-28 11:30:00,259.769,259.59099999999995,629,1.4118283229951438,111.96200000003404,4.4030000000000005,107.55900000003403,band_vwap
2018-03-29,LONG,2018-03-29 11:00:00,2018-03-29 15:59:00,262.731,263.48900000000003,634,1.4299391269680706,480.5720000000242,4.438,476.13400000002423,market_close
2018-04-02,SHORT,2018-04-02 10:00:00,2018-04-02 15:59:00,261.73900000000003,257.53099999999995,650,1.4669284891895222,2735.2000000000544,4.55,2730.650000000054,market_close
2018-04-04,LONG,2018-04-04 15:30:00,2018-04-04 15:59:00,263.501,263.829,608,1.3114170943509962,199.42400000001908,4.256,195.16800000001908,market_close
2018-04-06,SHORT,2018-04-06 12:30:00,2018-04-06 13:00:00,261.819,263.351,565,1.2474861847723195,-865.5799999999899,3.955,-869.53499999999,band_vwap
2018-04-06,SHORT,2018-04-06 14:00:00,2018-04-06 15:59:00,260.389,259.801,565,1.2474861847723195,332.2200000000126,3.955,328.2650000000126,market_close
2018-04-09,LONG,2018-04-09 10:00:00,2018-04-09 15:00:00,262.101,263.85900000000004,538,1.1851671400043522,945.8040000000206,3.766,942.0380000000206,band_vwap
2018-04-12,LONG,2018-04-12 10:00:00,2018-04-12 11:00:00,266.481,265.829,515,1.142748280149185,-335.7799999999932,3.605,-339.3849999999932,band_vwap
2018-04-19,SHORT,2018-04-19 13:30:00,2018-04-19 14:00:00,267.759,268.291,716,1.6180710916507342,-380.9119999999873,5.0120000000000005,-385.9239999999873,band_vwap
2018-04-20,SHORT,2018-04-20 11:00:00,2018-04-20 14:30:00,267.459,266.851,731,1.651367953068018,444.448000000003,5.117,439.331000000003,band_vwap
2018-04-20,SHORT,2018-04-20 15:00:00,2018-04-20 15:59:00,266.54900000000004,266.631,731,1.651367953068018,-59.941999999953794,5.117,-65.0589999999538,market_close
2018-04-24,SHORT,2018-04-24 12:30:00,2018-04-24 15:59:00,264.899,263.03099999999995,891,1.9993252451472499,1664.3880000000463,6.237,1658.1510000000462,market_close
2018-04-25,SHORT,2018-04-25 10:00:00,2018-04-25 10:30:00,261.04900000000004,262.03099999999995,894,1.943313133267501,-877.9079999999232,6.258,-884.1659999999232,band_vwap
2018-04-26,LONG,2018-04-26 11:00:00,2018-04-26 11:30:00,265.981,265.47900000000004,897,1.9771104747556407,-450.2939999999576,6.279,-456.5729999999576,band_vwap
2018-04-26,LONG,2018-04-26 13:30:00,2018-04-26 15:30:00,266.421,266.459,897,1.9771104747556407,34.08600000000979,6.279,27.80700000000979,band_vwap
2018-04-30,SHORT,2018-04-30 15:30:00,2018-04-30 15:59:00,264.934,264.45099999999996,1073,2.3951983999431308,518.2590000000654,7.511,510.74800000006536,market_close
2018-05-01,SHORT,2018-05-01 11:00:00,2018-05-01 12:30:00,262.96900000000005,263.101,1211,2.658477649234644,-159.85199999993722,8.477,-168.32899999993722,band_vwap
2018-05-01,SHORT,2018-05-01 13:30:00,2018-05-01 14:00:00,262.319,263.666,1211,2.658477649234644,-1631.2169999999758,8.477,-1639.6939999999759,band_vwap
2018-05-02,SHORT,2018-05-02 10:00:00,2018-05-02 10:30:00,264.149,264.27099999999996,1209,2.704401549749841,-147.49799999994832,8.463000000000001,-155.9609999999483,band_vwap
2018-05-03,SHORT,2018-05-03 10:30:00,2018-05-03 12:00:00,260.46900000000005,260.51099999999997,1243,2.7564917086734897,-52.205999999895994,8.701,-60.906999999895994,band_vwap
2018-05-03,SHORT,2018-05-03 12:30:00,2018-05-03 13:00:00,260.029,262.58099999999996,1243,2.7564917086734897,-3172.1359999999554,8.701,-3180.8369999999554,band_vwap
2018-05-04,LONG,2018-05-04 10:30:00,2018-05-04 15:59:00,263.751,265.999,1214,2.7608029476966136,2729.0720000000574,8.498,2720.5740000000574,market_close
2018-05-07,LONG,2018-05-07 10:00:00,2018-05-07 10:30:00,267.741,267.41400000000004,1133,2.5700979387789746,-370.49099999993354,7.931,-378.4219999999335,band_vwap
2018-05-09,LONG,2018-05-09 13:00:00,2018-05-09 15:30:00,269.046,269.309,1215,2.7726982998743726,319.5450000000409,8.505,311.0400000000409,band_vwap
2018-05-10,LONG,2018-05-10 11:30:00,2018-05-10 14:00:00,271.40099999999995,271.72900000000004,1146,2.6341383899103774,375.8880000001011,8.022,367.8660000001011,band_vwap
2018-05-11,LONG,2018-05-11 10:00:00,2018-05-11 10:30:00,272.731,272.74580000000003,1150,2.6514455754857122,17.020000000042046,8.05,8.970000000042045,band_vwap
2018-05-11,LONG,2018-05-11 11:00:00,2018-05-11 11:30:00,273.121,272.589,1150,2.6514455754857122,-611.7999999999796,8.05,-619.8499999999796,band_vwap
2018-05-15,SHORT,2018-05-15 10:00:00,2018-05-15 11:00:00,270.34900000000005,270.941,1395,3.2267186485208406,-825.8399999998992,9.765,-835.6049999998992,band_vwap
2018-05-15,SHORT,2018-05-15 14:00:00,2018-05-15 14:30:00,270.10900000000004,270.611,1395,3.2267186485208406,-700.289999999934,9.765,-710.054999999934,band_vwap
2018-05-15,SHORT,2018-05-15 15:30:00,2018-05-15 15:59:00,270.21900000000005,271.03099999999995,1395,3.2267186485208406,-1132.739999999858,9.765,-1142.504999999858,market_close
2018-05-16,LONG,2018-05-16 10:00:00,2018-05-16 10:30:00,271.83099999999996,271.54900000000004,1261,2.9810541455639834,-355.60199999990596,8.827,-364.42899999990595,band_vwap
2018-05-16,LONG,2018-05-16 12:30:00,2018-05-16 15:30:00,272.376,272.16900000000004,1261,2.9810541455639834,-261.0269999999203,8.827,-269.8539999999203,band_vwap
2018-05-17,LONG,2018-05-17 11:00:00,2018-05-17 11:30:00,273.14099999999996,272.90900000000005,1329,3.169023667852197,-308.3279999998858,9.303,-317.6309999998858,band_vwap
2018-05-24,SHORT,2018-05-24 10:00:00,2018-05-24 11:30:00,271.874,271.916,1510,3.6235084949648093,-63.41999999995949,10.57,-73.98999999995948,band_vwap
2018-05-29,SHORT,2018-05-29 12:00:00,2018-05-29 15:59:00,268.91900000000004,269.101,1683,4.0,-306.3059999999319,11.781,-318.0869999999319,market_close
2018-05-30,LONG,2018-05-30 11:00:00,2018-05-30 15:59:00,271.76099999999997,272.579,1398,3.3358038100970617,1143.5640000000567,9.786,1133.7780000000566,market_close
2018-05-31,SHORT,2018-05-31 11:00:00,2018-05-31 11:30:00,271.199,271.871,1310,3.113559434771251,-880.3199999999589,9.17,-889.4899999999589,band_vwap
2018-05-31,SHORT,2018-05-31 12:30:00,2018-05-31 13:00:00,271.41900000000004,271.64099999999996,1310,3.113559434771251,-290.8199999998993,9.17,-299.98999999989934,band_vwap
2018-05-31,SHORT,2018-05-31 13:30:00,2018-05-31 15:59:00,271.35900000000004,270.741,1310,3.113559434771251,809.5800000000679,9.17,800.410000000068,market_close
2018-06-01,LONG,2018-06-01 10:00:00,2018-06-01 15:59:00,272.95099999999996,273.649,1348,3.217771453337736,940.9040000000484,9.436,931.4680000000484,market_close
2018-06-04,LONG,2018-06-04 10:00:00,2018-06-04 10:30:00,275.036,274.50910000000005,1221,2.9134010441323923,-643.3448999999451,8.547,-651.8918999999452,band_vwap
2018-06-06,LONG,2018-06-06 14:30:00,2018-06-06 15:59:00,276.621,277.499,1253,3.0216458169283604,1100.1340000000537,8.771,1091.3630000000537,market_close
2018-06-07,SHORT,2018-06-07 13:30:00,2018-06-07 14:30:00,276.809,277.02099999999996,1213,2.9187872734873253,-257.1559999999178,8.491,-265.6469999999178,band_vwap
2018-06-11,LONG,2018-06-11 12:00:00,2018-06-11 14:00:00,279.09099999999995,279.149,1223,2.9546402873978974,70.93400000006062,8.561,62.37300000006062,band_vwap
2018-06-15,SHORT,2018-06-15 10:30:00,2018-06-15 11:00:00,276.10900000000004,276.21599999999995,1272,3.052888978895779,-136.10399999989068,8.904,-145.00799999989067,band_vwap
2018-06-15,SHORT,2018-06-15 11:30:00,2018-06-15 12:00:00,276.019,276.351,1272,3.052888978895779,-422.3039999999919,8.904,-431.2079999999919,band_vwap
2018-06-21,SHORT,2018-06-21 10:00:00,2018-06-21 12:00:00,275.509,275.041,1663,4.0,778.2840000000294,11.641,766.6430000000295,band_vwap
2018-06-21,SHORT,2018-06-21 12:30:00,2018-06-21 14:00:00,274.589,274.89099999999996,1663,4.0,-502.22599999994026,11.641,-513.8669999999403,band_vwap
2018-06-21,SHORT,2018-06-21 14:30:00,2018-06-21 15:59:00,274.71900000000005,274.231,1663,4.0,811.5440000000938,11.641,799.9030000000938,market_close
2018-06-25,SHORT,2018-06-25 10:00:00,2018-06-25 15:59:00,272.019,271.01099999999997,1694,4.0,1707.5520000000647,11.858,1695.6940000000648,market_close
2018-06-26,LONG,2018-06-26 13:30:00,2018-06-26 14:00:00,272.431,272.35900000000004,1627,3.761500831746907,-117.14399999991196,11.389000000000001,-128.53299999991197,band_vwap
2018-06-27,LONG,2018-06-27 10:00:00,2018-06-27 11:30:00,273.28099999999995,272.279,1724,4.0,-1727.4479999999185,12.068,-1739.5159999999184,band_vwap
2018-06-27,SHORT,2018-06-27 14:30:00,2018-06-27 15:59:00,270.47900000000004,269.27099999999996,1724,4.0,2082.5920000001443,12.068,2070.524000000144,market_close
2018-06-28,LONG,2018-06-28 11:00:00,2018-06-28 12:30:00,269.931,269.42900000000003,1743,3.9887048377487604,-874.9859999999176,12.201,-887.1869999999176,band_vwap
2018-06-28,LONG,2018-06-28 13:30:00,2018-06-28 15:59:00,270.186,270.949,1743,3.9887048377487604,1329.9090000000588,12.201,1317.7080000000587,market_close
2018-06-29,LONG,2018-06-29 10:00:00,2018-06-29 12:00:00,272.756,272.92400000000004,1631,3.757900794564214,274.0080000001031,11.417,262.5910000001031,band_vwap
2018-06-29,LONG,2018-06-29 12:30:00,2018-06-29 13:00:00,273.171,272.839,1631,3.757900794564214,-541.4919999999896,11.417,-552.9089999999896,band_vwap
2018-06-29,LONG,2018-06-29 13:30:00,2018-06-29 14:00:00,273.041,272.949,1631,3.757900794564214,-150.05199999997478,11.417,-161.46899999997478,band_vwap
2018-07-06,LONG,2018-07-06 10:00:00,2018-07-06 15:59:00,273.721,275.369,1546,3.588732654534166,2547.808000000038,10.822000000000001,2536.986000000038,market_close
2018-07-09,LONG,2018-07-09 12:00:00,2018-07-09 13:30:00,277.501,277.34900000000005,1435,3.303217482449729,-218.1199999998995,10.045,-228.1649999998995,band_vwap
2018-07-12,LONG,2018-07-12 13:00:00,2018-07-12 14:00:00,279.181,278.92780000000005,1294,3.0024738442737853,-327.6407999999168,9.058,-336.6987999999168,band_vwap
2018-07-17,LONG,2018-07-17 12:00:00,2018-07-17 15:00:00,280.186,280.34900000000005,1277,2.973891823014396,208.15100000008653,8.939,199.21200000008653,band_vwap
2018-07-17,LONG,2018-07-17 15:30:00,2018-07-17 15:59:00,280.751,280.499,1277,2.973891823014396,-321.8039999999396,8.939,-330.7429999999396,market_close
2018-07-19,SHORT,2018-07-19 10:00:00,2018-07-19 10:30:00,279.769,279.89099999999996,1623,3.8079654318652754,-198.00599999993062,11.361,-209.3669999999306,band_vwap
2018-07-24,LONG,2018-07-24 10:30:00,2018-07-24 11:00:00,282.411,282.249,1693,4.0,-274.2659999999623,11.851,-286.1169999999623,band_vwap
2018-07-25,LONG,2018-07-25 10:00:00,2018-07-25 10:30:00,281.881,281.649,1692,4.0,-392.54399999995076,11.844,-404.38799999995075,band_vwap
2018-07-25,LONG,2018-07-25 13:00:00,2018-07-25 13:30:00,282.431,282.129,1692,4.0,-510.9839999999392,11.844,-522.8279999999393,band_vwap
2018-07-25,LONG,2018-07-25 14:00:00,2018-07-25 15:59:00,282.52599999999995,284.129,1692,4.0,2712.276000000111,11.844,2700.4320000001107,market_close
2018-07-27,SHORT,2018-07-27 11:30:00,2018-07-27 15:59:00,282.67400000000004,281.46099999999996,1703,4.0,2065.7390000001346,11.921,2053.818000000135,market_close
2018-07-30,SHORT,2018-07-30 10:00:00,2018-07-30 10:30:00,280.91900000000004,281.161,1745,4.0,-422.28999999993334,12.215,-434.5049999999333,band_vwap
2018-07-30,SHORT,2018-07-30 11:00:00,2018-07-30 14:00:00,280.589,280.481,1745,4.0,188.46000000000714,12.215,176.24500000000714,band_vwap
2018-07-30,SHORT,2018-07-30 14:30:00,2018-07-30 15:59:00,280.269,279.89099999999996,1745,4.0,659.6100000000746,12.215,647.3950000000746,market_close
2018-07-31,LONG,2018-07-31 12:00:00,2018-07-31 14:30:00,281.601,281.55400000000003,1698,3.8699614465335714,-79.80599999994672,11.886000000000001,-91.69199999994672,band_vwap
2018-08-02,LONG,2018-08-02 12:30:00,2018-08-02 13:00:00,281.751,281.79900000000004,1763,4.0,84.62400000010342,12.341000000000001,72.28300000010341,band_vwap
2018-08-02,LONG,2018-08-02 13:30:00,2018-08-02 15:59:00,282.07099999999997,282.339,1763,4.0,472.4840000000513,12.341000000000001,460.1430000000513,market_close
2018-08-03,LONG,2018-08-03 10:30:00,2018-08-03 11:00:00,283.0668,282.73900000000003,1751,4.0,-573.9777999999437,12.257,-586.2347999999437,band_vwap
2018-08-06,LONG,2018-08-06 12:30:00,2018-08-06 14:00:00,284.691,284.459,1736,4.0,-402.7519999999495,12.152000000000001,-414.90399999994946,band_vwap
2018-08-06,LONG,2018-08-06 15:00:00,2018-08-06 15:30:00,284.681,284.639,1736,4.0,-72.91199999995342,12.152000000000001,-85.06399999995342,band_vwap
2018-08-13,LONG,2018-08-13 10:00:00,2018-08-13 11:00:00,283.90099999999995,283.78650000000005,1729,4.0,-197.9704999998396,12.103,-210.0734999998396,band_vwap
2018-08-13,SHORT,2018-08-13 12:00:00,2018-08-13 13:30:00,282.41900000000004,282.53099999999995,1729,4.0,-193.64799999984353,12.103,-205.75099999984354,band_vwap
2018-08-14,LONG,2018-08-14 11:00:00,2018-08-14 12:00:00,283.741,283.589,1727,4.0,-262.5039999999772,12.089,-274.5929999999772,band_vwap
2018-08-14,LONG,2018-08-14 12:30:00,2018-08-14 13:00:00,283.991,283.66900000000004,1727,4.0,-556.0939999999066,12.089,-568.1829999999067,band_vwap
2018-08-14,LONG,2018-08-14 14:00:00,2018-08-14 14:30:00,284.051,283.85900000000004,1727,4.0,-331.5839999999144,12.089,-343.6729999999144,band_vwap
2018-08-14,LONG,2018-08-14 15:00:00,2018-08-14 15:59:00,284.006,283.85900000000004,1727,4.0,-253.8689999998869,12.089,-265.9579999998869,market_close
2018-08-15,SHORT,2018-08-15 10:00:00,2018-08-15 12:30:00,281.34400000000005,281.33099999999996,1710,4.0,22.230000000154746,11.97,10.260000000154745,band_vwap
2018-08-15,SHORT,2018-08-15 13:30:00,2018-08-15 15:00:00,281.2228,281.256,1710,4.0,-56.77199999994059,11.97,-68.74199999994059,band_vwap
2018-08-16,LONG,2018-08-16 11:00:00,2018-08-16 14:30:00,283.95099999999996,284.274,1703,4.0,550.0690000000611,11.921,538.1480000000611,band_vwap
2018-08-16,LONG,2018-08-16 15:30:00,2018-08-16 15:59:00,284.441,284.09900000000005,1703,4.0,-582.4259999998769,11.921,-594.346999999877,market_close
2018-08-17,LONG,2018-08-17 14:30:00,2018-08-17 15:59:00,285.191,285.019,1649,3.8826443996117965,-283.62799999994826,11.543000000000001,-295.17099999994826,market_close
2018-08-21,LONG,2018-08-21 10:00:00,2018-08-21 10:30:00,286.83099999999996,286.67400000000004,1681,4.0,-263.91699999987463,11.767,-275.68399999987463,band_vwap
2018-08-21,LONG,2018-08-21 12:00:00,2018-08-21 14:00:00,286.971,287.10900000000004,1681,4.0,231.97800000005657,11.767,220.21100000005657,band_vwap
2018-08-23,LONG,2018-08-23 10:30:00,2018-08-23 11:00:00,286.86969999999997,286.369,1682,4.0,-842.1773999998957,11.774000000000001,-853.9513999998957,band_vwap
2018-08-24,LONG,2018-08-24 11:00:00,2018-08-24 15:59:00,287.20099999999996,287.499,1667,4.0,496.7660000000978,11.669,485.0970000000978,market_close
2018-08-27,LONG,2018-08-27 10:00:00,2018-08-27 15:59:00,289.311,289.71900000000005,1660,4.0,677.28000000012,11.620000000000001,665.66000000012,market_close
2018-08-29,LONG,2018-08-29 11:00:00,2018-08-29 15:59:00,290.881,291.46900000000005,1653,3.979822714687829,971.9640000001308,11.571,960.3930000001308,market_close
2018-08-30,SHORT,2018-08-30 15:00:00,2018-08-30 15:59:00,290.089,290.241,1637,3.919785293052204,-248.8239999999784,11.459,-260.2829999999784,market_close
2018-09-04,SHORT,2018-09-04 10:00:00,2018-09-04 10:30:00,289.269,289.681,1673,4.0,-689.2759999999628,11.711,-700.9869999999628,band_vwap
2018-09-04,SHORT,2018-09-04 12:30:00,2018-09-04 13:00:00,288.96900000000005,289.26099999999997,1673,4.0,-488.51599999986,11.711,-500.22699999986,band_vwap
2018-09-05,SHORT,2018-09-05 10:00:00,2018-09-05 12:00:00,288.869,288.69599999999997,1659,4.0,287.0070000000973,11.613,275.3940000000973,band_vwap
2018-09-06,LONG,2018-09-06 10:00:00,2018-09-06 10:30:00,289.46099999999996,288.6591,1664,4.0,-1334.3615999998874,11.648,-1346.0095999998873,band_vwap
2018-09-06,SHORT,2018-09-06 11:00:00,2018-09-06 15:30:00,287.73900000000003,288.556,1664,4.0,-1359.4879999999175,11.648,-1371.1359999999174,band_vwap
2018-09-11,LONG,2018-09-11 12:00:00,2018-09-11 15:59:00,289.39099999999996,289.10900000000004,1637,4.0,-461.6339999998779,11.459,-473.0929999998779,market_close
2018-09-13,LONG,2018-09-13 10:00:00,2018-09-13 10:30:00,290.676,290.459,1614,4.0,-350.23799999997505,11.298,-361.53599999997505,band_vwap
2018-09-17,SHORT,2018-09-17 10:00:00,2018-09-17 10:30:00,290.47900000000004,290.3395,1606,4.0,224.03700000008837,11.242,212.79500000008838,band_vwap
2018-09-17,SHORT,2018-09-17 11:00:00,2018-09-17 12:00:00,289.829,290.171,1606,4.0,-549.2519999999752,11.242,-560.4939999999751,band_vwap
2018-09-17,SHORT,2018-09-17 13:30:00,2018-09-17 15:59:00,289.839,289.34099999999995,1606,4.0,799.788000000076,11.242,788.546000000076,market_close
2018-09-18,LONG,2018-09-18 10:00:00,2018-09-18 15:59:00,290.28099999999995,290.899,1619,4.0,1000.5420000000839,11.333,989.209000000084,market_close
2018-09-20,LONG,2018-09-20 12:00:00,2018-09-20 15:59:00,293.46599999999995,293.54900000000004,1615,4.0,134.04500000013513,11.305,122.74000000013513,market_close
2018-09-21,SHORT,2018-09-21 15:00:00,2018-09-21 15:59:00,292.199,292.01099999999997,1615,4.0,303.6200000000727,11.305,292.3150000000727,market_close
2018-09-26,LONG,2018-09-26 14:30:00,2018-09-26 15:00:00,291.941,291.389,1631,4.0,-900.3119999999415,11.417,-911.7289999999415,band_vwap
2018-09-27,LONG,2018-09-27 10:30:00,2018-09-27 14:30:00,291.191,291.21900000000005,1621,4.0,45.38800000012458,11.347,34.041000000124576,band_vwap
2018-10-01,LONG,2018-10-01 10:00:00,2018-10-01 11:00:00,292.57599999999996,292.67900000000003,1612,4.0,166.03600000010556,11.284,154.75200000010557,band_vwap
2018-10-04,SHORT,2018-10-04 10:00:00,2018-10-04 15:59:00,290.72900000000004,289.471,1619,4.0,2036.7020000000618,11.333,2025.3690000000618,market_close
2018-10-05,SHORT,2018-10-05 11:30:00,2018-10-05 15:59:00,288.16900000000004,287.89099999999996,1655,4.0,460.0900000001272,11.585,448.5050000001272,market_close
2018-10-08,SHORT,2018-10-08 12:00:00,2018-10-08 12:30:00,286.13570000000004,286.491,1677,4.0,-595.8380999999042,11.739,-607.5770999999042,band_vwap
2018-10-08,SHORT,2018-10-08 13:00:00,2018-10-08 14:00:00,285.589,286.3837,1677,4.0,-1332.7118999999623,11.739,-1344.4508999999623,band_vwap
2018-10-09,LONG,2018-10-09 10:30:00,2018-10-09 11:00:00,288.51099999999997,288.019,1648,4.0,-810.815999999937,11.536,-822.351999999937,band_vwap
2018-10-10,SHORT,2018-10-10 10:00:00,2018-10-10 15:59:00,284.73400000000004,278.171,1640,4.0,10763.320000000074,11.48,10751.840000000075,market_close
2018-10-11,LONG,2018-10-11 10:00:00,2018-10-11 10:30:00,278.77099999999996,277.249,1056,2.280388891125444,-1607.2319999999308,7.392,-1614.623999999931,band_vwap
2018-10-11,SHORT,2018-10-11 11:00:00,2018-10-11 12:00:00,275.809,276.101,1056,2.280388891125444,-308.35199999997167,7.392,-315.74399999997166,band_vwap
2018-10-11,SHORT,2018-10-11 14:00:00,2018-10-11 15:59:00,275.96900000000005,272.251,1056,2.280388891125444,3926.2080000000788,7.392,3918.816000000079,market_close
2018-10-16,LONG,2018-10-16 11:00:00,2018-10-16 15:59:00,278.07099999999997,280.29900000000004,847,1.7976298779366282,1887.1160000000555,5.929,1881.1870000000554,market_close
2018-10-17,SHORT,2018-10-17 10:00:00,2018-10-17 11:30:00,279.139,279.231,724,1.536269062379757,-66.6079999999888,5.0680000000000005,-71.6759999999888,band_vwap
2018-10-18,SHORT,2018-10-18 10:00:00,2018-10-18 10:30:00,278.71900000000005,279.171,729,1.543064429036971,-329.50799999995724,5.103,-334.61099999995724,band_vwap
2018-10-18,SHORT,2018-10-18 11:30:00,2018-10-18 15:59:00,278.22900000000004,276.471,729,1.543064429036971,1281.5820000000278,5.103,1276.4790000000278,market_close
2018-10-19,LONG,2018-10-19 10:00:00,2018-10-19 11:30:00,278.45099999999996,277.939,722,1.5043816180457255,-369.6639999999593,5.054,-374.71799999995926,band_vwap
2018-10-22,SHORT,2018-10-22 10:00:00,2018-10-22 11:00:00,275.35900000000004,276.381,728,1.519741020732266,-744.0159999999523,5.096,-749.1119999999523,band_vwap
2018-10-23,SHORT,2018-10-23 10:30:00,2018-10-23 11:00:00,269.47900000000004,269.95099999999996,742,1.5241208945047116,-350.223999999943,5.194,-355.417999999943,band_vwap
2018-10-24,SHORT,2018-10-24 10:30:00,2018-10-24 12:00:00,272.189,271.991,737,1.5322432069076481,145.92600000002648,5.159,140.76700000002648,band_vwap
2018-10-24,SHORT,2018-10-24 12:30:00,2018-10-24 15:59:00,271.399,265.221,737,1.5322432069076481,4553.185999999998,5.159,4548.026999999998,market_close
2018-10-25,LONG,2018-10-25 10:30:00,2018-10-25 15:59:00,268.71099999999996,270.139,690,1.3536769636939727,985.3200000000373,4.83,980.4900000000373,market_close
2018-10-26,SHORT,2018-10-26 10:30:00,2018-10-26 11:30:00,264.399,265.07099999999997,637,1.2357589089564982,-428.06399999998,4.4590000000000005,-432.52299999998,band_vwap
2018-10-29,SHORT,2018-10-29 15:30:00,2018-10-29 15:59:00,262.48900000000003,263.801,616,1.2103767803114025,-808.1919999999723,4.312,-812.5039999999723,market_close
2018-10-30,LONG,2018-10-30 10:00:00,2018-10-30 11:00:00,266.70099999999996,264.59900000000005,626,1.2139019119140717,-1315.851999999949,4.382,-1320.233999999949,band_vwap
2018-10-30,LONG,2018-10-30 11:30:00,2018-10-30 13:00:00,265.861,264.689,626,1.2139019119140717,-733.6719999999804,4.382,-738.0539999999803,band_vwap
2018-10-30,LONG,2018-10-30 15:30:00,2018-10-30 15:59:00,267.111,267.809,626,1.2139019119140717,436.9480000000225,4.382,432.5660000000225,market_close
2018-10-31,LONG,2018-10-31 10:30:00,2018-10-31 11:00:00,271.991,271.47900000000004,640,1.2891850893661705,-327.6799999999639,4.48,-332.15999999996393,band_vwap
2018-10-31,LONG,2018-10-31 14:30:00,2018-10-31 15:00:00,272.911,272.85900000000004,640,1.2891850893661705,-33.27999999997701,4.48,-37.75999999997701,band_vwap
2018-11-02,SHORT,2018-11-02 11:30:00,2018-11-02 14:30:00,271.839,272.191,664,1.3629274744006243,-233.7279999999837,4.648,-238.3759999999837,band_vwap
2018-11-06,LONG,2018-11-06 10:00:00,2018-11-06 10:30:00,274.59099999999995,274.259,726,1.484853906568491,-241.0319999999541,5.082,-246.1139999999541,band_vwap
2018-11-07,LONG,2018-11-07 12:00:00,2018-11-07 14:00:00,279.39099999999996,279.23900000000003,706,1.4679140240470037,-107.31199999995056,4.942,-112.25399999995057,band_vwap
2018-11-07,LONG,2018-11-07 14:30:00,2018-11-07 15:00:00,279.981,280.069,706,1.4679140240470037,62.12800000001573,4.942,57.18600000001573,band_vwap
2018-11-07,LONG,2018-11-07 15:30:00,2018-11-07 15:59:00,280.64349999999996,280.91900000000004,706,1.4679140240470037,194.50300000005586,4.942,189.56100000005586,market_close
2018-11-09,SHORT,2018-11-09 12:00:00,2018-11-09 15:00:00,277.139,277.566,668,1.3961636094342074,-285.235999999976,4.676,-289.911999999976,band_vwap
2018-11-12,SHORT,2018-11-12 10:00:00,2018-11-12 15:59:00,275.6091,272.491,662,1.375609161485751,2064.1822000000175,4.634,2059.5482000000175,market_close
2018-11-14,SHORT,2018-11-14 13:00:00,2018-11-14 15:00:00,270.22900000000004,271.361,773,1.5649824379489452,-875.0359999999599,5.4110000000000005,-880.4469999999599,band_vwap
2018-11-15,LONG,2018-11-15 13:30:00,2018-11-15 15:30:00,271.8209,271.74150000000003,832,1.6635045438424974,-66.06079999997019,5.824,-71.88479999997018,band_vwap
2018-11-19,SHORT,2018-11-19 10:30:00,2018-11-19 15:59:00,271.28900000000004,269.121,903,1.8344937731886144,1957.704000000057,6.321,1951.383000000057,market_close
2018-11-20,SHORT,2018-11-20 10:00:00,2018-11-20 10:30:00,264.60920000000004,265.02599999999995,902,1.7546943410626914,-375.95359999991854,6.314,-382.26759999991856,band_vwap
2018-11-26,LONG,2018-11-26 10:00:00,2018-11-26 11:30:00,267.181,266.65900000000005,883,1.7257797158007586,-460.9259999999422,6.181,-467.10699999994216,band_vwap
2018-11-28,LONG,2018-11-28 12:30:00,2018-11-28 15:59:00,272.351,274.48900000000003,853,1.6966741869945883,1823.7140000000286,5.971,1817.7430000000286,market_close
2018-11-30,LONG,2018-11-30 15:30:00,2018-11-30 15:59:00,275.88599999999997,275.759,845,1.684408583265209,-107.31499999996004,5.915,-113.22999999996004,market_close
2018-12-04,SHORT,2018-12-04 10:00:00,2018-12-04 10:30:00,277.759,277.59099999999995,798,1.6190167634897206,134.06400000005044,5.586,128.47800000005043,band_vwap
2018-12-04,SHORT,2018-12-04 11:30:00,2018-12-04 15:59:00,277.04900000000004,270.491,798,1.6190167634897206,5233.28400000004,5.586,5227.698000000039,market_close
2018-12-06,SHORT,2018-12-06 10:00:00,2018-12-06 10:30:00,265.069,265.861,759,1.4158295775050074,-601.1279999999797,5.313,-606.4409999999797,band_vwap
2018-12-06,SHORT,2018-12-06 11:00:00,2018-12-06 12:00:00,264.259,264.861,759,1.4158295775050074,-456.91799999998136,5.313,-462.23099999998135,band_vwap
2018-12-07,SHORT,2018-12-07 10:30:00,2018-12-07 15:59:00,268.269,263.65099999999995,743,1.415460614522282,3431.1740000000386,5.2010000000000005,3425.9730000000386,market_close
2018-12-10,SHORT,2018-12-10 10:00:00,2018-12-10 13:00:00,261.65900000000005,262.291,718,1.3050930924422848,-453.7759999999628,5.026,-458.8019999999628,band_vwap
2018-12-14,SHORT,2018-12-14 12:00:00,2018-12-14 12:30:00,261.22560000000004,261.92109999999997,811,1.475550060767515,-564.0504999999388,5.6770000000000005,-569.7274999999388,band_vwap
2018-12-14,SHORT,2018-12-14 15:00:00,2018-12-14 15:59:00,260.73400000000004,260.491,811,1.475550060767515,197.07300000004204,5.6770000000000005,191.39600000004205,market_close
2018-12-17,SHORT,2018-12-17 10:00:00,2018-12-17 10:30:00,258.439,258.851,771,1.3879052807786023,-317.6519999999828,5.397,-323.0489999999828,band_vwap
2018-12-17,SHORT,2018-12-17 13:00:00,2018-12-17 15:59:00,257.65900000000005,255.281,771,1.3879052807786023,1833.4380000000328,5.397,1828.041000000033,market_close
2018-12-18,LONG,2018-12-18 10:00:00,2018-12-18 10:30:00,257.78099999999995,257.449,759,1.3410291676904496,-251.98799999995202,5.313,-257.300999999952,band_vwap
2018-12-19,LONG,2018-12-19 10:00:00,2018-12-19 13:30:00,256.911,257.139,769,1.3495258553135572,175.33200000000664,5.383,169.94900000000663,band_vwap
2018-12-19,LONG,2018-12-19 14:00:00,2018-12-19 14:30:00,258.871,256.309,769,1.3495258553135572,-1970.1779999999653,5.383,-1975.5609999999654,band_vwap
2018-12-19,SHORT,2018-12-19 15:00:00,2018-12-19 15:59:00,252.239,251.201,769,1.3495258553135572,798.2220000000084,5.383,792.8390000000084,market_close
2018-12-20,SHORT,2018-12-20 12:00:00,2018-12-20 12:30:00,247.659,249.0311,889,1.5390708885648523,-1219.7969000000155,6.223,-1226.0199000000155,band_vwap
2018-12-20,SHORT,2018-12-20 13:30:00,2018-12-20 15:00:00,247.674,247.921,889,1.5390708885648523,-219.58299999998727,6.223,-225.80599999998728,band_vwap
2018-12-21,LONG,2018-12-21 10:30:00,2018-12-21 11:00:00,248.481,247.209,880,1.5189172661682437,-1119.3599999999924,6.16,-1125.5199999999925,band_vwap
2018-12-21,SHORT,2018-12-21 12:30:00,2018-12-21 15:59:00,243.529,240.691,880,1.5189172661682437,2497.4399999999946,6.16,2491.2799999999947,market_close
2018-12-26,SHORT,2018-12-26 10:30:00,2018-12-26 11:30:00,235.144,236.501,908,1.4853457446606084,-1232.1559999999995,6.356,-1238.5119999999995,band_vwap
2018-12-27,SHORT,2018-12-27 10:30:00,2018-12-27 11:00:00,240.989,241.631,797,1.3516029619674526,-511.67399999999674,5.579,-517.2529999999967,band_vwap
2018-12-27,SHORT,2018-12-27 14:30:00,2018-12-27 15:00:00,239.829,242.066,797,1.3516029619674526,-1782.8889999999958,5.579,-1788.4679999999958,band_vwap
2019-01-03,SHORT,2019-01-03 10:00:00,2019-01-03 12:00:00,247.179,247.1125,833,1.4695304326273853,55.394499999992235,5.831,49.56349999999223,band_vwap
2019-01-03,SHORT,2019-01-03 12:30:00,2019-01-03 13:00:00,246.619,247.031,833,1.4695304326273853,-343.19600000000514,5.831,-349.02700000000516,band_vwap
2019-01-03,SHORT,2019-01-03 13:30:00,2019-01-03 14:30:00,245.709,246.30100000000002,833,1.4695304326273853,-493.13600000001077,5.831,-498.9670000000108,band_vwap
2019-01-03,SHORT,2019-01-03 15:00:00,2019-01-03 15:59:00,244.899,244.131,833,1.4695304326273853,639.7440000000006,5.831,633.9130000000006,market_close
2019-01-04,LONG,2019-01-04 10:00:00,2019-01-04 15:59:00,249.126,252.469,776,1.3673800834464158,2594.1679999999915,5.432,2588.7359999999917,market_close
2019-01-07,LONG,2019-01-07 11:30:00,2019-01-07 14:00:00,254.041,254.839,632,1.1158059598927217,504.33600000000115,4.424,499.91200000000117,band_vwap
2019-01-15,LONG,2019-01-15 10:00:00,2019-01-15 10:30:00,259.14099999999996,258.96900000000005,710,1.2745124484369086,-122.11999999993736,4.97,-127.08999999993736,band_vwap
2019-01-15,LONG,2019-01-15 11:00:00,2019-01-15 13:30:00,259.53099999999995,260.079,710,1.2745124484369086,389.08000000004165,4.97,384.1100000000416,band_vwap
2019-01-18,LONG,2019-01-18 12:30:00,2019-01-18 13:00:00,266.801,266.72900000000004,873,1.6074779404243904,-62.85599999995276,6.111,-68.96699999995276,band_vwap
2019-01-22,SHORT,2019-01-22 12:00:00,2019-01-22 13:00:00,262.879,262.941,866,1.595134947898016,-53.69199999996101,6.062,-59.75399999996101,band_vwap
2019-01-22,SHORT,2019-01-22 13:30:00,2019-01-22 15:59:00,262.209,262.931,866,1.595134947898016,-625.2519999999827,6.062,-631.3139999999827,market_close
2019-01-28,SHORT,2019-01-28 10:00:00,2019-01-28 10:30:00,262.709,263.241,1563,2.876228653007929,-831.5159999999723,10.941,-842.4569999999724,band_vwap
2019-01-29,SHORT,2019-01-29 11:00:00,2019-01-29 11:30:00,262.72900000000004,263.051,1440,2.670171588468839,-463.6799999999221,10.08,-473.75999999992206,band_vwap
2019-01-30,LONG,2019-01-30 14:30:00,2019-01-30 15:59:00,267.471,267.589,1468,2.743188670203812,173.22399999999266,10.276,162.94799999999265,market_close
2019-01-31,LONG,2019-01-31 10:30:00,2019-01-31 15:59:00,269.061,269.889,1299,2.4474340946964515,1075.5720000000408,9.093,1066.4790000000407,market_close
2019-02-01,LONG,2019-02-01 10:30:00,2019-02-01 11:00:00,270.991,270.139,1273,2.404369218486985,-1084.5959999999686,8.911,-1093.5069999999687,band_vwap
2019-02-04,LONG,2019-02-04 14:00:00,2019-02-04 15:00:00,271.39099999999996,271.40900000000005,1267,2.411262122938433,22.806000000108895,8.869,13.937000000108895,band_vwap
2019-02-07,SHORT,2019-02-07 11:00:00,2019-02-07 15:59:00,269.879,270.191,1345,2.5665503111419974,-419.63999999993945,9.415000000000001,-429.05499999993947,market_close
2019-02-12,LONG,2019-02-12 10:00:00,2019-02-12 15:59:00,273.02099999999996,274.119,1588,3.054558690157799,1743.6240000001112,11.116,1732.5080000001112,market_close
2019-02-13,LONG,2019-02-13 10:00:00,2019-02-13 10:30:00,275.52099999999996,275.53900000000004,1460,2.802576673388166,26.280000000125483,10.22,16.060000000125484,band_vwap
2019-02-21,SHORT,2019-02-21 10:00:00,2019-02-21 11:00:00,277.29900000000004,277.171,1801,3.4890761516659206,230.528000000077,12.607000000000001,217.921000000077,band_vwap
2019-02-21,SHORT,2019-02-21 15:00:00,2019-02-21 15:59:00,276.61150000000004,277.46099999999996,1801,3.4890761516659206,-1529.9494999998574,12.607000000000001,-1542.5564999998574,market_close
2019-02-22,LONG,2019-02-22 11:00:00,2019-02-22 14:30:00,278.741,278.749,1787,3.5002312810865597,14.296000000068261,12.509,1.7870000000682609,band_vwap
2019-02-27,SHORT,2019-02-27 10:30:00,2019-02-27 11:00:00,277.829,278.101,1806,3.542933441839764,-491.2319999999844,12.642,-503.8739999999844,band_vwap
2019-03-04,SHORT,2019-03-04 11:30:00,2019-03-04 15:59:00,279.55400000000003,279.411,2010,4.0,287.4300000000585,14.07,273.3600000000585,market_close
2019-03-05,SHORT,2019-03-05 10:00:00,2019-03-05 11:30:00,278.71900000000005,279.291,1941,3.82788651624751,-1110.251999999895,13.587,-1123.838999999895,band_vwap
2019-03-06,SHORT,2019-03-06 10:00:00,2019-03-06 15:59:00,278.569,277.301,2016,4.0,2556.2880000000587,14.112,2542.1760000000586,market_close
2019-03-07,SHORT,2019-03-07 10:00:00,2019-03-07 11:30:00,275.269,275.351,2069,4.0,-169.65799999998683,14.483,-184.14099999998683,band_vwap
2019-03-07,SHORT,2019-03-07 12:00:00,2019-03-07 12:30:00,275.509,275.541,2069,4.0,-66.2079999999633,14.483,-80.69099999996331,band_vwap
2019-03-07,SHORT,2019-03-07 13:30:00,2019-03-07 14:00:00,275.92900000000003,275.53099999999995,2069,4.0,823.4620000001685,14.483,808.9790000001685,band_vwap
2019-03-07,SHORT,2019-03-07 14:30:00,2019-03-07 15:59:00,275.16400000000004,275.08099999999996,2069,4.0,171.72700000017312,14.483,157.24400000017312,market_close
2019-03-11,LONG,2019-03-11 10:00:00,2019-03-11 15:59:00,276.291,278.499,2091,4.0,4616.928000000056,14.637,4602.291000000057,market_close
2019-03-12,LONG,2019-03-12 11:00:00,2019-03-12 11:30:00,279.751,279.34900000000005,1818,3.416943311579093,-730.8359999998727,12.726,-743.5619999998727,band_vwap
2019-03-13,LONG,2019-03-13 11:00:00,2019-03-13 15:30:00,281.34099999999995,281.329,1787,3.3929786535422823,-21.443999999899233,12.509,-33.952999999899234,band_vwap
2019-03-18,LONG,2019-03-18 10:00:00,2019-03-18 11:30:00,282.426,281.65900000000005,1794,3.419419277992793,-1375.9979999998907,12.558,-1388.5559999998907,band_vwap
2019-03-20,SHORT,2019-03-20 10:00:00,2019-03-20 11:00:00,281.29900000000004,281.631,1761,3.3963259852322882,-584.6519999998886,12.327,-596.9789999998886,band_vwap
2019-03-20,SHORT,2019-03-20 12:00:00,2019-03-20 12:30:00,280.759,281.14099999999996,1761,3.3963259852322882,-672.7019999999087,12.327,-685.0289999999087,band_vwap
2019-03-20,SHORT,2019-03-20 13:00:00,2019-03-20 14:00:00,280.899,281.241,1761,3.3963259852322882,-602.2619999999728,12.327,-614.5889999999728,band_vwap
2019-03-21,LONG,2019-03-21 10:00:00,2019-03-21 15:59:00,282.131,284.66900000000004,1735,3.371545677538672,4403.430000000118,12.145,4391.285000000117,market_close
2019-03-22,SHORT,2019-03-22 10:00:00,2019-03-22 15:00:00,281.939,281.191,1654,3.146780719962957,1237.1920000000782,11.578,1225.6140000000782,band_vwap
2019-03-22,SHORT,2019-03-22 15:30:00,2019-03-22 15:59:00,280.309,279.251,1654,3.146780719962957,1749.932000000082,11.578,1738.3540000000821,market_close
2019-03-25,SHORT,2019-03-25 10:00:00,2019-03-25 10:30:00,277.999,278.361,1316,2.418501880181841,-476.3919999999557,9.212,-485.6039999999557,band_vwap
2019-03-26,LONG,2019-03-26 10:00:00,2019-03-26 10:30:00,281.981,281.699,1303,2.419928887501672,-367.4459999999769,9.121,-376.5669999999769,band_vwap
2019-03-26,LONG,2019-03-26 11:00:00,2019-03-26 11:30:00,282.09099999999995,281.529,1303,2.419928887501672,-732.2859999999414,9.121,-741.4069999999414,band_vwap
2019-03-27,SHORT,2019-03-27 11:30:00,2019-03-27 13:30:00,278.889,279.721,1294,2.4220714712417037,-1076.6079999999918,9.058,-1085.6659999999918,band_vwap
2019-03-27,SHORT,2019-03-27 14:00:00,2019-03-27 14:30:00,279.769,279.881,1294,2.4220714712417037,-144.92799999995646,9.058,-153.98599999995645,band_vwap
2019-03-27,SHORT,2019-03-27 15:00:00,2019-03-27 15:30:00,279.699,279.991,1294,2.4220714712417037,-377.8479999999653,9.058,-386.9059999999653,band_vwap
2019-04-01,LONG,2019-04-01 15:30:00,2019-04-01 15:59:00,285.77099999999996,285.889,1438,2.755044477395206,169.68400000007455,10.066,159.61800000007455,market_close
2019-04-11,SHORT,2019-04-11 14:30:00,2019-04-11 15:00:00,287.619,287.791,1418,2.7539199132132497,-243.8959999999555,9.926,-253.8219999999555,band_vwap
2019-04-15,SHORT,2019-04-15 10:30:00,2019-04-15 13:30:00,289.5205,289.76099999999997,2046,4.0,-492.0629999998781,14.322000000000001,-506.3849999998781,band_vwap
2019-04-17,SHORT,2019-04-17 11:00:00,2019-04-17 15:59:00,289.829,289.481,2031,4.0,706.7880000000268,14.217,692.5710000000269,market_close
2019-04-18,SHORT,2019-04-18 10:30:00,2019-04-18 11:00:00,288.97900000000004,289.32599999999996,2050,4.0,-711.3499999998425,14.35,-725.6999999998425,band_vwap
2019-04-23,LONG,2019-04-23 10:30:00,2019-04-23 15:59:00,291.51099999999997,292.84900000000005,2036,4.0,2724.168000000161,14.252,2709.916000000161,market_close
2019-04-25,SHORT,2019-04-25 10:30:00,2019-04-25 11:00:00,291.16900000000004,291.681,2063,4.0,-1056.2559999998837,14.441,-1070.6969999998837,band_vwap
2019-04-26,SHORT,2019-04-26 10:00:00,2019-04-26 10:30:00,291.514,292.142,2048,4.0,-1286.1439999999711,14.336,-1300.4799999999711,band_vwap
2019-04-26,LONG,2019-04-26 15:30:00,2019-04-26 15:59:00,292.856,293.439,2048,4.0,1193.984000000055,14.336,1179.648000000055,market_close
2019-04-29,LONG,2019-04-29 12:30:00,2019-04-29 15:00:00,294.181,294.189,2037,4.0,16.29600000007781,14.259,2.0370000000778106,band_vwap
2019-04-30,SHORT,2019-04-30 10:00:00,2019-04-30 12:00:00,293.019,293.08099999999996,2037,4.0,-126.2939999999083,14.259,-140.5529999999083,band_vwap
2019-05-02,SHORT,2019-05-02 11:30:00,2019-05-02 13:30:00,290.47900000000004,291.0234,2048,4.0,-1114.9311999998754,14.336,-1129.2671999998754,band_vwap
2019-05-02,SHORT,2019-05-02 15:00:00,2019-05-02 15:30:00,290.749,291.171,2048,4.0,-864.2559999999357,14.336,-878.5919999999358,band_vwap
2019-05-03,LONG,2019-05-03 12:30:00,2019-05-03 15:59:00,293.91589999999997,294.019,2012,4.0,207.43720000008125,14.084,193.35320000008124,market_close
2019-05-07,SHORT,2019-05-07 11:00:00,2019-05-07 15:59:00,288.46900000000005,288.041,2033,4.0,870.1240000001101,14.231,855.8930000001101,market_close
2019-05-09,SHORT,2019-05-09 10:00:00,2019-05-09 12:00:00,284.579,284.561,1611,3.09758264532751,28.998000000046886,11.277000000000001,17.721000000046885,band_vwap
2019-05-10,SHORT,2019-05-10 10:30:00,2019-05-10 12:30:00,284.329,284.89599999999996,1611,3.101532785053062,-913.4369999999201,11.277000000000001,-924.7139999999201,band_vwap
2019-05-10,LONG,2019-05-10 15:30:00,2019-05-10 15:59:00,288.681,288.019,1611,3.101532785053062,-1066.481999999964,11.277000000000001,-1077.758999999964,market_close
2019-05-13,SHORT,2019-05-13 10:30:00,2019-05-13 11:00:00,281.709,281.851,1574,3.0370584318071656,-223.50799999999356,11.018,-234.52599999999356,band_vwap
2019-05-13,SHORT,2019-05-13 11:30:00,2019-05-13 12:00:00,281.2277,281.491,1574,3.0370584318071656,-414.43419999993444,11.018,-425.45219999993446,band_vwap
2019-05-13,SHORT,2019-05-13 12:30:00,2019-05-13 14:30:00,280.709,281.561,1574,3.0370584318071656,-1341.0479999999613,11.018,-1352.0659999999614,band_vwap
2019-05-13,SHORT,2019-05-13 15:30:00,2019-05-13 15:59:00,280.809,280.96099999999996,1574,3.0370584318071656,-239.24799999988977,11.018,-250.26599999988977,market_close
2019-05-14,LONG,2019-05-14 10:30:00,2019-05-14 15:59:00,283.441,283.329,1181,2.3120554811423903,-132.27199999996026,8.267,-140.53899999996025,market_close
2019-05-15,LONG,2019-05-15 11:30:00,2019-05-15 15:59:00,284.941,285.059,1115,2.1810486366226183,131.5700000000578,7.805000000000001,123.7650000000578,market_close
2019-05-16,LONG,2019-05-16 10:00:00,2019-05-16 14:00:00,287.631,288.124,1069,2.1211744570256297,527.0170000000554,7.4830000000000005,519.5340000000555,band_vwap
2019-05-16,LONG,2019-05-16 14:30:00,2019-05-16 15:30:00,288.59349999999995,287.959,1069,2.1211744570256297,-678.2804999999421,7.4830000000000005,-685.763499999942,band_vwap
2019-05-23,SHORT,2019-05-23 10:00:00,2019-05-23 10:30:00,282.019,282.221,1000,1.9688035432406639,-201.99999999999818,7.0,-208.99999999999818,band_vwap
2019-05-23,SHORT,2019-05-23 12:00:00,2019-05-23 15:30:00,281.29900000000004,282.07099999999997,1000,1.9688035432406639,-771.9999999999345,7.0,-778.9999999999345,band_vwap
2019-05-28,LONG,2019-05-28 10:00:00,2019-05-28 10:30:00,283.881,283.309,1002,1.984977968291699,-573.1439999999458,7.014,-580.1579999999458,band_vwap
2019-05-29,SHORT,2019-05-29 12:00:00,2019-05-29 12:30:00,276.999,277.756,1078,2.113404608445477,-816.0459999999441,7.546,-823.5919999999442,band_vwap
2019-05-29,SHORT,2019-05-29 13:00:00,2019-05-29 13:30:00,277.43890000000005,278.25399999999996,1078,2.113404608445477,-878.6777999999092,7.546,-886.2237999999093,band_vwap
2019-05-30,LONG,2019-05-30 10:00:00,2019-05-30 10:30:00,279.741,279.708,1056,2.0951656350873225,-34.8479999999563,7.392,-42.239999999956304,band_vwap
2019-06-03,SHORT,2019-06-03 10:00:00,2019-06-03 10:30:00,274.579,276.08099999999996,1033,2.0228278517106664,-1551.5659999999511,7.231,-1558.7969999999511,band_vwap
2019-06-03,SHORT,2019-06-03 12:30:00,2019-06-03 13:00:00,273.92400000000004,274.03099999999995,1033,2.0228278517106664,-110.53099999991122,7.231,-117.76199999991121,band_vwap
2019-06-03,SHORT,2019-06-03 15:30:00,2019-06-03 15:59:00,273.60900000000004,274.58099999999996,1033,2.0228278517106664,-1004.0759999999207,7.231,-1011.3069999999207,market_close
2019-06-04,LONG,2019-06-04 11:30:00,2019-06-04 15:59:00,278.96099999999996,280.519,1284,2.5796432477169837,2000.4720000000636,8.988,1991.4840000000636,market_close
2019-06-06,LONG,2019-06-06 15:30:00,2019-06-06 15:59:00,284.991,284.73900000000003,1009,2.0430258768176177,-254.26799999995228,7.063,-261.33099999995227,market_close
2019-06-07,LONG,2019-06-07 10:00:00,2019-06-07 15:59:00,287.061,287.629,1015,2.078303963315279,576.5200000000411,7.105,569.4150000000411,market_close
2019-06-10,LONG,2019-06-10 12:00:00,2019-06-10 12:30:00,290.70099999999996,290.139,979,2.020315340891322,-550.197999999956,6.853,-557.0509999999559,band_vwap
2019-06-14,SHORT,2019-06-14 10:00:00,2019-06-14 10:30:00,288.639,288.791,1100,2.2795749005172574,-167.1999999999855,7.7,-174.89999999998548,band_vwap
2019-06-18,LONG,2019-06-18 10:00:00,2019-06-18 12:00:00,292.76099999999997,292.319,1158,2.419892510248848,-511.8359999999426,8.106,-519.9419999999426,band_vwap
2019-06-18,LONG,2019-06-18 12:30:00,2019-06-18 13:00:00,292.541,292.509,1158,2.419892510248848,-37.05599999997946,8.106,-45.161999999979464,band_vwap
2019-06-18,LONG,2019-06-18 14:00:00,2019-06-18 15:00:00,292.431,292.48400000000004,1158,2.419892510248848,61.374000000062665,8.106,53.26800000006266,band_vwap
2019-06-25,SHORT,2019-06-25 10:00:00,2019-06-25 15:59:00,293.079,290.791,1835,3.877544352390592,4198.48000000002,12.845,4185.635000000019,market_close
2019-06-27,LONG,2019-06-27 10:00:00,2019-06-27 10:30:00,291.791,291.629,1673,3.403885377889573,-271.0259999999627,11.711,-282.73699999996273,band_vwap
2019-07-02,SHORT,2019-07-02 12:30:00,2019-07-02 13:00:00,294.98900000000003,295.08099999999996,1678,3.4714636156705514,-154.37599999987867,11.746,-166.12199999987868,band_vwap
2019-07-05,LONG,2019-07-05 15:00:00,2019-07-05 15:59:00,298.621,298.35900000000004,1690,3.522077817603224,-442.7799999999047,11.83,-454.6099999999047,market_close
2019-07-08,SHORT,2019-07-08 12:30:00,2019-07-08 13:00:00,296.389,296.59099999999995,1661,3.4684228604033613,-335.52199999990256,11.627,-347.14899999990257,band_vwap
2019-07-10,LONG,2019-07-10 10:00:00,2019-07-10 10:30:00,299.39099999999996,298.639,1585,3.333087184236854,-1191.919999999925,11.095,-1203.014999999925,band_vwap
2019-07-16,SHORT,2019-07-16 12:00:00,2019-07-16 13:30:00,300.069,300.1577,1872,4.0,-166.0463999999256,13.104000000000001,-179.1503999999256,band_vwap
2019-07-16,SHORT,2019-07-16 14:00:00,2019-07-16 15:59:00,299.589,299.741,1872,4.0,-284.5439999999753,13.104000000000001,-297.6479999999753,market_close
2019-07-17,SHORT,2019-07-17 10:30:00,2019-07-17 12:00:00,299.03900000000004,299.08099999999996,1871,4.0,-78.58199999984345,13.097,-91.67899999984344,band_vwap
2019-07-17,SHORT,2019-07-17 12:30:00,2019-07-17 14:00:00,298.8489,298.981,1871,4.0,-247.1590999999624,13.097,-260.2560999999624,band_vwap
2019-07-17,SHORT,2019-07-17 14:30:00,2019-07-17 15:59:00,298.66400000000004,297.77099999999996,1871,4.0,1670.8030000001609,13.097,1657.7060000001609,market_close
2019-07-18,LONG,2019-07-18 15:00:00,2019-07-18 15:59:00,298.921,298.84900000000005,1905,4.0,-137.1599999998969,13.335,-150.49499999989692,market_close
2019-07-19,SHORT,2019-07-19 15:30:00,2019-07-19 15:59:00,297.79400000000004,297.121,1885,4.0,1268.6050000001105,13.195,1255.4100000001106,market_close
2019-07-22,LONG,2019-07-22 10:00:00,2019-07-22 10:30:00,298.08099999999996,297.649,1917,4.0,-828.1439999999225,13.419,-841.5629999999225,band_vwap
2019-07-24,LONG,2019-07-24 14:30:00,2019-07-24 15:59:00,300.691,301.379,1896,4.0,1304.4480000000854,13.272,1291.1760000000854,market_close
2019-07-25,SHORT,2019-07-25 10:00:00,2019-07-25 10:30:00,300.004,300.35769999999997,1902,4.0,-672.7373999998985,13.314,-686.0513999998984,band_vwap
2019-07-25,SHORT,2019-07-25 11:30:00,2019-07-25 15:59:00,300.41900000000004,299.97119999999995,1902,4.0,851.7156000001638,13.314,838.4016000001639,market_close
2019-07-26,LONG,2019-07-26 10:00:00,2019-07-26 10:30:00,301.231,301.089,1905,4.0,-270.5099999999922,13.335,-283.8449999999922,band_vwap
2019-07-26,LONG,2019-07-26 11:30:00,2019-07-26 15:59:00,301.45099999999996,301.98900000000003,1905,4.0,1024.890000000129,13.335,1011.555000000129,market_close
2019-07-29,SHORT,2019-07-29 10:00:00,2019-07-29 11:30:00,301.124,301.541,1908,4.0,-795.6359999999488,13.356,-808.9919999999488,band_vwap
2019-07-31,SHORT,2019-07-31 15:00:00,2019-07-31 15:59:00,297.60900000000004,297.381,1903,4.0,433.8840000001246,13.321,420.5630000001246,market_close
2019-08-01,LONG,2019-08-01 10:00:00,2019-08-01 13:30:00,298.661,298.22900000000004,1735,3.596126707146314,-749.5199999999297,12.145,-761.6649999999297,band_vwap
2019-08-01,SHORT,2019-08-01 14:00:00,2019-08-01 15:59:00,296.399,294.881,1735,3.596126707146314,2633.7300000000505,12.145,2621.5850000000505,market_close
2019-08-02,SHORT,2019-08-02 10:00:00,2019-08-02 12:30:00,292.92900000000003,292.82099999999997,1726,3.486355157738678,186.40800000010518,12.082,174.32600000010518,band_vwap
2019-08-02,SHORT,2019-08-02 13:00:00,2019-08-02 14:30:00,291.819,292.221,1726,3.486355157738678,-693.8519999999772,12.082,-705.9339999999772,band_vwap
2019-08-02,SHORT,2019-08-02 15:00:00,2019-08-02 15:30:00,292.274,292.84099999999995,1726,3.486355157738678,-978.6419999999144,12.082,-990.7239999999144,band_vwap
2019-08-05,SHORT,2019-08-05 10:00:00,2019-08-05 15:59:00,287.28900000000004,284.041,1689,3.380757371929051,5485.872000000079,11.823,5474.049000000079,market_close
2019-08-06,LONG,2019-08-06 14:30:00,2019-08-06 15:00:00,287.53099999999995,286.999,1097,2.0990736334590525,-583.6039999999182,7.679,-591.2829999999182,band_vwap
2019-08-07,SHORT,2019-08-07 10:00:00,2019-08-07 10:30:00,283.41900000000004,284.546,997,1.9061459253997912,-1123.6189999999528,6.979,-1130.597999999953,band_vwap
2019-08-08,LONG,2019-08-08 10:30:00,2019-08-08 15:59:00,290.601,293.54900000000004,981,1.9236050254310624,2891.9880000000353,6.867,2885.121000000035,market_close
2019-08-09,SHORT,2019-08-09 10:30:00,2019-08-09 13:30:00,291.009,291.95099999999996,869,1.6887498340960094,-818.597999999957,6.083,-824.680999999957,band_vwap
2019-08-13,LONG,2019-08-13 10:00:00,2019-08-13 11:00:00,292.931,292.319,875,1.681335826480197,-535.4999999999706,6.125,-541.6249999999706,band_vwap
2019-08-13,LONG,2019-08-13 12:00:00,2019-08-13 13:00:00,292.911,292.65900000000005,875,1.681335826480197,-220.49999999995862,6.125,-226.62499999995862,band_vwap
2019-08-14,SHORT,2019-08-14 11:00:00,2019-08-14 15:59:00,286.59400000000005,283.921,882,1.705306400739937,2357.5860000000516,6.174,2351.4120000000516,market_close
2019-08-16,LONG,2019-08-16 11:00:00,2019-08-16 15:00:00,288.96599999999995,288.649,768,1.4552181557608959,-243.45599999996193,5.376,-248.83199999996194,band_vwap
2019-08-20,SHORT,2019-08-20 10:00:00,2019-08-20 10:30:00,290.709,291.28099999999995,694,1.3415290369327315,-396.96799999996244,4.8580000000000005,-401.82599999996245,band_vwap
2019-08-22,SHORT,2019-08-22 11:00:00,2019-08-22 11:30:00,290.579,291.311,685,1.3330339915690363,-501.41999999998006,4.795,-506.2149999999801,band_vwap
2019-08-23,SHORT,2019-08-23 11:30:00,2019-08-23 15:59:00,288.149,284.811,695,1.3463487704131705,2319.9100000000153,4.865,2315.0450000000155,market_close
2019-08-28,LONG,2019-08-28 11:30:00,2019-08-28 12:00:00,288.501,288.494,759,1.4258414794968923,-5.3129999999606525,5.313,-10.625999999960651,band_vwap
2019-08-28,LONG,2019-08-28 15:00:00,2019-08-28 15:30:00,288.941,288.519,759,1.4258414794968923,-320.2979999999762,5.313,-325.6109999999762,band_vwap
2019-09-05,LONG,2019-09-05 10:00:00,2019-09-05 12:00:00,297.811,297.869,933,1.8204363294677246,54.114000000046246,6.531,47.58300000004625,band_vwap
2019-09-05,LONG,2019-09-05 15:30:00,2019-09-05 15:59:00,298.221,297.819,933,1.8204363294677246,-375.0659999999877,6.531,-381.5969999999877,market_close
2019-09-10,SHORT,2019-09-10 10:00:00,2019-09-10 10:30:00,296.319,296.731,971,1.9026230030326423,-400.05199999997836,6.797,-406.8489999999784,band_vwap
2019-09-10,SHORT,2019-09-10 11:00:00,2019-09-10 12:00:00,296.244,296.911,971,1.9026230030326423,-647.656999999974,6.797,-654.453999999974,band_vwap
2019-09-12,LONG,2019-09-12 10:30:00,2019-09-12 11:00:00,302.02099999999996,300.839,987,1.9735805304886789,-1166.63399999996,6.909,-1173.54299999996,band_vwap
2019-09-18,SHORT,2019-09-18 14:30:00,2019-09-18 15:30:00,298.779,300.006,1690,3.39532093002164,-2073.6299999999583,11.83,-2085.459999999958,band_vwap
2019-09-19,LONG,2019-09-19 10:30:00,2019-09-19 12:30:00,302.221,301.649,1673,3.42037794050409,-956.9560000000046,11.711,-968.6670000000046,band_vwap
2019-09-20,SHORT,2019-09-20 13:30:00,2019-09-20 15:59:00,298.689,298.131,1897,3.8900154332526684,1058.526000000094,13.279,1045.247000000094,market_close
2019-09-23,LONG,2019-09-23 12:30:00,2019-09-23 13:00:00,298.58099999999996,298.449,1648,3.324012683928275,-217.53599999991457,11.536,-229.07199999991457,band_vwap
2019-09-23,LONG,2019-09-23 15:30:00,2019-09-23 15:59:00,298.881,298.249,1648,3.324012683928275,-1041.5359999999146,11.536,-1053.0719999999146,market_close
2019-09-24,SHORT,2019-09-24 12:00:00,2019-09-24 15:59:00,297.48920000000004,295.811,1724,3.5291971638964528,2893.2168000001047,12.068,2881.1488000001045,market_close
2019-09-25,SHORT,2019-09-25 10:00:00,2019-09-25 10:30:00,295.199,295.52599999999995,1801,3.573241437463588,-588.9269999998944,12.607000000000001,-601.5339999998944,band_vwap
2019-09-25,LONG,2019-09-25 14:30:00,2019-09-25 15:59:00,297.231,297.59900000000005,1801,3.573241437463588,662.7680000000934,12.607000000000001,650.1610000000934,market_close
2019-09-26,SHORT,2019-09-26 10:00:00,2019-09-26 12:30:00,296.749,296.661,2005,4.0,176.44000000004468,14.035,162.40500000004468,band_vwap
2019-09-26,SHORT,2019-09-26 13:00:00,2019-09-26 14:00:00,296.60900000000004,296.881,2005,4.0,-545.3599999998687,14.035,-559.3949999998687,band_vwap
2019-09-27,SHORT,2019-09-27 12:30:00,2019-09-27 15:59:00,296.09900000000005,295.361,1999,4.0,1475.2620000001127,13.993,1461.2690000001128,market_close
2019-09-30,LONG,2019-09-30 10:00:00,2019-09-30 10:30:00,296.471,296.30400000000003,2031,4.0,-339.1769999999455,14.217,-353.3939999999455,band_vwap
2019-09-30,LONG,2019-09-30 11:00:00,2019-09-30 15:00:00,296.58099999999996,297.069,2031,4.0,991.1280000001145,14.217,976.9110000001145,band_vwap
2019-10-01,LONG,2019-10-01 10:00:00,2019-10-01 10:30:00,298.181,296.209,2006,3.9590298881657953,-3955.83199999996,14.042,-3969.87399999996,band_vwap
2019-10-01,SHORT,2019-10-01 10:30:00,2019-10-01 15:59:00,296.209,293.21099999999996,2006,3.9590298881657953,6013.988000000095,14.042,5999.9460000000945,market_close
2019-10-02,SHORT,2019-10-02 10:00:00,2019-10-02 15:00:00,289.78400000000005,288.481,1909,3.6382058678231712,2487.4270000001034,13.363,2474.0640000001035,band_vwap
2019-10-02,SHORT,2019-10-02 15:30:00,2019-10-02 15:59:00,288.41900000000004,288.041,1909,3.6382058678231712,721.6020000000816,13.363,708.2390000000817,market_close
2019-10-03,SHORT,2019-10-03 10:30:00,2019-10-03 11:00:00,287.079,287.371,1608,2.9653988953670494,-469.53599999995686,11.256,-480.79199999995683,band_vwap
2019-10-03,LONG,2019-10-03 14:00:00,2019-10-03 15:30:00,289.986,289.57370000000003,1608,2.9653988953670494,-662.9783999999345,11.256,-674.2343999999345,band_vwap
2019-10-04,LONG,2019-10-04 10:00:00,2019-10-04 10:30:00,292.28099999999995,291.90900000000005,1443,2.712399303333539,-536.7959999998563,10.101,-546.8969999998563,band_vwap
2019-10-04,LONG,2019-10-04 11:30:00,2019-10-04 15:59:00,292.506,294.369,1443,2.712399303333539,2688.309000000081,10.101,2678.208000000081,market_close
2019-10-08,SHORT,2019-10-08 10:00:00,2019-10-08 11:00:00,289.65900000000005,290.15099999999995,1267,2.348588226246013,-623.3639999998795,8.869,-632.2329999998796,band_vwap
2019-10-08,SHORT,2019-10-08 11:30:00,2019-10-08 12:30:00,289.4542,289.991,1267,2.348588226246013,-680.1255999999634,8.869,-688.9945999999634,band_vwap
2019-10-10,LONG,2019-10-10 10:00:00,2019-10-10 13:30:00,293.191,293.03900000000004,1094,2.0454156902165748,-166.2879999999234,7.658,-173.94599999992337,band_vwap
2019-10-10,LONG,2019-10-10 14:00:00,2019-10-10 14:30:00,293.40099999999995,292.85900000000004,1094,2.0454156902165748,-592.9479999999085,7.658,-600.6059999999085,band_vwap
2019-10-10,LONG,2019-10-10 15:30:00,2019-10-10 15:59:00,293.306,293.23900000000003,1094,2.0454156902165748,-73.29799999994577,7.658,-80.95599999994577,market_close
2019-10-11,LONG,2019-10-11 10:00:00,2019-10-11 12:00:00,297.291,297.759,1065,2.0368596476972836,498.4200000000189,7.455,490.9650000000189,band_vwap
2019-10-11,LONG,2019-10-11 14:30:00,2019-10-11 15:59:00,298.20099999999996,296.259,1065,2.0368596476972836,-2068.2299999999473,7.455,-2075.684999999947,market_close
2019-10-15,LONG,2019-10-15 10:30:00,2019-10-15 15:59:00,298.416,298.899,1028,1.991598945953268,496.5240000000042,7.196,489.3280000000042,market_close
2019-10-25,LONG,2019-10-25 11:00:00,2019-10-25 15:59:00,301.33099999999996,301.639,1435,2.7965119646225753,441.98000000007113,10.045,431.9350000000711,market_close
2019-10-31,SHORT,2019-10-31 10:00:00,2019-10-31 15:59:00,303.269,303.26099999999997,2029,4.0,16.232000000077505,14.203000000000001,2.029000000077504,market_close
2019-11-01,LONG,2019-11-01 10:30:00,2019-11-01 11:00:00,305.58599999999996,305.629,2023,4.0,86.98900000012787,14.161,72.82800000012787,band_vwap
2019-11-01,LONG,2019-11-01 13:30:00,2019-11-01 15:59:00,305.671,306.17900000000003,2023,4.0,1027.6840000000773,14.161,1013.5230000000773,market_close
2019-11-07,LONG,2019-11-07 10:00:00,2019-11-07 10:30:00,309.041,308.96900000000005,2013,4.0,-144.93599999989107,14.091000000000001,-159.02699999989107,band_vwap
2019-11-07,LONG,2019-11-07 12:00:00,2019-11-07 12:30:00,309.38599999999997,309.119,2013,4.0,-537.4709999998773,14.091000000000001,-551.5619999998773,band_vwap
2019-11-08,SHORT,2019-11-08 10:00:00,2019-11-08 10:30:00,307.329,308.01099999999997,2009,4.0,-1370.1379999999187,14.063,-1384.2009999999188,band_vwap
2019-11-12,LONG,2019-11-12 10:00:00,2019-11-12 12:00:00,309.46099999999996,309.389,1985,4.0,-142.91999999989258,13.895,-156.8149999998926,band_vwap
2019-11-19,SHORT,2019-11-19 11:00:00,2019-11-19 11:30:00,311.35900000000004,311.851,1958,4.0,-963.3359999999252,13.706,-977.0419999999252,band_vwap
2019-11-20,SHORT,2019-11-20 13:00:00,2019-11-20 15:59:00,310.16900000000004,310.791,1955,4.0,-1216.0099999999165,13.685,-1229.6949999999165,market_close
2019-11-21,SHORT,2019-11-21 10:00:00,2019-11-21 11:00:00,310.29900000000004,310.07489999999996,1941,4.0,434.97810000015164,13.587,421.39110000015165,band_vwap
2019-11-21,SHORT,2019-11-21 11:30:00,2019-11-21 12:30:00,310.0231,310.251,1941,4.0,-442.35389999995516,13.587,-455.94089999995515,band_vwap
2019-11-25,LONG,2019-11-25 10:00:00,2019-11-25 15:59:00,312.70599999999996,313.34900000000005,1934,4.0,1243.5620000001663,13.538,1230.0240000001663,market_close
2019-11-26,LONG,2019-11-26 12:30:00,2019-11-26 13:00:00,314.121,314.03400000000005,1941,4.0,-168.86699999986848,13.587,-182.45399999986847,band_vwap
2019-11-27,LONG,2019-11-27 13:30:00,2019-11-27 15:59:00,315.27509999999995,315.439,1931,4.0,316.49090000013365,13.517,302.97390000013365,market_close
2019-12-02,SHORT,2019-12-02 10:00:00,2019-12-02 14:30:00,313.069,312.411,1935,4.0,1273.23000000003,13.545,1259.68500000003,band_vwap
2019-12-02,SHORT,2019-12-02 15:00:00,2019-12-02 15:59:00,312.389,311.601,1935,4.0,1524.7800000000211,13.545,1511.235000000021,market_close
2019-12-04,LONG,2019-12-04 10:00:00,2019-12-04 12:30:00,311.65099999999995,311.42900000000003,1902,3.813911079088509,-422.2439999998538,13.314,-435.55799999985385,band_vwap
2019-12-04,LONG,2019-12-04 13:00:00,2019-12-04 15:59:00,311.676,311.46900000000005,1902,3.813911079088509,-393.7139999998798,13.314,-407.0279999998798,market_close
2019-12-06,LONG,2019-12-06 11:00:00,2019-12-06 15:59:00,314.921,314.819,1784,3.6356651494016257,-181.9679999999562,12.488,-194.4559999999562,market_close
2019-12-12,LONG,2019-12-12 10:00:00,2019-12-12 11:30:00,316.851,316.40900000000005,1693,3.4591527848059713,-748.3059999999161,11.851,-760.1569999999161,band_vwap
2019-12-12,LONG,2019-12-12 12:00:00,2019-12-12 12:30:00,316.171,315.571,1693,3.4591527848059713,-1015.7999999999422,11.851,-1027.6509999999423,band_vwap
2019-12-12,LONG,2019-12-12 13:00:00,2019-12-12 13:30:00,316.001,316.309,1693,3.4591527848059713,521.4440000000839,11.851,509.59300000008386,band_vwap
2019-12-12,LONG,2019-12-12 14:00:00,2019-12-12 14:30:00,316.21099999999996,316.009,1693,3.4591527848059713,-341.9859999999007,11.851,-353.8369999999007,band_vwap
2019-12-12,LONG,2019-12-12 15:00:00,2019-12-12 15:59:00,316.71099999999996,317.139,1693,3.4591527848059713,724.6040000000917,11.851,712.7530000000917,market_close
2019-12-16,LONG,2019-12-16 12:00:00,2019-12-16 13:00:00,320.006,319.97400000000005,1605,3.3485058181800635,-51.3599999998803,11.235,-62.5949999998803,band_vwap
2019-12-16,LONG,2019-12-16 13:30:00,2019-12-16 14:30:00,319.976,319.72900000000004,1605,3.3485058181800635,-396.4349999999314,11.235,-407.6699999999314,band_vwap
2019-12-19,LONG,2019-12-19 12:00:00,2019-12-19 13:00:00,320.501,320.53900000000004,1604,3.362175092427557,60.95200000010868,11.228,49.72400000010868,band_vwap
2019-12-19,LONG,2019-12-19 13:30:00,2019-12-19 15:59:00,320.64099999999996,320.90900000000005,1604,3.362175092427557,429.87200000013786,11.228,418.64400000013785,market_close
2019-12-26,LONG,2019-12-26 12:00:00,2019-12-26 12:30:00,322.28099999999995,322.04900000000004,1903,4.0,-441.49599999983644,13.321,-454.81699999983647,band_vwap
2019-12-26,LONG,2019-12-26 13:30:00,2019-12-26 14:30:00,322.316,322.29900000000004,1903,4.0,-32.35099999988404,13.321,-45.67199999988404,band_vwap
2019-12-30,SHORT,2019-12-30 10:00:00,2019-12-30 12:00:00,321.46950000000004,321.46099999999996,1889,4.0,16.0565000001572,13.223,2.8335000001571995,band_vwap
2019-12-30,SHORT,2019-12-30 12:30:00,2019-12-30 13:00:00,321.879,321.83099999999996,1889,4.0,90.67200000011081,13.223,77.44900000011081,band_vwap
2019-12-30,SHORT,2019-12-30 13:30:00,2019-12-30 14:00:00,321.589,321.736,1889,4.0,-277.6829999999837,13.223,-290.9059999999837,band_vwap
2019-12-30,SHORT,2019-12-30 14:30:00,2019-12-30 15:59:00,321.269,321.101,1889,4.0,317.352000000012,13.223,304.129000000012,market_close
2020-01-08,LONG,2020-01-08 10:00:00,2020-01-08 10:30:00,323.731,323.40900000000005,1890,4.0,-608.5799999998977,13.23,-621.8099999998977,band_vwap
2020-01-08,LONG,2020-01-08 11:30:00,2020-01-08 15:59:00,324.03099999999995,324.41900000000004,1890,4.0,733.320000000171,13.23,720.090000000171,market_close
2020-01-13,LONG,2020-01-13 12:00:00,2020-01-13 14:00:00,327.27099999999996,327.22900000000004,1871,4.0,-78.58199999984345,13.097,-91.67899999984344,band_vwap
2020-01-13,LONG,2020-01-13 14:30:00,2020-01-13 15:30:00,327.491,327.369,1871,4.0,-228.26199999992002,13.097,-241.35899999992003,band_vwap
2020-01-15,LONG,2020-01-15 10:00:00,2020-01-15 13:00:00,328.611,328.15900000000005,1858,3.992289623093933,-839.815999999891,13.006,-852.821999999891,band_vwap
2020-01-15,LONG,2020-01-15 14:30:00,2020-01-15 15:00:00,328.64099999999996,328.259,1858,3.992289623093933,-709.7559999999037,13.006,-722.7619999999037,band_vwap
2020-01-23,SHORT,2020-01-23 11:30:00,2020-01-23 12:00:00,329.67900000000003,330.161,1824,4.0,-879.1679999999469,12.768,-891.935999999947,band_vwap
2020-01-24,SHORT,2020-01-24 10:30:00,2020-01-24 15:59:00,330.97900000000004,328.751,1803,4.0,4017.084000000118,12.621,4004.463000000118,market_close
2020-01-28,LONG,2020-01-28 10:30:00,2020-01-28 15:59:00,326.34099999999995,326.889,1438,3.0377699040472614,788.0240000000844,10.066,777.9580000000843,market_close
2020-01-30,SHORT,2020-01-30 11:00:00,2020-01-30 11:30:00,323.72900000000004,324.941,1365,2.8621892961721516,-1654.3799999999076,9.555,-1663.9349999999076,band_vwap
2020-01-31,SHORT,2020-01-31 10:00:00,2020-01-31 15:59:00,326.029,321.741,1375,2.939951162403689,5896.000000000015,9.625,5886.375000000015,market_close
2020-02-03,LONG,2020-02-03 10:00:00,2020-02-03 11:30:00,325.171,324.689,1174,2.3890225559585656,-565.8679999999658,8.218,-574.0859999999658,band_vwap
2020-02-03,LONG,2020-02-03 12:30:00,2020-02-03 13:00:00,324.561,324.84900000000005,1174,2.3890225559585656,338.11200000007955,8.218,329.89400000007953,band_vwap
2020-02-03,LONG,2020-02-03 14:00:00,2020-02-03 14:30:00,324.621,324.29400000000004,1174,2.3890225559585656,-383.89799999993113,8.218,-392.11599999993115,band_vwap
2020-02-03,LONG,2020-02-03 15:30:00,2020-02-03 15:59:00,324.95099999999996,324.139,1174,2.3890225559585656,-953.2879999999471,8.218,-961.5059999999471,market_close
2020-02-04,LONG,2020-02-04 10:30:00,2020-02-04 11:00:00,329.121,328.959,1139,2.3769252534940373,-184.51799999997462,7.973,-192.49099999997463,band_vwap
2020-02-04,LONG,2020-02-04 11:30:00,2020-02-04 15:59:00,329.39099999999996,329.079,1139,2.3769252534940373,-355.3679999999487,7.973,-363.34099999994874,market_close
2020-02-10,LONG,2020-02-10 10:30:00,2020-02-10 12:30:00,333.311,333.149,968,2.0460141306167707,-156.81599999997843,6.776,-163.59199999997844,band_vwap
2020-02-10,LONG,2020-02-10 15:00:00,2020-02-10 15:59:00,333.801,334.689,968,2.0460141306167707,859.5840000000326,6.776,852.8080000000326,market_close
2020-02-18,SHORT,2020-02-18 12:00:00,2020-02-18 12:30:00,335.259,335.801,1142,2.4414974203653963,-618.9639999999694,7.994,-626.9579999999694,band_vwap
2020-02-19,LONG,2020-02-19 11:30:00,2020-02-19 12:00:00,338.78099999999995,338.65900000000005,1155,2.489131554594494,-140.90999999988497,8.085,-148.99499999988498,band_vwap
2020-02-19,LONG,2020-02-19 13:30:00,2020-02-19 14:00:00,338.76099999999997,338.639,1155,2.489131554594494,-140.90999999995063,8.085,-148.99499999995064,band_vwap
2020-02-20,SHORT,2020-02-20 11:30:00,2020-02-20 13:30:00,335.96900000000005,336.231,1156,2.495253071129803,-302.8719999999348,8.092,-310.9639999999348,band_vwap
2020-02-20,SHORT,2020-02-20 14:00:00,2020-02-20 14:30:00,335.85400000000004,336.39099999999996,1156,2.495253071129803,-620.7719999999085,8.092,-628.8639999999085,band_vwap
2020-02-21,SHORT,2020-02-21 10:00:00,2020-02-21 11:30:00,334.089,334.27099999999996,1131,2.4404705849342765,-205.84199999995423,7.917,-213.75899999995423,band_vwap
2020-02-21,SHORT,2020-02-21 12:30:00,2020-02-21 15:59:00,334.154,333.491,1131,2.4404705849342765,749.8530000000123,7.917,741.9360000000123,market_close
2020-02-25,SHORT,2020-02-25 10:30:00,2020-02-25 15:59:00,320.269,312.70099999999996,828,1.719477357697607,6266.304000000034,5.796,6260.5080000000335,market_close
2020-02-26,LONG,2020-02-26 10:00:00,2020-02-26 12:00:00,315.51099999999997,315.41900000000004,784,1.5176434179164182,-72.12799999994331,5.488,-77.61599999994331,band_vwap
2020-02-26,SHORT,2020-02-26 14:00:00,2020-02-26 14:30:00,311.089,312.21099999999996,784,1.5176434179164182,-879.6479999999665,5.488,-885.1359999999665,band_vwap
2020-02-27,SHORT,2020-02-27 10:30:00,2020-02-27 11:00:00,302.54900000000004,305.53099999999995,848,1.6049139145150693,-2528.735999999927,5.936,-2534.6719999999273,band_vwap
2020-02-27,SHORT,2020-02-27 15:00:00,2020-02-27 15:59:00,303.199,297.551,848,1.6049139145150693,4789.504000000021,5.936,4783.568000000021,market_close
2020-02-28,SHORT,2020-02-28 10:00:00,2020-02-28 11:00:00,287.559,289.96099999999996,699,1.2346574298308648,-1678.997999999951,4.893,-1683.890999999951,band_vwap
2020-03-02,LONG,2020-03-02 11:30:00,2020-03-02 15:00:00,301.601,300.059,670,1.233987384744464,-1033.1399999999821,4.69,-1037.8299999999822,band_vwap
2020-03-02,LONG,2020-03-02 15:30:00,2020-03-02 15:59:00,303.351,309.079,670,1.233987384744464,3837.7600000000057,4.69,3833.0700000000056,market_close
2020-03-03,SHORT,2020-03-03 10:00:00,2020-03-03 10:30:00,305.939,309.501,506,0.9509763792020025,-1802.371999999977,3.5420000000000003,-1805.913999999977,band_vwap
2020-03-03,SHORT,2020-03-03 11:30:00,2020-03-03 15:59:00,303.35900000000004,300.34099999999995,506,0.9509763792020025,1527.1080000000434,3.5420000000000003,1523.5660000000435,market_close
2020-03-04,LONG,2020-03-04 13:30:00,2020-03-04 15:59:00,308.89099999999996,312.90900000000005,494,0.9192897567827312,1984.8920000000426,3.458,1981.4340000000425,market_close
2020-03-05,SHORT,2020-03-05 14:30:00,2020-03-05 15:00:00,301.40900000000005,302.361,431,0.790781470938083,-410.3119999999747,3.017,-413.3289999999747,band_vwap
2020-03-05,SHORT,2020-03-05 15:30:00,2020-03-05 15:59:00,300.639,302.45099999999996,431,0.790781470938083,-780.9719999999807,3.017,-783.9889999999807,market_close
2020-03-10,SHORT,2020-03-10 10:00:00,2020-03-10 13:30:00,282.629,279.26099999999997,441,0.7597179017723734,1485.2880000000227,3.087,1482.2010000000228,band_vwap
2020-03-10,SHORT,2020-03-10 14:00:00,2020-03-10 14:30:00,277.1952,278.881,441,0.7597179017723734,-743.4377999999876,3.087,-746.5247999999876,band_vwap
2020-03-11,SHORT,2020-03-11 10:30:00,2020-03-11 15:59:00,278.829,274.361,440,0.7445042369977765,1965.9200000000078,3.08,1962.8400000000079,market_close
2020-03-13,SHORT,2020-03-13 10:00:00,2020-03-13 10:30:00,256.559,259.28099999999995,451,0.707311756953598,-1227.6219999999653,3.157,-1230.7789999999652,band_vwap
2020-03-13,SHORT,2020-03-13 11:00:00,2020-03-13 13:30:00,254.439,258.65099999999995,451,0.707311756953598,-1899.6119999999823,3.157,-1902.7689999999823,band_vwap
2020-03-13,SHORT,2020-03-13 14:00:00,2020-03-13 15:00:00,259.28900000000004,256.981,451,0.707311756953598,1040.9080000000224,3.157,1037.7510000000225,band_vwap
2020-03-13,SHORT,2020-03-13 15:30:00,2020-03-13 15:59:00,258.96900000000005,270.931,451,0.707311756953598,-5394.861999999969,3.157,-5398.018999999969,market_close
2020-03-17,SHORT,2020-03-17 10:00:00,2020-03-17 10:30:00,238.159,243.761,465,0.7111772778765473,-2604.9300000000017,3.255,-2608.1850000000018,band_vwap
2020-03-20,SHORT,2020-03-20 10:00:00,2020-03-20 10:30:00,239.099,241.781,410,0.6306778812325984,-1099.6200000000067,2.87,-1102.4900000000066,band_vwap
2020-03-20,SHORT,2020-03-20 12:30:00,2020-03-20 14:00:00,235.299,237.836,410,0.6306778812325984,-1040.1700000000026,2.87,-1043.0400000000025,band_vwap
2020-03-20,SHORT,2020-03-20 14:30:00,2020-03-20 15:59:00,234.93529999999998,228.941,410,0.6306778812325984,2457.6629999999923,2.87,2454.7929999999924,market_close
2020-03-23,SHORT,2020-03-23 11:00:00,2020-03-23 13:00:00,223.519,227.401,424,0.6120956712175507,-1645.9680000000021,2.968,-1648.9360000000022,band_vwap
2020-03-23,SHORT,2020-03-23 13:30:00,2020-03-23 15:59:00,225.379,222.511,424,0.6120956712175507,1216.0319999999979,2.968,1213.0639999999978,market_close
2020-03-24,LONG,2020-03-24 10:30:00,2020-03-24 11:30:00,238.471,238.369,416,0.6192333776148601,-42.43200000000161,2.912,-45.34400000000161,band_vwap
2020-03-24,LONG,2020-03-24 12:00:00,2020-03-24 14:00:00,240.431,237.239,416,0.6192333776148601,-1327.872000000003,2.912,-1330.784000000003,band_vwap
2020-03-24,LONG,2020-03-24 15:00:00,2020-03-24 15:59:00,240.561,243.589,416,0.6192333776148601,1259.6479999999965,2.912,1256.7359999999965,market_close
2020-03-25,LONG,2020-03-25 12:30:00,2020-03-25 15:59:00,249.731,246.769,290,0.45048345053059885,-858.9799999999968,2.0300000000000002,-861.0099999999968,market_close
2020-03-26,LONG,2020-03-26 10:00:00,2020-03-26 15:59:00,253.711,261.389,279,0.4453218432311633,2142.1619999999994,1.953,2140.2089999999994,market_close
2020-03-30,LONG,2020-03-30 13:00:00,2020-03-30 14:00:00,260.33099999999996,259.089,266,0.4288643418758963,-330.37199999998984,1.862,-332.23399999998986,band_vwap
2020-04-02,LONG,2020-04-02 10:30:00,2020-04-02 11:30:00,249.02100000000002,249.19899999999998,278,0.4309809412719025,49.48399999999134,1.946,47.53799999999134,band_vwap
2020-04-02,LONG,2020-04-02 12:00:00,2020-04-02 12:30:00,250.80100000000002,250.549,278,0.4309809412719025,-70.05600000000265,1.946,-72.00200000000265,band_vwap
2020-04-02,LONG,2020-04-02 13:00:00,2020-04-02 13:30:00,251.001,247.999,278,0.4309809412719025,-834.5560000000027,1.946,-836.5020000000027,band_vwap
2020-04-03,SHORT,2020-04-03 13:30:00,2020-04-03 14:30:00,246.689,246.821,267,0.4252256387382321,-35.244000000001336,1.869,-37.113000000001335,band_vwap
2020-04-06,LONG,2020-04-06 13:00:00,2020-04-06 14:30:00,262.38599999999997,261.65900000000005,267,0.4380904399999795,-194.10899999997827,1.869,-195.97799999997827,band_vwap
2020-04-08,LONG,2020-04-08 14:30:00,2020-04-08 15:30:00,272.816,273.84900000000005,253,0.4310537861221314,261.3490000000183,1.7710000000000001,259.5780000000183,band_vwap
2020-04-09,LONG,2020-04-09 10:00:00,2020-04-09 10:30:00,280.51099999999997,279.149,257,0.4532930669559262,-350.03399999999135,1.799,-351.83299999999133,band_vwap
2020-04-13,SHORT,2020-04-13 10:00:00,2020-04-13 12:00:00,274.149,273.601,280,0.49369552237483044,153.4400000000005,1.96,151.4800000000005,band_vwap
2020-04-13,SHORT,2020-04-13 13:30:00,2020-04-13 14:00:00,272.90900000000005,274.08099999999996,280,0.49369552237483044,-328.1599999999753,1.96,-330.1199999999753,band_vwap
2020-04-14,LONG,2020-04-14 10:00:00,2020-04-14 10:30:00,282.861,283.009,284,0.5090475856676915,42.032000000006974,1.988,40.044000000006974,band_vwap
2020-04-21,SHORT,2020-04-21 11:00:00,2020-04-21 13:30:00,274.15900000000005,274.491,390,0.6866838095424374,-129.47999999997535,2.73,-132.20999999997534,band_vwap
2020-04-21,SHORT,2020-04-21 14:00:00,2020-04-21 14:30:00,274.019,274.96099999999996,390,0.6866838095424374,-367.37999999998067,2.73,-370.1099999999807,band_vwap
2020-04-21,SHORT,2020-04-21 15:00:00,2020-04-21 15:30:00,273.48900000000003,274.291,390,0.6866838095424374,-312.779999999986,2.73,-315.509999999986,band_vwap
2020-04-23,LONG,2020-04-23 10:30:00,2020-04-23 12:00:00,282.441,282.309,414,0.7425206511120005,-54.64799999997854,2.898,-57.54599999997854,band_vwap
2020-04-29,LONG,2020-04-29 13:00:00,2020-04-29 15:59:00,293.95099999999996,293.189,528,0.9860407549677488,-402.3359999999702,3.696,-406.03199999997025,market_close
2020-04-30,SHORT,2020-04-30 12:00:00,2020-04-30 13:00:00,289.584,289.96099999999996,547,1.0238265610989894,-206.21899999997413,3.829,-210.04799999997414,band_vwap
2020-04-30,SHORT,2020-04-30 13:30:00,2020-04-30 15:30:00,289.749,290.551,547,1.0238265610989894,-438.69399999998035,3.829,-442.52299999998036,band_vwap
2020-05-01,SHORT,2020-05-01 12:00:00,2020-05-01 15:59:00,282.71900000000005,282.731,553,1.017302242490241,-6.635999999968817,3.871,-10.506999999968818,market_close
2020-05-05,LONG,2020-05-05 10:00:00,2020-05-05 10:30:00,288.161,287.499,559,1.0324286736364674,-370.05799999998754,3.9130000000000003,-373.97099999998755,band_vwap
2020-05-05,LONG,2020-05-05 11:30:00,2020-05-05 12:30:00,288.52099999999996,288.78900000000004,559,1.0324286736364674,149.81200000004804,3.9130000000000003,145.89900000004803,band_vwap
2020-05-05,LONG,2020-05-05 13:00:00,2020-05-05 15:30:00,288.411,287.15900000000005,559,1.0324286736364674,-699.8679999999736,3.9130000000000003,-703.7809999999736,band_vwap
2020-05-07,LONG,2020-05-07 10:00:00,2020-05-07 10:30:00,288.631,288.019,577,1.0769123501025795,-353.1239999999806,4.039,-357.16299999998057,band_vwap
2020-05-12,SHORT,2020-05-12 13:30:00,2020-05-12 14:00:00,290.79900000000004,291.4752,741,1.4138496565722392,-501.0641999999537,5.187,-506.2511999999537,band_vwap
2020-05-12,SHORT,2020-05-12 14:30:00,2020-05-12 15:00:00,290.839,291.041,741,1.4138496565722392,-149.68199999999865,5.187,-154.86899999999866,band_vwap
2020-05-12,SHORT,2020-05-12 15:30:00,2020-05-12 15:59:00,289.634,286.621,741,1.4138496565722392,2232.633000000025,5.187,2227.446000000025,market_close
2020-05-13,SHORT,2020-05-13 10:00:00,2020-05-13 10:30:00,284.839,286.33099999999996,740,1.361051588393801,-1104.0799999999717,5.18,-1109.2599999999718,band_vwap
2020-05-13,SHORT,2020-05-13 11:00:00,2020-05-13 15:59:00,284.759,281.671,740,1.361051588393801,2285.1200000000163,5.18,2279.9400000000164,market_close
2020-05-14,SHORT,2020-05-14 10:00:00,2020-05-14 11:00:00,276.889,279.871,721,1.2844688518153826,-2150.021999999979,5.047,-2155.068999999979,band_vwap
2020-05-18,LONG,2020-05-18 11:00:00,2020-05-18 12:00:00,294.52599999999995,295.029,705,1.336323296947878,354.61500000003014,4.9350000000000005,349.68000000003013,band_vwap
2020-05-18,LONG,2020-05-18 13:30:00,2020-05-18 15:30:00,295.77599999999995,295.78400000000005,705,1.336323296947878,5.640000000067005,4.9350000000000005,0.7050000000670043,band_vwap
2020-05-20,LONG,2020-05-20 10:30:00,2020-05-20 12:00:00,297.32099999999997,297.572,662,1.2651938929118594,166.16200000002198,4.634,161.52800000002196,band_vwap
2020-05-21,SHORT,2020-05-21 11:00:00,2020-05-21 12:30:00,295.824,295.371,646,1.2362469016323752,292.63800000002027,4.522,288.1160000000203,band_vwap
2020-05-22,SHORT,2020-05-22 11:00:00,2020-05-22 11:30:00,293.42900000000003,293.721,736,1.3959636555779398,-214.91199999998025,5.152,-220.06399999998024,band_vwap
2020-05-27,SHORT,2020-05-27 11:00:00,2020-05-27 11:30:00,298.029,298.931,709,1.3814946445625746,-639.5179999999907,4.963,-644.4809999999907,band_vwap
2020-05-29,SHORT,2020-05-29 11:00:00,2020-05-29 11:30:00,301.019,301.371,709,1.3891272553648166,-249.5679999999826,4.963,-254.53099999998258,band_vwap
2020-06-03,LONG,2020-06-03 15:00:00,2020-06-03 15:59:00,312.131,312.21070000000003,816,1.6413371734730713,65.03520000004846,5.712,59.32320000004846,market_close
2020-06-05,LONG,2020-06-05 11:00:00,2020-06-05 15:59:00,319.171,319.269,908,1.8680081194655067,88.98400000001197,6.356,82.62800000001198,market_close
2020-06-08,LONG,2020-06-08 14:00:00,2020-06-08 15:59:00,321.77099999999996,323.249,814,1.6894067339715686,1203.0920000000533,5.698,1197.3940000000532,market_close
2020-06-10,SHORT,2020-06-10 10:30:00,2020-06-10 11:30:00,319.009,319.65099999999995,995,2.056878840287099,-638.7899999999394,6.965,-645.7549999999394,band_vwap
2020-06-11,SHORT,2020-06-11 10:30:00,2020-06-11 15:59:00,310.17400000000004,300.621,1017,2.0447388369948545,9715.401000000054,7.119,9708.282000000054,market_close
2020-06-15,LONG,2020-06-15 14:30:00,2020-06-15 15:30:00,307.921,305.85900000000004,565,1.0240985728335987,-1165.0299999999745,3.955,-1168.9849999999744,band_vwap
2020-06-17,SHORT,2020-06-17 10:30:00,2020-06-17 11:00:00,311.649,312.811,529,1.0162747322104475,-614.6979999999883,3.7030000000000003,-618.4009999999882,band_vwap
2020-06-19,SHORT,2020-06-19 12:30:00,2020-06-19 13:00:00,309.204,310.431,525,1.013559315456516,-644.1749999999871,3.6750000000000003,-647.8499999999871,band_vwap
2020-06-19,SHORT,2020-06-19 13:30:00,2020-06-19 15:00:00,308.889,309.431,525,1.013559315456516,-284.5499999999859,3.6750000000000003,-288.2249999999859,band_vwap
2020-06-24,SHORT,2020-06-24 10:00:00,2020-06-24 15:59:00,307.749,304.121,532,1.0180018003298907,1930.0960000000227,3.724,1926.3720000000228,market_close
2020-06-26,SHORT,2020-06-26 10:00:00,2020-06-26 15:59:00,305.22900000000004,300.01099999999997,544,1.0179518168006918,2838.5920000000406,3.8080000000000003,2834.7840000000406,market_close
2020-06-30,LONG,2020-06-30 11:30:00,2020-06-30 12:00:00,306.89099999999996,306.78900000000004,533,0.9721255101748356,-54.365999999956614,3.731,-58.096999999956616,band_vwap
2020-07-02,LONG,2020-07-02 10:00:00,2020-07-02 10:30:00,315.38599999999997,313.61100000000005,769,1.4515551091550305,-1364.9749999999387,5.383,-1370.3579999999388,band_vwap
2020-07-08,LONG,2020-07-08 10:00:00,2020-07-08 10:30:00,316.101,315.249,786,1.4970280444837933,-669.6719999999807,5.502,-675.1739999999807,band_vwap
2020-07-09,SHORT,2020-07-09 11:00:00,2020-07-09 13:00:00,311.949,313.4994,774,1.4897632313973888,-1200.009599999975,5.418,-1205.427599999975,band_vwap
2020-07-09,SHORT,2020-07-09 13:30:00,2020-07-09 14:30:00,313.91400000000004,314.551,774,1.4897632313973888,-493.03799999995636,5.418,-498.45599999995636,band_vwap
2020-07-10,LONG,2020-07-10 15:00:00,2020-07-10 15:59:00,316.921,317.60900000000004,765,1.4773854078811266,526.3200000000345,5.355,520.9650000000345,market_close
2020-07-13,LONG,2020-07-13 11:30:00,2020-07-13 12:00:00,322.246,321.72900000000004,763,1.4960471653264942,-394.4709999999535,5.341,-399.8119999999535,band_vwap
2020-07-13,LONG,2020-07-13 13:30:00,2020-07-13 14:00:00,322.26599999999996,321.90900000000005,763,1.4960471653264942,-272.3909999999344,5.341,-277.73199999993443,band_vwap
2020-07-14,LONG,2020-07-14 14:30:00,2020-07-14 15:59:00,317.241,318.889,764,1.4708122082074133,1259.0720000000188,5.348,1253.7240000000188,market_close
2020-07-20,LONG,2020-07-20 13:00:00,2020-07-20 15:59:00,323.03099999999995,324.35900000000004,1162,2.278221220697956,1543.1360000001025,8.134,1535.0020000001025,market_close
2020-07-22,LONG,2020-07-22 10:00:00,2020-07-22 10:30:00,325.721,325.30400000000003,1275,2.5000449192953065,-531.6749999999658,8.925,-540.5999999999658,band_vwap
2020-07-23,SHORT,2020-07-23 13:00:00,2020-07-23 15:59:00,325.249,322.936,1266,2.5055196337388415,2928.258000000057,8.862,2919.396000000057,market_close
2020-07-27,LONG,2020-07-27 10:00:00,2020-07-27 11:00:00,322.621,322.589,1238,2.371238471074908,-39.615999999978044,8.666,-48.28199999997804,band_vwap
2020-07-29,LONG,2020-07-29 10:00:00,2020-07-29 15:59:00,322.811,325.089,1295,2.4852784868623625,2950.0100000000257,9.065,2940.9450000000256,market_close
2020-07-30,SHORT,2020-07-30 10:00:00,2020-07-30 11:00:00,320.129,321.421,1277,2.407865852122979,-1649.8839999999657,8.939,-1658.8229999999658,band_vwap
2020-07-31,SHORT,2020-07-31 10:30:00,2020-07-31 11:00:00,322.7389,323.32099999999997,1277,2.4617264979249978,-743.3416999999598,8.939,-752.2806999999598,band_vwap
2020-07-31,SHORT,2020-07-31 12:30:00,2020-07-31 13:30:00,322.889,322.721,1277,2.4617264979249978,214.53600000000813,8.939,205.59700000000814,band_vwap
2020-07-31,SHORT,2020-07-31 14:30:00,2020-07-31 15:00:00,322.589,323.881,1277,2.4617264979249978,-1649.8839999999657,8.939,-1658.8229999999658,band_vwap
2020-08-06,LONG,2020-08-06 14:30:00,2020-08-06 15:59:00,333.6311,334.309,1459,2.8982134293804367,989.0561000000326,10.213000000000001,978.8431000000327,market_close
2020-08-10,SHORT,2020-08-10 11:00:00,2020-08-10 11:30:00,333.189,334.361,1469,2.9313945127428616,-1721.667999999954,10.283,-1731.9509999999539,band_vwap
2020-08-12,LONG,2020-08-12 10:00:00,2020-08-12 13:30:00,336.39099999999996,336.66900000000004,1360,2.7465189771960126,378.0800000001045,9.52,368.56000000010454,band_vwap
2020-08-12,LONG,2020-08-12 14:00:00,2020-08-12 15:59:00,337.881,337.41900000000004,1360,2.7465189771960126,-628.3199999999078,9.52,-637.8399999999078,market_close
2020-08-18,SHORT,2020-08-18 10:30:00,2020-08-18 11:00:00,336.79900000000004,337.77099999999996,1650,3.365626890157238,-1603.7999999998733,11.55,-1615.3499999998733,band_vwap
2020-08-20,LONG,2020-08-20 15:00:00,2020-08-20 15:30:00,338.221,338.029,1784,3.642254246724397,-342.528000000013,12.488,-355.016000000013,band_vwap
2020-08-21,LONG,2020-08-21 15:00:00,2020-08-21 15:59:00,339.34099999999995,339.439,1832,3.775644690079413,179.5360000001283,12.824,166.71200000012828,market_close
2020-08-26,LONG,2020-08-26 11:30:00,2020-08-26 15:59:00,345.441,347.559,1729,3.6328176210530008,3662.0220000000895,12.103,3649.9190000000895,market_close
2020-08-27,LONG,2020-08-27 10:00:00,2020-08-27 10:30:00,349.26099999999997,349.209,1670,3.470848347605915,-86.83999999994,11.69,-98.52999999994,band_vwap
2020-08-27,LONG,2020-08-27 11:00:00,2020-08-27 11:30:00,349.53099999999995,348.97900000000004,1670,3.470848347605915,-921.8399999998451,11.69,-933.5299999998451,band_vwap
2020-08-27,LONG,2020-08-27 12:00:00,2020-08-27 12:30:00,349.541,348.21900000000005,1670,3.470848347605915,-2207.7399999999097,11.69,-2219.42999999991,band_vwap
2020-08-31,SHORT,2020-08-31 11:30:00,2020-08-31 12:00:00,349.48900000000003,350.15099999999995,1615,3.4396111825911957,-1069.1299999998723,11.305,-1080.4349999998724,band_vwap
2020-09-01,LONG,2020-09-01 10:30:00,2020-09-01 11:00:00,351.39099999999996,350.66900000000004,1790,3.835602715498907,-1292.3799999998623,12.530000000000001,-1304.9099999998623,band_vwap
2020-09-01,LONG,2020-09-01 13:00:00,2020-09-01 15:59:00,351.202,352.559,1790,3.835602715498907,2429.0300000000498,12.530000000000001,2416.5000000000496,market_close
2020-09-02,LONG,2020-09-02 12:30:00,2020-09-02 15:59:00,355.431,357.67900000000003,1856,4.0,4172.288000000088,12.992,4159.296000000088,market_close
2020-09-03,SHORT,2020-09-03 10:30:00,2020-09-03 15:59:00,352.73900000000003,345.411,1789,3.7740966106704197,13109.792000000056,12.523,13097.269000000057,market_close
2020-09-04,SHORT,2020-09-04 10:00:00,2020-09-04 12:30:00,343.54900000000004,340.491,904,1.7221974164473104,2764.432000000045,6.328,2758.104000000045,band_vwap
2020-09-04,SHORT,2020-09-04 13:00:00,2020-09-04 14:00:00,340.889,340.356,904,1.7221974164473104,481.832000000014,6.328,475.504000000014,band_vwap
2020-09-04,SHORT,2020-09-04 14:30:00,2020-09-04 15:00:00,341.48900000000003,344.561,904,1.7221974164473104,-2777.087999999951,6.328,-2783.415999999951,band_vwap
2020-09-08,SHORT,2020-09-08 15:00:00,2020-09-08 15:30:00,334.48900000000003,335.001,909,1.6798357748566157,-465.40799999994874,6.363,-471.77099999994874,band_vwap
2020-09-09,LONG,2020-09-09 10:00:00,2020-09-09 15:59:00,338.161,339.759,764,1.4192555481301652,1220.87200000001,5.348,1215.5240000000101,market_close
2020-09-10,SHORT,2020-09-10 14:30:00,2020-09-10 15:59:00,334.259,333.921,710,1.3266819312375464,239.98000000001582,4.97,235.01000000001582,market_close
2020-09-11,SHORT,2020-09-11 13:30:00,2020-09-11 14:30:00,331.699,332.411,691,1.2673937507932855,-491.99199999999246,4.837,-496.82899999999245,band_vwap
2020-09-14,LONG,2020-09-14 10:00:00,2020-09-14 13:00:00,338.94599999999997,339.569,688,1.2708704184668849,428.62400000003254,4.816,423.80800000003256,band_vwap
2020-09-18,SHORT,2020-09-18 10:00:00,2020-09-18 10:30:00,333.91400000000004,334.4625,695,1.2725249847365956,-381.20749999995354,4.865,-386.07249999995355,band_vwap
2020-09-18,SHORT,2020-09-18 11:00:00,2020-09-18 15:59:00,332.769,330.691,695,1.2725249847365956,1444.2100000000219,4.865,1439.3450000000219,market_close
2020-09-21,SHORT,2020-09-21 10:30:00,2020-09-21 12:00:00,322.699,323.621,713,1.262179332610757,-657.3859999999777,4.9910000000000005,-662.3769999999777,band_vwap
2020-09-23,SHORT,2020-09-23 12:00:00,2020-09-23 13:00:00,327.509,328.65099999999995,692,1.2480490235925694,-790.2639999999578,4.844,-795.1079999999579,band_vwap
2020-09-23,SHORT,2020-09-23 14:00:00,2020-09-23 15:59:00,326.999,322.661,692,1.2480490235925694,3001.896000000015,4.844,2997.052000000015,market_close
2020-09-24,LONG,2020-09-24 13:30:00,2020-09-24 14:30:00,326.32099999999997,324.53900000000004,734,1.2700743423322673,-1307.9879999999453,5.138,-1313.1259999999452,band_vwap
2020-09-25,LONG,2020-09-25 13:30:00,2020-09-25 15:59:00,326.19289999999995,328.689,826,1.4451321935146708,2061.7786000000574,5.782,2055.9966000000572,market_close
2020-09-29,SHORT,2020-09-29 12:00:00,2020-09-29 13:00:00,332.15900000000005,332.69599999999997,804,1.4396510784207839,-431.7479999999364,5.628,-437.37599999993637,band_vwap
2020-09-30,LONG,2020-09-30 10:00:00,2020-09-30 15:00:00,335.061,335.884,873,1.5632088521440641,718.4790000000314,6.111,712.3680000000314,band_vwap
2020-10-05,LONG,2020-10-05 10:30:00,2020-10-05 13:30:00,337.661,338.459,927,1.6681613537310982,739.7460000000017,6.489,733.2570000000017,band_vwap
2020-10-05,LONG,2020-10-05 15:00:00,2020-10-05 15:59:00,339.161,339.72900000000004,927,1.6681613537310982,526.5360000000376,6.489,520.0470000000375,market_close
2020-10-06,SHORT,2020-10-06 15:00:00,2020-10-06 15:59:00,337.019,334.941,857,1.5508988872668532,1780.8460000000268,5.9990000000000006,1774.8470000000268,market_close
2020-10-07,LONG,2020-10-07 14:30:00,2020-10-07 15:59:00,341.20099999999996,340.72900000000004,837,1.4914824964014513,-395.0639999999357,5.859,-400.92299999993566,market_close
2020-10-12,LONG,2020-10-12 11:30:00,2020-10-12 15:59:00,351.741,352.42900000000003,851,1.570510220470959,585.4880000000383,5.957,579.5310000000383,market_close
2020-10-14,LONG,2020-10-14 10:00:00,2020-10-14 10:30:00,351.731,350.17900000000003,996,1.8402091292797893,-1545.7919999999642,6.972,-1552.7639999999642,band_vwap
2020-10-14,SHORT,2020-10-14 12:00:00,2020-10-14 14:00:00,348.189,348.10699999999997,996,1.8402091292797893,81.67200000005028,6.972,74.70000000005028,band_vwap
2020-10-16,LONG,2020-10-16 10:30:00,2020-10-16 11:00:00,350.621,349.879,981,1.8174289652691749,-727.9019999999625,6.867,-734.7689999999625,band_vwap
2020-10-19,SHORT,2020-10-19 14:00:00,2020-10-19 15:59:00,344.819,342.02099999999996,1033,1.9179020944991703,2890.3340000000608,7.231,2883.1030000000605,market_close
2020-10-20,LONG,2020-10-20 10:00:00,2020-10-20 10:30:00,344.82099999999997,344.29900000000004,983,1.7713088971586344,-513.1259999999356,6.881,-520.0069999999356,band_vwap
2020-10-20,LONG,2020-10-20 13:30:00,2020-10-20 14:30:00,346.411,345.53900000000004,983,1.7713088971586344,-857.175999999958,6.881,-864.056999999958,band_vwap
2020-10-21,LONG,2020-10-21 10:00:00,2020-10-21 11:00:00,345.40599999999995,344.04900000000004,984,1.7862372324504225,-1335.2879999999154,6.888,-1342.1759999999153,band_vwap
2020-10-26,SHORT,2020-10-26 11:00:00,2020-10-26 15:59:00,339.649,339.416,1114,2.0288911361832853,259.56200000000456,7.798,251.76400000000456,market_close
2020-10-27,SHORT,2020-10-27 10:30:00,2020-10-27 11:00:00,338.46900000000005,338.78099999999995,1063,1.919731278524628,-331.6559999998917,7.441,-339.0969999998917,band_vwap
2020-10-28,SHORT,2020-10-28 10:00:00,2020-10-28 15:59:00,331.28900000000004,326.681,1210,2.140758134870906,5575.680000000074,8.47,5567.210000000074,market_close
2020-10-29,LONG,2020-10-29 10:00:00,2020-10-29 15:59:00,327.871,329.98900000000003,941,1.5912518299195328,1993.0380000000487,6.587,1986.4510000000487,market_close
2020-10-30,SHORT,2020-10-30 10:30:00,2020-10-30 12:30:00,325.25890000000004,326.496,940,1.5803535105244102,-1162.8739999999448,6.58,-1169.4539999999447,band_vwap
2020-10-30,SHORT,2020-10-30 13:00:00,2020-10-30 15:59:00,324.959,326.53099999999995,940,1.5803535105244102,-1477.6799999999491,6.58,-1484.259999999949,market_close
2020-11-03,LONG,2020-11-03 10:00:00,2020-11-03 13:00:00,335.381,336.279,943,1.632912877591376,846.8140000000232,6.601,840.2130000000232,band_vwap
2020-11-03,LONG,2020-11-03 13:30:00,2020-11-03 14:00:00,336.26099999999997,335.029,943,1.632912877591376,-1161.7759999999726,6.601,-1168.3769999999727,band_vwap
2020-11-03,LONG,2020-11-03 15:30:00,2020-11-03 15:59:00,336.431,335.96900000000005,943,1.632912877591376,-435.6659999999361,6.601,-442.2669999999361,market_close
2020-11-04,LONG,2020-11-04 10:00:00,2020-11-04 15:30:00,342.491,343.78900000000004,834,1.4811872527819798,1082.5320000000488,5.838,1076.6940000000488,band_vwap
2020-11-05,LONG,2020-11-05 11:00:00,2020-11-05 11:30:00,351.661,351.09900000000005,734,1.3290361033331408,-412.50799999996696,5.138,-417.64599999996693,band_vwap
2020-11-06,SHORT,2020-11-06 10:00:00,2020-11-06 10:30:00,348.259,349.811,688,1.2503710990197525,-1067.7759999999753,4.816,-1072.5919999999753,band_vwap
2020-11-12,SHORT,2020-11-12 13:30:00,2020-11-12 14:00:00,352.249,353.46099999999996,689,1.2801429651714666,-835.0679999999534,4.823,-839.8909999999534,band_vwap
2020-11-12,SHORT,2020-11-12 14:30:00,2020-11-12 15:59:00,352.67900000000003,353.28099999999995,689,1.2801429651714666,-414.7779999999439,4.823,-419.6009999999439,market_close
2020-11-17,SHORT,2020-11-17 10:00:00,2020-11-17 10:30:00,358.40900000000005,359.481,699,1.323531344171617,-749.3279999999622,4.893,-754.2209999999623,band_vwap
2020-11-24,LONG,2020-11-24 11:30:00,2020-11-24 15:59:00,362.421,363.189,980,1.8640380471174156,752.6400000000285,6.86,745.7800000000285,market_close
2020-11-25,SHORT,2020-11-25 10:00:00,2020-11-25 12:00:00,362.15900000000005,362.171,1045,1.995361971841755,-12.539999999941074,7.315,-19.854999999941075,band_vwap
2020-11-25,SHORT,2020-11-25 12:30:00,2020-11-25 13:00:00,362.089,362.70099999999996,1045,1.995361971841755,-639.5399999999648,7.315,-646.8549999999649,band_vwap
2020-11-30,SHORT,2020-11-30 10:30:00,2020-11-30 13:00:00,361.209,361.29299999999995,1155,2.210847440828152,-97.01999999993802,8.085,-105.10499999993803,band_vwap
2020-11-30,SHORT,2020-11-30 13:30:00,2020-11-30 14:00:00,361.199,361.0232,1155,2.210847440828152,203.0490000000438,8.085,194.9640000000438,band_vwap
2020-12-01,LONG,2020-12-01 10:30:00,2020-12-01 11:00:00,366.981,366.309,1141,2.1986984154101656,-766.7519999999643,7.987,-774.7389999999642,band_vwap
2020-12-01,LONG,2020-12-01 11:30:00,2020-12-01 12:00:00,366.64099999999996,366.249,1141,2.1986984154101656,-447.2719999999305,7.987,-455.2589999999305,band_vwap
2020-12-01,LONG,2020-12-01 13:30:00,2020-12-01 15:00:00,366.981,366.769,1141,2.1986984154101656,-241.89199999998755,7.987,-249.87899999998754,band_vwap
2020-12-03,LONG,2020-12-03 10:30:00,2020-12-03 11:00:00,367.57099999999997,367.499,1151,2.242060125828807,-82.87199999993771,8.057,-90.92899999993772,band_vwap
2020-12-04,LONG,2020-12-04 10:00:00,2020-12-04 14:30:00,368.226,368.639,1158,2.2615013252734517,478.25400000001264,8.106,470.14800000001264,band_vwap
2020-12-04,LONG,2020-12-04 15:00:00,2020-12-04 15:59:00,369.20099999999996,369.829,1158,2.2615013252734517,727.2240000000495,8.106,719.1180000000495,market_close
2020-12-08,LONG,2020-12-08 13:00:00,2020-12-08 14:00:00,370.02599999999995,370.069,1301,2.5277288223696104,55.943000000082236,9.107,46.83600000008224,band_vwap
2020-12-08,LONG,2020-12-08 14:30:00,2020-12-08 15:00:00,370.611,370.264,1301,2.5277288223696104,-451.44699999997397,9.107,-460.55399999997394,band_vwap
2020-12-09,SHORT,2020-12-09 13:00:00,2020-12-09 15:59:00,368.509,366.89099999999996,1381,2.712483785451922,2234.4580000000715,9.667,2224.7910000000716,market_close
2020-12-14,LONG,2020-12-14 10:00:00,2020-12-14 11:00:00,369.52099999999996,368.03900000000004,1537,2.964526336081669,-2277.833999999868,10.759,-2288.592999999868,band_vwap
2020-12-15,LONG,2020-12-15 14:00:00,2020-12-15 15:30:00,369.161,368.84900000000005,1566,3.047131516477676,-488.5919999999295,10.962,-499.5539999999295,band_vwap
2020-12-18,SHORT,2020-12-18 10:00:00,2020-12-18 15:59:00,369.639,369.131,1664,3.277962096201022,845.3120000000636,11.648,833.6640000000635,market_close
2020-12-21,SHORT,2020-12-21 10:30:00,2020-12-21 11:30:00,362.819,364.601,1565,3.0189517550402787,-2788.829999999972,10.955,-2799.784999999972,band_vwap
2020-12-23,LONG,2020-12-23 10:00:00,2020-12-23 10:30:00,368.971,368.504,1652,3.2651191621000146,-771.4839999999745,11.564,-783.0479999999744,band_vwap
2021-01-04,SHORT,2021-01-04 10:30:00,2021-01-04 15:59:00,372.47900000000004,368.851,1615,3.2666219861197248,5859.220000000069,11.305,5847.915000000069,market_close
2021-01-05,LONG,2021-01-05 10:00:00,2021-01-05 10:30:00,370.161,369.749,1428,2.7468237326123397,-588.3359999999682,9.996,-598.3319999999682,band_vwap
2021-01-05,LONG,2021-01-05 13:00:00,2021-01-05 15:59:00,370.51099999999997,371.319,1428,2.7468237326123397,1153.8240000000708,9.996,1143.8280000000707,market_close
2021-01-06,LONG,2021-01-06 10:00:00,2021-01-06 15:30:00,372.2473,374.199,1394,2.685142527721011,2720.6698000000233,9.758000000000001,2710.9118000000235,band_vwap
2021-01-07,LONG,2021-01-07 10:00:00,2021-01-07 15:59:00,378.09099999999995,379.059,1404,2.712218775457561,1359.0720000001047,9.828,1349.2440000001047,market_close
2021-01-15,SHORT,2021-01-15 10:30:00,2021-01-15 11:00:00,374.589,375.32099999999997,1423,2.734411532342693,-1041.6359999999586,9.961,-1051.5969999999586,band_vwap
2021-01-20,LONG,2021-01-20 11:00:00,2021-01-20 11:30:00,382.77099999999996,382.601,1397,2.7316645694380273,-237.48999999994282,9.779,-247.26899999994282,band_vwap
2021-01-20,LONG,2021-01-20 12:30:00,2021-01-20 15:59:00,383.366,383.85900000000004,1397,2.7316645694380273,688.7210000000724,9.779,678.9420000000724,market_close
2021-01-25,SHORT,2021-01-25 11:00:00,2021-01-25 12:00:00,381.23900000000003,382.361,1260,2.474026563173353,-1413.7199999999461,8.82,-1422.539999999946,band_vwap
2021-01-27,SHORT,2021-01-27 10:00:00,2021-01-27 10:30:00,377.569,379.221,1494,2.9288011180862,-2468.08799999998,10.458,-2478.5459999999803,band_vwap
2021-01-27,SHORT,2021-01-27 11:30:00,2021-01-27 13:00:00,378.199,378.65099999999995,1494,2.9288011180862,-675.2879999999124,10.458,-685.7459999999123,band_vwap
2021-01-27,SHORT,2021-01-27 13:30:00,2021-01-27 15:59:00,378.48400000000004,374.441,1494,2.9288011180862,6040.242000000095,10.458,6029.784000000095,market_close
2021-01-28,LONG,2021-01-28 10:00:00,2021-01-28 15:30:00,377.59099999999995,379.319,1067,2.0407081833877805,1843.7760000000699,7.469,1836.3070000000698,band_vwap
2021-01-29,SHORT,2021-01-29 11:30:00,2021-01-29 15:30:00,372.71900000000005,372.14099999999996,1150,2.1736525981725796,664.7000000001015,8.05,656.6500000001015,band_vwap
2021-02-01,LONG,2021-02-01 12:30:00,2021-02-01 15:59:00,376.14099999999996,376.17900000000003,1030,1.9309502397102354,39.14000000006979,7.21,31.93000000006979,market_close
2021-02-02,LONG,2021-02-02 10:00:00,2021-02-02 15:59:00,380.89099999999996,381.53900000000004,927,1.7647542769181297,600.6960000000754,6.489,594.2070000000754,market_close
2021-02-04,LONG,2021-02-04 10:00:00,2021-02-04 10:30:00,383.90099999999995,383.759,871,1.6690613345725924,-123.68199999994692,6.097,-129.77899999994693,band_vwap
2021-02-04,LONG,2021-02-04 11:00:00,2021-02-04 12:00:00,384.27099999999996,384.579,871,1.6690613345725924,268.2680000000432,6.097,262.1710000000432,band_vwap
2021-02-04,LONG,2021-02-04 13:30:00,2021-02-04 15:59:00,385.126,386.16900000000004,871,1.6690613345725924,908.453000000055,6.097,902.356000000055,market_close
2021-02-18,SHORT,2021-02-18 10:30:00,2021-02-18 11:00:00,388.48900000000003,388.986,1184,2.2956560210606414,-588.4479999999494,8.288,-596.7359999999494,band_vwap
2021-02-23,SHORT,2021-02-23 10:00:00,2021-02-23 10:30:00,382.22900000000004,384.371,1776,3.4085045103048346,-3804.191999999892,12.432,-3816.6239999998916,band_vwap
2021-02-23,SHORT,2021-02-23 13:00:00,2021-02-23 13:30:00,382.779,385.0999,1776,3.4085045103048346,-4121.9183999999905,12.432,-4134.35039999999,band_vwap
2021-02-23,LONG,2021-02-23 15:30:00,2021-02-23 15:59:00,388.8623,387.499,1776,3.4085045103048346,-2421.2207999999664,12.432,-2433.652799999966,market_close
2021-02-24,LONG,2021-02-24 11:00:00,2021-02-24 15:59:00,388.351,391.759,1967,4.0,6703.53600000003,13.769,6689.76700000003,market_close
2021-02-25,SHORT,2021-02-25 11:00:00,2021-02-25 15:59:00,388.97900000000004,382.39099999999996,1869,3.7100053552390024,12312.972000000147,13.083,12299.889000000147,market_close
2021-02-26,SHORT,2021-02-26 10:30:00,2021-02-26 11:00:00,378.48900000000003,382.371,1334,2.453663691664893,-5178.587999999931,9.338000000000001,-5187.92599999993,band_vwap
2021-03-01,LONG,2021-03-01 10:00:00,2021-03-01 15:59:00,386.941,389.519,1300,2.4603834122351524,3351.4000000000406,9.1,3342.3000000000407,market_close
2021-03-02,SHORT,2021-03-02 10:30:00,2021-03-02 12:30:00,387.53900000000004,388.2229,1019,1.9170667619416664,-696.8940999999361,7.133,-704.0270999999361,band_vwap
2021-03-03,SHORT,2021-03-03 10:00:00,2021-03-03 11:00:00,384.48900000000003,385.131,1007,1.882552268489918,-646.4939999999386,7.049,-653.5429999999386,band_vwap
2021-03-03,SHORT,2021-03-03 14:30:00,2021-03-03 15:00:00,383.214,384.041,1007,1.882552268489918,-832.7889999999982,7.049,-839.8379999999981,band_vwap
2021-03-03,SHORT,2021-03-03 15:30:00,2021-03-03 15:59:00,382.9916,381.45099999999996,1007,1.882552268489918,1551.3842000000407,7.049,1544.3352000000407,market_close
2021-03-04,SHORT,2021-03-04 13:00:00,2021-03-04 15:59:00,377.009,376.731,972,1.795280844871442,270.21600000001945,6.804,263.4120000000195,market_close
2021-03-05,SHORT,2021-03-05 11:00:00,2021-03-05 12:00:00,375.38,375.84099999999995,948,1.74548791252037,-437.0279999999582,6.636,-443.6639999999582,band_vwap
2021-03-05,LONG,2021-03-05 15:00:00,2021-03-05 15:30:00,383.0929,383.279,948,1.74548791252037,176.42280000000983,6.636,169.78680000000983,band_vwap
2021-03-08,LONG,2021-03-08 10:30:00,2021-03-08 12:00:00,386.691,385.249,851,1.585592001637813,-1227.1419999999578,5.957,-1233.0989999999579,band_vwap
2021-03-08,LONG,2021-03-08 12:30:00,2021-03-08 13:00:00,386.921,386.73900000000003,851,1.585592001637813,-154.88199999996556,5.957,-160.83899999996555,band_vwap
2021-03-08,LONG,2021-03-08 13:30:00,2021-03-08 14:00:00,387.32099999999997,384.339,851,1.585592001637813,-2537.6819999999752,5.957,-2543.638999999975,band_vwap
2021-03-09,LONG,2021-03-09 10:00:00,2021-03-09 15:30:00,387.26939999999996,389.009,830,1.5822040737842673,1443.8680000000436,5.8100000000000005,1438.0580000000436,band_vwap
2021-03-11,LONG,2021-03-11 11:00:00,2021-03-11 14:00:00,394.051,394.559,774,1.4892217865931343,393.19200000002957,5.418,387.77400000002956,band_vwap
2021-03-19,SHORT,2021-03-19 10:00:00,2021-03-19 10:30:00,388.509,388.791,874,1.668067164393307,-246.4679999999845,6.118,-252.5859999999845,band_vwap
2021-03-22,LONG,2021-03-22 10:00:00,2021-03-22 15:59:00,391.301,392.53900000000004,1019,1.9478814162221798,1261.5220000000575,7.133,1254.3890000000574,market_close
2021-03-23,SHORT,2021-03-23 15:30:00,2021-03-23 15:59:00,389.389,389.51099999999997,1026,1.9590789330178313,-125.17199999995614,7.182,-132.35399999995613,market_close
2021-03-25,LONG,2021-03-25 15:30:00,2021-03-25 15:59:00,389.45099999999996,389.649,1170,2.2003567974199814,231.66000000004203,8.19,223.47000000004203,market_close
2021-03-26,LONG,2021-03-26 10:30:00,2021-03-26 11:00:00,392.051,391.519,1329,2.527952078579401,-707.0279999999764,9.303,-716.3309999999764,band_vwap
2021-03-26,LONG,2021-03-26 13:00:00,2021-03-26 14:00:00,392.4906,391.96900000000005,1329,2.527952078579401,-693.2063999998953,9.303,-702.5093999998953,band_vwap
2021-03-26,LONG,2021-03-26 15:30:00,2021-03-26 15:59:00,392.82099999999997,395.939,1329,2.527952078579401,4143.822000000069,9.303,4134.519000000069,market_close
2021-03-29,SHORT,2021-03-29 10:30:00,2021-03-29 11:30:00,393.09900000000005,393.991,1221,2.3138128401407574,-1089.1319999999255,8.547,-1097.6789999999255,band_vwap
2021-03-31,LONG,2021-03-31 10:00:00,2021-03-31 10:30:00,396.131,396.069,1315,2.5098217131890754,-81.5299999999408,9.205,-90.7349999999408,band_vwap
2021-03-31,LONG,2021-03-31 11:00:00,2021-03-31 15:59:00,396.811,396.249,1315,2.5098217131890754,-739.0299999999409,9.205,-748.2349999999409,market_close
2021-04-01,LONG,2021-04-01 10:30:00,2021-04-01 11:30:00,399.221,399.22900000000004,1368,2.6423335419124916,10.944000000052256,9.576,1.3680000000522554,band_vwap
2021-04-01,LONG,2021-04-01 12:30:00,2021-04-01 13:30:00,399.746,399.389,1368,2.6423335419124916,-488.3759999999602,9.576,-497.9519999999602,band_vwap
2021-04-01,LONG,2021-04-01 14:00:00,2021-04-01 15:00:00,399.65099999999995,399.9291,1368,2.6423335419124916,380.4408000000708,9.576,370.8648000000708,band_vwap
2021-04-05,LONG,2021-04-05 10:00:00,2021-04-05 15:59:00,404.551,406.309,1268,2.4825265657876705,2229.1440000000484,8.876,2220.2680000000482,market_close
2021-04-09,LONG,2021-04-09 14:00:00,2021-04-09 15:00:00,409.806,409.709,1391,2.726111496732713,-134.92699999997217,9.737,-144.66399999997216,band_vwap
2021-04-09,LONG,2021-04-09 15:30:00,2021-04-09 15:59:00,410.561,411.439,1391,2.726111496732713,1221.2980000000593,9.737,1211.5610000000593,market_close
2021-04-13,LONG,2021-04-13 14:30:00,2021-04-13 15:59:00,412.69599999999997,412.82890000000003,1454,2.858138389795768,193.23660000009204,10.178,183.05860000009204,market_close
2021-04-14,LONG,2021-04-14 10:00:00,2021-04-14 10:30:00,413.82099999999997,413.29900000000004,1630,3.210081021324387,-850.8599999998933,11.41,-862.2699999998932,band_vwap
2021-04-14,SHORT,2021-04-14 15:00:00,2021-04-14 15:30:00,411.329,411.95099999999996,1630,3.210081021324387,-1013.8599999999303,11.41,-1025.2699999999304,band_vwap
2021-04-15,LONG,2021-04-15 10:30:00,2021-04-15 15:30:00,414.561,414.964,1668,3.321681023586521,672.2040000000334,11.676,660.5280000000333,band_vwap
2021-04-19,SHORT,2021-04-19 11:00:00,2021-04-19 11:30:00,415.34400000000005,415.64099999999996,1889,3.774116512844039,-561.0329999998334,13.223,-574.2559999998333,band_vwap
2021-04-19,SHORT,2021-04-19 12:00:00,2021-04-19 15:00:00,414.819,415.07599999999996,1889,3.774116512844039,-485.4729999999021,13.223,-498.6959999999021,band_vwap
2021-04-19,SHORT,2021-04-19 15:30:00,2021-04-19 15:59:00,414.319,415.26099999999997,1889,3.774116512844039,-1779.4379999999064,13.223,-1792.6609999999064,market_close
2021-04-20,SHORT,2021-04-20 11:00:00,2021-04-20 15:59:00,412.34900000000005,412.241,1744,3.512689847127995,188.35200000010627,12.208,176.14400000010627,market_close
2021-04-21,LONG,2021-04-21 10:00:00,2021-04-21 15:59:00,413.411,416.089,1613,3.226842134699244,4319.613999999996,11.291,4308.322999999996,market_close
2021-04-22,SHORT,2021-04-22 14:00:00,2021-04-22 15:59:00,411.829,412.32099999999997,1573,3.116085283548808,-773.9159999999399,11.011000000000001,-784.9269999999399,market_close
2021-04-23,LONG,2021-04-23 10:00:00,2021-04-23 15:59:00,414.191,416.71900000000005,1477,2.9150030046054107,3733.8560000001135,10.339,3723.5170000001135,market_close
2021-04-27,SHORT,2021-04-27 10:00:00,2021-04-27 10:30:00,416.84900000000005,417.231,1601,3.1424776594613077,-611.581999999917,11.207,-622.788999999917,band_vwap
2021-05-04,SHORT,2021-05-04 10:00:00,2021-05-04 13:30:00,413.879,413.68399999999997,1536,3.0103013339723725,299.52000000007683,10.752,288.7680000000768,band_vwap
2021-05-04,SHORT,2021-05-04 14:00:00,2021-05-04 14:30:00,413.499,413.751,1536,3.0103013339723725,-387.07199999992736,10.752,-397.82399999992737,band_vwap
2021-05-04,SHORT,2021-05-04 15:00:00,2021-05-04 15:30:00,414.07090000000005,413.87399999999997,1536,3.0103013339723725,302.43840000013006,10.752,291.68640000013005,band_vwap
2021-05-06,SHORT,2021-05-06 10:30:00,2021-05-06 11:00:00,414.29900000000004,415.131,1499,2.93348173299202,-1247.1679999999053,10.493,-1257.6609999999052,band_vwap
2021-05-06,LONG,2021-05-06 12:30:00,2021-05-06 13:00:00,417.52599999999995,416.939,1499,2.93348173299202,-879.9129999998984,10.493,-890.4059999998984,band_vwap
2021-05-07,LONG,2021-05-07 10:00:00,2021-05-07 13:30:00,420.96099999999996,421.4909,1521,3.0359990859098933,805.9779000000831,10.647,795.330900000083,band_vwap
2021-05-07,LONG,2021-05-07 14:00:00,2021-05-07 15:59:00,421.69289999999995,422.089,1521,3.0359990859098933,602.4681000000711,10.647,591.821100000071,market_close
2021-05-10,SHORT,2021-05-10 14:30:00,2021-05-10 15:59:00,419.7748,417.991,1478,2.948936060888278,2636.456400000062,10.346,2626.110400000062,market_close
2021-05-11,SHORT,2021-05-11 10:30:00,2021-05-11 11:00:00,411.85900000000004,411.82099999999997,1441,2.776474717287212,54.75800000009764,10.087,44.671000000097635,band_vwap
2021-05-12,SHORT,2021-05-12 11:00:00,2021-05-12 15:59:00,409.42900000000003,405.441,1419,2.7211111033297635,5658.97200000008,9.933,5649.03900000008,market_close
2021-05-13,LONG,2021-05-13 10:00:00,2021-05-13 11:30:00,410.051,409.839,1217,2.2520334275389775,-258.0039999999867,8.519,-266.5229999999867,band_vwap
2021-05-13,LONG,2021-05-13 12:00:00,2021-05-13 13:00:00,409.671,409.84900000000005,1217,2.2520334275389775,216.62600000006586,8.519,208.10700000006585,band_vwap
2021-05-13,LONG,2021-05-13 13:30:00,2021-05-13 14:00:00,409.061,408.819,1217,2.2520334275389775,-294.5139999999535,8.519,-303.0329999999535,band_vwap
2021-05-13,LONG,2021-05-13 14:30:00,2021-05-13 15:59:00,411.14099999999996,410.249,1217,2.2520334275389775,-1085.5639999999257,8.519,-1094.0829999999257,market_close
2021-05-14,LONG,2021-05-14 10:00:00,2021-05-14 10:30:00,414.90099999999995,414.42900000000003,1135,2.1465226471246983,-535.7199999999127,7.945,-543.6649999999128,band_vwap
2021-05-14,LONG,2021-05-14 11:00:00,2021-05-14 15:59:00,415.28099999999995,416.54900000000004,1135,2.1465226471246983,1439.1800000000976,7.945,1431.2350000000977,market_close
2021-05-20,LONG,2021-05-20 10:00:00,2021-05-20 15:59:00,413.09099999999995,415.249,1059,1.9869106723464038,2285.3220000000765,7.413,2277.9090000000765,market_close
2021-05-21,LONG,2021-05-21 10:00:00,2021-05-21 10:30:00,418.181,416.78900000000004,1026,1.9291398655038074,-1428.1919999999375,7.182,-1435.3739999999375,band_vwap
2021-05-24,LONG,2021-05-24 10:30:00,2021-05-24 12:30:00,419.02099999999996,418.97900000000004,1031,1.9535663159423882,-43.30199999991373,7.2170000000000005,-50.51899999991373,band_vwap
2021-05-24,LONG,2021-05-24 13:30:00,2021-05-24 15:59:00,419.631,419.129,1031,1.9535663159423882,-517.5619999999512,7.2170000000000005,-524.7789999999512,market_close
2021-06-04,LONG,2021-06-04 11:00:00,2021-06-04 11:30:00,421.721,421.869,1629,3.1186697497746074,241.09200000004,11.403,229.68900000004,band_vwap
2021-06-04,LONG,2021-06-04 15:00:00,2021-06-04 15:30:00,422.496,422.46900000000005,1629,3.1186697497746074,-43.98299999988592,11.403,-55.38599999988592,band_vwap
2021-06-07,SHORT,2021-06-07 10:30:00,2021-06-07 11:00:00,421.60900000000004,421.731,1888,3.6272393482424077,-230.3359999999193,13.216000000000001,-243.5519999999193,band_vwap
2021-06-08,SHORT,2021-06-08 11:30:00,2021-06-08 12:00:00,420.934,422.02099999999996,1904,3.667804695080796,-2069.647999999871,13.328,-2082.975999999871,band_vwap
2021-06-10,LONG,2021-06-10 10:00:00,2021-06-10 10:30:00,424.251,423.759,2058,4.0,-1012.5359999999214,14.406,-1026.9419999999213,band_vwap
2021-06-14,SHORT,2021-06-14 12:30:00,2021-06-14 13:30:00,423.394,423.39099999999996,2041,4.0,6.123000000087245,14.287,-8.163999999912756,band_vwap
2021-06-14,SHORT,2021-06-14 14:30:00,2021-06-14 15:00:00,423.189,423.541,2041,4.0,-718.4319999999499,14.287,-732.7189999999499,band_vwap
2021-06-15,SHORT,2021-06-15 10:30:00,2021-06-15 12:30:00,424.369,424.411,2029,4.0,-85.21799999994556,14.203000000000001,-99.42099999994556,band_vwap
2021-06-15,SHORT,2021-06-15 13:00:00,2021-06-15 14:00:00,424.22900000000004,424.64599999999996,2029,4.0,-846.0929999998302,14.203000000000001,-860.2959999998302,band_vwap
2021-06-16,SHORT,2021-06-16 12:30:00,2021-06-16 15:30:00,423.519,422.931,2024,4.0,1190.112000000045,14.168000000000001,1175.9440000000452,band_vwap
2021-06-17,SHORT,2021-06-17 12:30:00,2021-06-17 13:00:00,419.65900000000005,421.116,2049,4.0,-2985.3929999998704,14.343,-2999.7359999998703,band_vwap
2021-06-18,SHORT,2021-06-18 11:00:00,2021-06-18 12:00:00,416.189,416.751,2043,4.0,-1148.165999999908,14.301,-1162.466999999908,band_vwap
2021-06-18,SHORT,2021-06-18 15:00:00,2021-06-18 15:30:00,415.869,416.551,2043,4.0,-1393.3259999999173,14.301,-1407.6269999999172,band_vwap
2021-06-21,LONG,2021-06-21 10:00:00,2021-06-21 15:59:00,417.881,420.839,1758,3.480603149131425,5200.164000000047,12.306000000000001,5187.8580000000475,market_close
2021-06-22,LONG,2021-06-22 11:00:00,2021-06-22 15:59:00,421.881,423.03900000000004,1466,2.860249769215987,1697.628000000106,10.262,1687.3660000001062,market_close
2021-07-01,LONG,2021-07-01 10:00:00,2021-07-01 10:30:00,429.34099999999995,429.379,1508,2.9756467465728695,57.30400000010218,10.556000000000001,46.74800000010218,band_vwap
2021-07-01,LONG,2021-07-01 14:30:00,2021-07-01 15:59:00,430.181,430.46900000000005,1508,2.9756467465728695,434.3040000001022,10.556000000000001,423.7480000001022,market_close
2021-07-02,LONG,2021-07-02 13:00:00,2021-07-02 15:59:00,433.2611,433.749,1475,2.9229060770005613,719.6525000000363,10.325000000000001,709.3275000000363,market_close
2021-07-06,SHORT,2021-07-06 10:00:00,2021-07-06 14:00:00,432.96900000000005,431.746,1427,2.8322283693761086,1745.2210000001,9.989,1735.2320000001,band_vwap
2021-07-06,SHORT,2021-07-06 14:30:00,2021-07-06 15:00:00,432.199,432.111,1427,2.8322283693761086,125.5760000000318,9.989,115.5870000000318,band_vwap
2021-07-09,LONG,2021-07-09 10:00:00,2021-07-09 15:59:00,433.58099999999996,435.48900000000003,1399,2.745743400966887,2669.2920000001013,9.793000000000001,2659.499000000101,market_close
2021-07-12,LONG,2021-07-12 10:30:00,2021-07-12 11:30:00,436.46099999999996,436.389,1866,3.64220406204446,-134.35199999989902,13.062,-147.41399999989903,band_vwap
2021-07-12,LONG,2021-07-12 14:30:00,2021-07-12 15:00:00,436.96599999999995,436.869,1866,3.64220406204446,-181.0019999998566,13.062,-194.0639999998566,band_vwap
2021-07-12,LONG,2021-07-12 15:30:00,2021-07-12 15:59:00,437.176,437.079,1866,3.64220406204446,-181.00199999996266,13.062,-194.06399999996268,market_close
2021-07-15,SHORT,2021-07-15 14:00:00,2021-07-15 14:30:00,432.769,433.931,2047,4.0,-2378.6139999999546,14.329,-2392.9429999999547,band_vwap
2021-07-16,SHORT,2021-07-16 10:30:00,2021-07-16 12:00:00,433.22900000000004,433.65099999999995,2019,4.0,-852.0179999998219,14.133000000000001,-866.1509999998219,band_vwap
2021-07-16,SHORT,2021-07-16 13:30:00,2021-07-16 15:59:00,433.54900000000004,431.40099999999995,2019,4.0,4336.8120000001645,14.133000000000001,4322.679000000165,market_close
2021-07-19,SHORT,2021-07-19 10:00:00,2021-07-19 12:00:00,424.249,424.921,1955,3.7275844869939263,-1313.7599999999386,13.685,-1327.4449999999385,band_vwap
2021-07-19,SHORT,2021-07-19 12:30:00,2021-07-19 15:59:00,423.439,424.96099999999996,1955,3.7275844869939263,-2975.509999999872,13.685,-2989.194999999872,market_close
2021-07-20,LONG,2021-07-20 10:00:00,2021-07-20 15:59:00,428.251,431.029,1517,2.9449225716718646,4214.226000000031,10.619,4203.607000000031,market_close
2021-07-21,LONG,2021-07-21 10:00:00,2021-07-21 10:30:00,433.661,433.029,1317,2.5481877144321223,-832.3440000000066,9.219,-841.5630000000067,band_vwap
2021-07-23,LONG,2021-07-23 11:30:00,2021-07-23 12:00:00,439.236,438.73900000000003,1270,2.495960278484673,-631.1899999999457,8.89,-640.0799999999457,band_vwap
2021-07-23,LONG,2021-07-23 13:30:00,2021-07-23 15:59:00,439.816,439.889,1270,2.495960278484673,92.71000000004562,8.89,83.82000000004562,market_close
2021-07-27,SHORT,2021-07-27 11:00:00,2021-07-27 15:00:00,438.559,438.02099999999996,1237,2.4507621681632576,665.5060000000838,8.659,656.8470000000838,band_vwap
2021-07-29,LONG,2021-07-29 10:00:00,2021-07-29 11:30:00,440.76099999999997,441.17400000000004,1282,2.5317567242704824,529.4660000000869,8.974,520.4920000000868,band_vwap
2021-08-03,SHORT,2021-08-03 10:00:00,2021-08-03 10:30:00,436.399,437.77099999999996,1344,2.6400737342833676,-1843.9679999999425,9.408,-1853.3759999999425,band_vwap
2021-08-03,LONG,2021-08-03 14:30:00,2021-08-03 15:59:00,440.52099999999996,441.119,1344,2.6400737342833676,803.7120000000941,9.408,794.3040000000941,market_close
2021-08-12,LONG,2021-08-12 15:00:00,2021-08-12 15:59:00,444.851,445.069,2003,4.0,436.6540000000355,14.021,422.6330000000355,market_close
2021-08-16,SHORT,2021-08-16 10:00:00,2021-08-16 11:30:00,443.389,443.751,2003,4.0,-725.0859999999326,14.021,-739.1069999999326,band_vwap
2021-08-17,SHORT,2021-08-17 12:00:00,2021-08-17 15:30:00,443.059,443.171,1998,4.0,-223.77599999993276,13.986,-237.76199999993275,band_vwap
2021-08-18,SHORT,2021-08-18 15:30:00,2021-08-18 15:59:00,441.54900000000004,439.21099999999996,2001,4.0,4678.338000000158,14.007,4664.331000000158,market_close
2021-08-19,LONG,2021-08-19 12:00:00,2021-08-19 13:30:00,440.726,439.444,2002,3.8590431326748678,-2566.5639999999644,14.014000000000001,-2580.5779999999645,band_vwap
2021-08-19,LONG,2021-08-19 15:30:00,2021-08-19 15:59:00,440.89599999999996,439.839,2002,3.8590431326748678,-2116.113999999919,14.014000000000001,-2130.127999999919,market_close
2021-08-20,LONG,2021-08-20 10:00:00,2021-08-20 15:59:00,441.851,443.329,2010,3.993681343677248,2970.7800000000175,14.07,2956.7100000000173,market_close
2021-08-23,LONG,2021-08-23 10:00:00,2021-08-23 15:59:00,446.351,447.249,1883,3.7332535114324483,1690.9340000000461,13.181000000000001,1677.753000000046,market_close
2021-08-25,LONG,2021-08-25 12:30:00,2021-08-25 13:00:00,449.291,449.259,1950,3.863505232653229,-62.39999999996542,13.65,-76.04999999996542,band_vwap
2021-08-25,LONG,2021-08-25 14:30:00,2021-08-25 15:00:00,449.171,449.09900000000005,1950,3.863505232653229,-140.39999999989448,13.65,-154.04999999989448,band_vwap
2021-08-26,SHORT,2021-08-26 10:30:00,2021-08-26 12:30:00,447.54900000000004,447.95099999999996,2015,4.0,-810.0299999998589,14.105,-824.1349999998589,band_vwap
2021-08-26,SHORT,2021-08-26 13:30:00,2021-08-26 15:59:00,447.399,446.27099999999996,2015,4.0,2272.920000000086,14.105,2258.815000000086,market_close
2021-08-27,LONG,2021-08-27 10:30:00,2021-08-27 15:59:00,449.311,450.17900000000003,1911,3.756495229121513,1658.7480000000992,13.377,1645.3710000000992,market_close
2021-08-30,LONG,2021-08-30 10:30:00,2021-08-30 15:59:00,452.171,452.21900000000005,1774,3.4938115355256265,85.15200000010407,12.418000000000001,72.73400000010406,market_close
2021-08-31,SHORT,2021-08-31 10:00:00,2021-08-31 10:30:00,451.10900000000004,451.631,1751,3.4550924161143044,-914.0219999998853,12.257,-926.2789999998853,band_vwap
2021-09-07,SHORT,2021-09-07 10:00:00,2021-09-07 11:00:00,451.73900000000003,451.681,1728,3.428591763019083,100.22400000008565,12.096,88.12800000008565,band_vwap
2021-09-07,SHORT,2021-09-07 11:30:00,2021-09-07 12:30:00,451.089,451.801,1728,3.428591763019083,-1230.3359999999811,12.096,-1242.4319999999811,band_vwap
2021-09-08,SHORT,2021-09-08 11:00:00,2021-09-08 11:30:00,449.42900000000003,450.02099999999996,1809,3.591933864036914,-1070.9279999998691,12.663,-1083.5909999998692,band_vwap
2021-09-08,SHORT,2021-09-08 12:00:00,2021-09-08 12:30:00,449.374,450.731,1809,3.591933864036914,-2454.8129999999474,12.663,-2467.4759999999474,band_vwap
2021-09-09,LONG,2021-09-09 10:00:00,2021-09-09 11:00:00,451.801,451.869,1984,4.0,134.9120000000803,13.888,121.02400000008029,band_vwap
2021-09-10,SHORT,2021-09-10 11:30:00,2021-09-10 12:00:00,447.509,447.916,1983,4.0,-807.0809999999649,13.881,-820.9619999999649,band_vwap
2021-09-10,SHORT,2021-09-10 15:30:00,2021-09-10 15:59:00,446.85900000000004,445.5012,1983,4.0,2692.5174000001075,13.881,2678.6364000001076,market_close
2021-09-14,SHORT,2021-09-14 11:00:00,2021-09-14 11:30:00,444.96900000000005,445.70099999999996,2013,4.0,-1473.515999999827,14.091000000000001,-1487.606999999827,band_vwap
2021-09-14,SHORT,2021-09-14 13:00:00,2021-09-14 15:59:00,444.85900000000004,444.181,2013,4.0,1364.814000000109,14.091000000000001,1350.723000000109,market_close
2021-09-15,LONG,2021-09-15 12:30:00,2021-09-15 15:59:00,445.95099999999996,447.85900000000004,2027,4.0,3867.5160000001465,14.189,3853.3270000001467,market_close
2021-09-16,SHORT,2021-09-16 10:00:00,2021-09-16 12:30:00,446.129,445.671,2013,3.928380415104182,921.9540000000541,14.091000000000001,907.8630000000541,band_vwap
2021-09-16,SHORT,2021-09-16 13:00:00,2021-09-16 13:30:00,445.97900000000004,445.991,2013,3.928380415104182,-24.15599999988649,14.091000000000001,-38.24699999988649,band_vwap
2021-09-17,SHORT,2021-09-17 10:00:00,2021-09-17 15:59:00,443.48900000000003,441.421,2068,4.0,4276.6240000000835,14.476,4262.148000000084,market_close
2021-09-20,SHORT,2021-09-20 12:00:00,2021-09-20 15:59:00,432.884,434.061,2030,3.767261599570272,-2389.309999999927,14.21,-2403.519999999927,market_close
2021-09-22,LONG,2021-09-22 10:30:00,2021-09-22 15:00:00,437.39099999999996,437.6286,1659,3.11908939104651,394.1784000000715,11.613,382.5654000000715,band_vwap
2021-09-22,LONG,2021-09-22 15:30:00,2021-09-22 15:59:00,438.971,437.829,1659,3.11908939104651,-1894.5779999999932,11.613,-1906.1909999999932,market_close
2021-09-23,LONG,2021-09-23 10:00:00,2021-09-23 15:59:00,442.21099999999996,443.079,1457,2.781331782452634,1264.6760000000754,10.199,1254.4770000000753,market_close
2021-09-28,SHORT,2021-09-28 10:00:00,2021-09-28 15:00:00,438.009,435.84099999999995,1304,2.4752787328217885,2827.0720000000824,9.128,2817.9440000000823,band_vwap
2021-09-28,SHORT,2021-09-28 15:30:00,2021-09-28 15:59:00,434.78400000000005,433.751,1304,2.4752787328217885,1347.0320000000943,9.128,1337.9040000000944,market_close
2021-09-30,SHORT,2021-09-30 12:30:00,2021-09-30 14:00:00,430.379,431.871,1131,2.090944086696,-1687.4519999999568,7.917,-1695.3689999999567,band_vwap
2021-10-01,LONG,2021-10-01 14:30:00,2021-10-01 15:59:00,434.04499999999996,434.189,1105,2.035253880972087,159.12000000006884,7.735,151.38500000006883,market_close
2021-10-04,SHORT,2021-10-04 10:30:00,2021-10-04 15:59:00,429.949,428.691,1032,1.9070616048688556,1298.2560000000394,7.224,1291.0320000000395,market_close
2021-10-05,LONG,2021-10-05 10:30:00,2021-10-05 15:59:00,433.741,433.04900000000004,1009,1.843951556424932,-698.22799999995,7.063,-705.29099999995,market_close
2021-10-07,LONG,2021-10-07 10:00:00,2021-10-07 13:30:00,440.671,441.199,961,1.7948030089147413,507.40800000001923,6.727,500.68100000001925,band_vwap
2021-10-11,LONG,2021-10-11 10:00:00,2021-10-11 11:00:00,439.40099999999995,439.649,1079,2.0041887057499306,267.59200000005103,7.553,260.03900000005103,band_vwap
2021-10-14,LONG,2021-10-14 11:30:00,2021-10-14 15:59:00,441.13599999999997,442.46900000000005,1160,2.1618153762326258,1546.280000000097,8.120000000000001,1538.1600000000972,market_close
2021-10-28,LONG,2021-10-28 10:00:00,2021-10-28 13:00:00,456.77099999999996,456.71900000000005,1728,3.3185167140605216,-89.8559999998397,12.096,-101.9519999998397,band_vwap
2021-10-28,LONG,2021-10-28 13:30:00,2021-10-28 15:59:00,457.061,458.259,1728,3.3185167140605216,2070.144000000062,12.096,2058.048000000062,market_close
2021-11-02,LONG,2021-11-02 10:00:00,2021-11-02 10:30:00,461.171,461.21900000000005,2024,3.895392927859919,97.15200000011873,14.168000000000001,82.98400000011873,band_vwap
2021-11-02,LONG,2021-11-02 11:00:00,2021-11-02 12:00:00,461.596,461.41900000000004,2024,3.895392927859919,-358.2479999999273,14.168000000000001,-372.4159999999273,band_vwap
2021-11-02,LONG,2021-11-02 12:30:00,2021-11-02 14:30:00,461.70099999999996,461.449,2024,3.895392927859919,-510.0479999999043,14.168000000000001,-524.2159999999043,band_vwap
2021-11-02,LONG,2021-11-02 15:00:00,2021-11-02 15:59:00,461.90099999999995,461.869,2024,3.895392927859919,-64.76799999984905,14.168000000000001,-78.93599999984906,market_close
2021-11-03,LONG,2021-11-03 15:00:00,2021-11-03 15:59:00,463.921,464.73900000000003,2013,3.8981033742544398,1646.6340000000814,14.091000000000001,1632.5430000000815,market_close
2021-11-04,LONG,2021-11-04 10:00:00,2021-11-04 11:30:00,466.356,465.334,2062,4.0,-2107.3639999999823,14.434000000000001,-2121.7979999999825,band_vwap
2021-11-05,LONG,2021-11-05 10:00:00,2021-11-05 10:30:00,470.26099999999997,469.96900000000005,2026,4.0,-591.5919999998305,14.182,-605.7739999998305,band_vwap
2021-11-09,SHORT,2021-11-09 10:00:00,2021-11-09 15:59:00,466.949,467.39099999999996,2021,4.0,-893.2819999998999,14.147,-907.4289999998999,market_close
2021-11-10,SHORT,2021-11-10 14:00:00,2021-11-10 15:59:00,464.21900000000005,463.65099999999995,2029,4.0,1152.4720000001976,14.203000000000001,1138.2690000001976,market_close
2021-11-12,LONG,2021-11-12 11:30:00,2021-11-12 15:59:00,466.83099999999996,467.259,2041,4.0,873.5480000001105,14.287,859.2610000001105,market_close
2021-11-16,LONG,2021-11-16 10:00:00,2021-11-16 10:30:00,468.52099999999996,468.09900000000005,2040,4.0,-860.87999999982,14.280000000000001,-875.15999999982,band_vwap
2021-11-16,LONG,2021-11-16 11:30:00,2021-11-16 15:59:00,469.751,469.23900000000003,2040,4.0,-1044.479999999885,14.280000000000001,-1058.759999999885,market_close
2021-11-17,SHORT,2021-11-17 10:00:00,2021-11-17 10:30:00,467.569,468.01099999999997,2015,4.0,-890.6299999999001,14.105,-904.7349999999001,band_vwap
2021-11-18,SHORT,2021-11-18 10:30:00,2021-11-18 11:00:00,466.829,467.491,2006,4.0,-1327.9719999999552,14.042,-1342.013999999955,band_vwap
2021-11-22,LONG,2021-11-22 10:00:00,2021-11-22 11:30:00,472.71099999999996,472.189,1988,4.0,-1037.7359999998698,13.916,-1051.6519999998698,band_vwap
2021-11-23,LONG,2021-11-23 10:00:00,2021-11-23 10:30:00,468.57099999999997,466.079,1995,4.0,-4971.539999999924,13.965,-4985.504999999924,band_vwap
2021-11-23,SHORT,2021-11-23 10:30:00,2021-11-23 11:30:00,466.079,466.59099999999995,1995,4.0,-1021.4399999998875,13.965,-1035.4049999998874,band_vwap
2021-11-23,SHORT,2021-11-23 12:00:00,2021-11-23 12:30:00,466.209,466.306,1995,4.0,-193.51499999996008,13.965,-207.47999999996009,band_vwap
2021-11-23,SHORT,2021-11-23 13:00:00,2021-11-23 14:00:00,465.459,466.28099999999995,1995,4.0,-1639.889999999892,13.965,-1653.854999999892,band_vwap
2021-11-29,SHORT,2021-11-29 10:30:00,2021-11-29 11:30:00,462.59900000000005,463.051,1940,4.0,-876.8799999998862,13.58,-890.4599999998862,band_vwap
2021-11-30,SHORT,2021-11-30 11:00:00,2021-11-30 15:59:00,458.029,455.84099999999995,1941,4.0,4246.908000000088,13.587,4233.321000000087,market_close
2021-12-01,LONG,2021-12-01 11:00:00,2021-12-01 12:00:00,463.45099999999996,462.67900000000003,1472,2.974840822674711,-1136.3839999999036,10.304,-1146.6879999999037,band_vwap
2021-12-01,SHORT,2021-12-01 15:30:00,2021-12-01 15:59:00,453.829,450.51099999999997,1472,2.974840822674711,4884.09600000006,10.304,4873.7920000000595,market_close
2021-12-02,LONG,2021-12-02 10:00:00,2021-12-02 15:59:00,455.871,457.35900000000004,1430,2.7761945900959257,2127.8400000000806,10.01,2117.8300000000804,market_close
2021-12-03,SHORT,2021-12-03 10:00:00,2021-12-03 15:59:00,455.41900000000004,453.431,1210,2.3722219072474418,2405.4800000000682,8.47,2397.0100000000684,market_close
2021-12-06,LONG,2021-12-06 10:30:00,2021-12-06 11:30:00,458.111,457.48900000000003,1198,2.309146806253252,-745.1559999999488,8.386000000000001,-753.5419999999488,band_vwap
2021-12-06,LONG,2021-12-06 12:30:00,2021-12-06 15:00:00,458.71099999999996,458.85900000000004,1198,2.309146806253252,177.30400000009752,8.386000000000001,168.91800000009752,band_vwap
2021-12-07,LONG,2021-12-07 10:00:00,2021-12-07 15:30:00,467.241,467.269,1120,2.202928139434351,31.36000000002241,7.84,23.52000000002241,band_vwap
2021-12-13,SHORT,2021-12-13 10:00:00,2021-12-13 12:30:00,468.699,467.851,897,1.7871521813695792,760.6560000000118,6.279,754.3770000000118,band_vwap
2021-12-13,SHORT,2021-12-13 13:00:00,2021-12-13 14:00:00,467.519,467.741,897,1.7871521813695792,-199.13399999998205,6.279,-205.41299999998205,band_vwap
2021-12-15,SHORT,2021-12-15 10:00:00,2021-12-15 10:30:00,461.709,461.941,884,1.7308172277761527,-205.08799999997427,6.188,-211.27599999997426,band_vwap
2021-12-15,LONG,2021-12-15 15:30:00,2021-12-15 15:59:00,469.51099999999997,470.579,884,1.7308172277761527,944.1120000000358,6.188,937.9240000000358,market_close
2021-12-16,SHORT,2021-12-16 13:00:00,2021-12-16 13:30:00,467.649,468.806,815,1.6221277748748701,-942.9549999999856,5.705,-948.6599999999856,band_vwap
2021-12-16,SHORT,2021-12-16 14:30:00,2021-12-16 15:30:00,466.889,467.171,815,1.6221277748748701,-229.82999999998555,5.705,-235.53499999998556,band_vwap
2021-12-17,SHORT,2021-12-17 10:30:00,2021-12-17 11:00:00,459.40900000000005,463.291,815,1.5931593269826734,-3163.8299999999576,5.705,-3169.5349999999576,band_vwap
2021-12-20,SHORT,2021-12-20 10:30:00,2021-12-20 12:00:00,452.35900000000004,452.871,799,1.5592790990410217,-409.08799999995495,5.593,-414.68099999995496,band_vwap
2021-12-21,LONG,2021-12-21 13:00:00,2021-12-21 15:59:00,461.871,463.04900000000004,839,1.6538157507202316,988.3420000000453,5.873,982.4690000000453,market_close
2021-12-22,LONG,2021-12-22 11:00:00,2021-12-22 14:00:00,466.131,465.879,809,1.603980511399743,-203.86799999996174,5.663,-209.53099999996175,band_vwap
2021-12-22,LONG,2021-12-22 15:00:00,2021-12-22 15:59:00,466.32099999999997,467.699,809,1.603980511399743,1114.8020000000347,5.663,1109.1390000000347,market_close
2021-12-23,LONG,2021-12-23 10:00:00,2021-12-23 11:30:00,470.171,470.91900000000004,825,1.650029419229304,617.100000000039,5.775,611.325000000039,band_vwap
2021-12-23,LONG,2021-12-23 12:00:00,2021-12-23 12:30:00,471.311,470.93620000000004,825,1.650029419229304,-309.2099999999476,5.775,-314.9849999999476,band_vwap
2021-12-23,LONG,2021-12-23 14:30:00,2021-12-23 15:30:00,471.54699999999997,471.439,825,1.650029419229304,-89.09999999995648,5.775,-94.87499999995649,band_vwap
2021-12-27,LONG,2021-12-27 10:00:00,2021-12-27 15:59:00,473.191,477.269,843,1.6952855502840876,3437.7540000000263,5.901,3431.8530000000264,market_close
2022-01-04,SHORT,2022-01-04 14:00:00,2022-01-04 14:30:00,475.71900000000005,476.541,977,1.9673383832308893,-803.0939999999471,6.839,-809.9329999999471,band_vwap
2022-01-05,SHORT,2022-01-05 14:30:00,2022-01-05 15:59:00,473.41900000000004,468.381,1006,2.022587145506791,5068.228000000068,7.042,5061.186000000068,market_close
2022-01-06,SHORT,2022-01-06 10:00:00,2022-01-06 10:30:00,467.03900000000004,467.65599999999995,977,1.8858892003296714,-602.8089999999072,6.839,-609.6479999999073,band_vwap
2022-01-07,SHORT,2022-01-07 11:00:00,2022-01-07 12:00:00,465.269,467.661,1001,1.9374765615284362,-2394.3919999999957,7.007000000000001,-2401.398999999996,band_vwap
2022-01-10,SHORT,2022-01-10 10:00:00,2022-01-10 11:30:00,459.339,460.061,1081,2.089308608492747,-780.4819999999784,7.567,-788.0489999999784,band_vwap
2022-01-10,SHORT,2022-01-10 12:00:00,2022-01-10 13:00:00,459.46900000000005,459.241,1081,2.089308608492747,246.4680000000708,7.567,238.90100000007078,band_vwap
2022-01-10,SHORT,2022-01-10 13:30:00,2022-01-10 14:00:00,460.54540000000003,461.89099999999996,1081,2.089308608492747,-1454.593599999928,7.567,-1462.160599999928,band_vwap
2022-01-11,SHORT,2022-01-11 10:00:00,2022-01-11 10:30:00,462.85900000000004,464.111,1134,2.2222237111468526,-1419.7679999999464,7.938,-1427.7059999999465,band_vwap
2022-01-11,SHORT,2022-01-11 11:00:00,2022-01-11 11:30:00,463.439,466.551,1134,2.2222237111468526,-3529.0079999999616,7.938,-3536.9459999999617,band_vwap
2022-01-11,LONG,2022-01-11 12:00:00,2022-01-11 12:30:00,467.551,466.819,1134,2.2222237111468526,-830.087999999967,7.938,-838.025999999967,band_vwap
2022-01-11,LONG,2022-01-11 13:00:00,2022-01-11 15:59:00,467.76099999999997,469.73900000000003,1134,2.2222237111468526,2243.0520000000743,7.938,2235.114000000074,market_close
2022-01-12,LONG,2022-01-12 10:00:00,2022-01-12 10:30:00,472.64099999999996,472.379,1231,2.482739314456061,-322.5219999999306,8.617,-331.1389999999306,band_vwap
2022-01-13,SHORT,2022-01-13 12:30:00,2022-01-13 15:59:00,467.72400000000005,464.541,1291,2.611815215323383,4109.253000000064,9.037,4100.216000000064,market_close
2022-01-18,SHORT,2022-01-18 10:00:00,2022-01-18 10:30:00,458.09900000000005,459.09099999999995,1441,2.7879435844798586,-1429.471999999863,10.087,-1439.558999999863,band_vwap
2022-01-18,SHORT,2022-01-18 11:00:00,2022-01-18 15:00:00,457.519,458.421,1441,2.7879435844798586,-1299.781999999981,10.087,-1309.868999999981,band_vwap
2022-01-18,SHORT,2022-01-18 15:30:00,2022-01-18 15:59:00,457.03900000000004,456.51099999999997,1441,2.7879435844798586,760.8480000001107,10.087,750.7610000001107,market_close
2022-01-19,LONG,2022-01-19 10:00:00,2022-01-19 10:30:00,459.481,456.394,1239,2.410664436457413,-3824.7929999999865,8.673,-3833.4659999999863,band_vwap
2022-01-19,SHORT,2022-01-19 14:30:00,2022-01-19 15:00:00,454.459,455.381,1239,2.410664436457413,-1142.357999999961,8.673,-1151.030999999961,band_vwap
2022-01-20,LONG,2022-01-20 10:00:00,2022-01-20 13:30:00,456.721,455.699,1208,2.378138794216744,-1234.5759999999896,8.456,-1243.0319999999895,band_vwap
2022-01-20,LONG,2022-01-20 14:00:00,2022-01-20 14:30:00,455.301,454.339,1208,2.378138794216744,-1162.0959999999868,8.456,-1170.5519999999867,band_vwap
2022-01-21,SHORT,2022-01-21 10:00:00,2022-01-21 11:00:00,443.639,446.0909,1189,2.321883017888202,-2915.30909999996,8.323,-2923.63209999996,band_vwap
2022-01-21,SHORT,2022-01-21 12:30:00,2022-01-21 15:59:00,443.569,438.02099999999996,1189,2.321883017888202,6596.57200000007,8.323,6588.24900000007,market_close
2022-01-24,SHORT,2022-01-24 10:00:00,2022-01-24 14:00:00,429.089,431.27099999999996,1131,2.1087188516115805,-2467.841999999954,7.917,-2475.758999999954,band_vwap
2022-01-24,SHORT,2022-01-24 14:30:00,2022-01-24 15:00:00,428.47900000000004,430.311,1131,2.1087188516115805,-2071.9919999999283,7.917,-2079.9089999999283,band_vwap
2022-01-25,SHORT,2022-01-25 10:00:00,2022-01-25 10:30:00,429.129,432.481,1126,2.145069644466533,-3774.3519999999726,7.882000000000001,-3782.2339999999726,band_vwap
2022-01-25,SHORT,2022-01-25 12:00:00,2022-01-25 12:30:00,429.79900000000004,432.371,1126,2.145069644466533,-2896.071999999939,7.882000000000001,-2903.9539999999392,band_vwap
2022-01-27,LONG,2022-01-27 10:00:00,2022-01-27 10:30:00,440.301,437.399,1161,2.306307927354066,-3369.2219999999847,8.127,-3377.3489999999847,band_vwap
2022-01-27,SHORT,2022-01-27 13:30:00,2022-01-27 14:00:00,430.329,431.981,1161,2.306307927354066,-1917.9719999999847,8.127,-1926.0989999999847,band_vwap
2022-01-27,SHORT,2022-01-27 14:30:00,2022-01-27 15:00:00,430.879,431.161,1161,2.306307927354066,-327.4019999999794,8.127,-335.5289999999794,band_vwap
2022-01-28,SHORT,2022-01-28 10:00:00,2022-01-28 10:30:00,428.499,430.76099999999997,1158,2.3320559505558816,-2619.3959999999347,8.106,-2627.501999999935,band_vwap
2022-01-28,LONG,2022-01-28 11:30:00,2022-01-28 13:00:00,435.001,434.569,1158,2.3320559505558816,-500.25599999995313,8.106,-508.3619999999531,band_vwap
2022-01-28,LONG,2022-01-28 13:30:00,2022-01-28 14:30:00,435.621,432.619,1158,2.3320559505558816,-3476.3159999999452,8.106,-3484.4219999999455,band_vwap
2022-01-28,LONG,2022-01-28 15:00:00,2022-01-28 15:59:00,436.08099999999996,441.899,1158,2.3320559505558816,6737.244000000047,8.106,6729.138000000047,market_close
2022-01-31,LONG,2022-01-31 10:30:00,2022-01-31 15:59:00,444.371,449.78900000000004,824,1.6902800003437985,4464.432000000052,5.768,4458.664000000052,market_close
2022-02-04,LONG,2022-02-04 13:30:00,2022-02-04 15:59:00,449.76099999999997,448.72900000000004,691,1.405426803169324,-713.1119999999485,4.837,-717.9489999999485,market_close
2022-02-08,LONG,2022-02-08 11:30:00,2022-02-08 14:30:00,449.01099999999997,448.91900000000004,716,1.462399950148646,-65.87199999994823,5.0120000000000005,-70.88399999994823,band_vwap
2022-02-11,SHORT,2022-02-11 13:00:00,2022-02-11 15:59:00,446.67900000000003,440.51099999999997,718,1.4753629333852913,4428.624000000045,5.026,4423.598000000045,market_close
2022-02-14,SHORT,2022-02-14 11:00:00,2022-02-14 11:30:00,437.879,439.791,690,1.3600672175692716,-1319.2799999999847,4.83,-1324.1099999999847,band_vwap
2022-02-14,SHORT,2022-02-14 14:00:00,2022-02-14 14:30:00,436.259,437.481,690,1.3600672175692716,-843.1799999999862,4.83,-848.0099999999862,band_vwap
2022-02-15,LONG,2022-02-15 11:00:00,2022-02-15 11:30:00,445.51099999999997,444.98900000000003,696,1.3978300181380026,-363.3119999999544,4.872,-368.18399999995444,band_vwap
2022-02-15,LONG,2022-02-15 12:00:00,2022-02-15 12:30:00,445.611,444.35900000000004,696,1.3978300181380026,-871.3919999999671,4.872,-876.263999999967,band_vwap
2022-02-17,SHORT,2022-02-17 10:00:00,2022-02-17 11:30:00,440.769,441.471,675,1.3622855121322446,-473.8499999999988,4.7250000000000005,-478.5749999999988,band_vwap
2022-02-17,SHORT,2022-02-17 12:00:00,2022-02-17 12:30:00,441.209,441.411,675,1.3622855121322446,-136.34999999999877,4.7250000000000005,-141.07499999999877,band_vwap
2022-02-17,SHORT,2022-02-17 13:00:00,2022-02-17 15:59:00,441.139,437.111,675,1.3622855121322446,2718.9000000000133,4.7250000000000005,2714.1750000000134,market_close
2022-02-18,SHORT,2022-02-18 11:00:00,2022-02-18 14:30:00,435.47900000000004,436.20099999999996,699,1.3788458024224617,-504.6779999999463,4.893,-509.57099999994625,band_vwap
2022-02-22,SHORT,2022-02-22 13:00:00,2022-02-22 15:00:00,429.449,430.95099999999996,757,1.4771902611374685,-1137.0139999999642,5.299,-1142.3129999999642,band_vwap
2022-02-23,SHORT,2022-02-23 11:00:00,2022-02-23 12:00:00,428.139,428.83099999999996,759,1.4913050045793268,-525.2279999999623,5.313,-530.5409999999623,band_vwap
2022-02-23,SHORT,2022-02-23 13:30:00,2022-02-23 15:59:00,425.72900000000004,421.971,759,1.4913050045793268,2852.322000000029,5.313,2847.009000000029,market_close
2022-02-25,LONG,2022-02-25 10:30:00,2022-02-25 15:59:00,431.861,437.67900000000003,775,1.4966836852850982,4508.950000000032,5.425,4503.5250000000315,market_close
2022-03-01,SHORT,2022-03-01 12:00:00,2022-03-01 15:59:00,429.764,430.01099999999997,704,1.34963701408218,-173.8879999999699,4.928,-178.8159999999699,market_close
2022-03-02,LONG,2022-03-02 11:30:00,2022-03-02 15:59:00,436.731,437.829,701,1.3376799231275431,769.6980000000092,4.907,764.7910000000091,market_close
2022-03-03,SHORT,2022-03-03 11:00:00,2022-03-03 11:30:00,434.899,435.811,675,1.3070009148773052,-615.5999999999849,4.7250000000000005,-620.3249999999849,band_vwap
2022-03-04,SHORT,2022-03-04 11:00:00,2022-03-04 11:30:00,428.509,428.971,714,1.358277523195268,-329.8679999999922,4.998,-334.8659999999922,band_vwap
2022-03-07,SHORT,2022-03-07 10:00:00,2022-03-07 15:59:00,427.79900000000004,419.46099999999996,752,1.4329988944607852,6270.1760000000595,5.264,6264.912000000059,market_close
2022-03-08,SHORT,2022-03-08 10:30:00,2022-03-08 11:00:00,416.35900000000004,419.351,698,1.259115878100992,-2088.4159999999733,4.886,-2093.3019999999733,band_vwap
2022-03-08,LONG,2022-03-08 12:30:00,2022-03-08 14:00:00,423.791,419.519,698,1.259115878100992,-2981.855999999994,4.886,-2986.741999999994,band_vwap
2022-03-14,LONG,2022-03-14 11:00:00,2022-03-14 11:30:00,424.33099999999996,422.279,655,1.2108194957491736,-1344.0599999999765,4.585,-1348.6449999999766,band_vwap
2022-03-15,LONG,2022-03-15 12:30:00,2022-03-15 13:00:00,424.07099999999997,423.569,657,1.2188991817412471,-329.8139999999689,4.599,-334.4129999999689,band_vwap
2022-03-15,LONG,2022-03-15 15:30:00,2022-03-15 15:59:00,425.786,426.139,657,1.2188991817412471,231.92100000000568,4.599,227.3220000000057,market_close
2022-03-16,LONG,2022-03-16 10:00:00,2022-03-16 11:30:00,431.931,432.869,624,1.1854055821496678,585.3120000000281,4.368,580.944000000028,band_vwap
2022-03-17,LONG,2022-03-17 14:00:00,2022-03-17 14:30:00,439.441,438.309,600,1.1469381732690695,-679.1999999999689,4.2,-683.3999999999689,band_vwap
2022-03-22,LONG,2022-03-22 10:30:00,2022-03-22 12:00:00,448.56399999999996,448.694,628,1.2383635504155381,81.64000000003284,4.396,77.24400000003284,band_vwap
2022-03-22,LONG,2022-03-22 14:00:00,2022-03-22 14:30:00,449.51099999999997,448.579,628,1.2383635504155381,-585.2959999999746,4.396,-589.6919999999745,band_vwap
2022-04-04,LONG,2022-04-04 10:00:00,2022-04-04 11:00:00,454.501,454.449,867,1.739965025842589,-45.08399999996885,6.069,-51.152999999968856,band_vwap
2022-04-04,LONG,2022-04-04 11:30:00,2022-04-04 13:00:00,455.20099999999996,454.90900000000005,867,1.739965025842589,-253.16399999992746,6.069,-259.2329999999275,band_vwap
2022-04-04,LONG,2022-04-04 14:00:00,2022-04-04 15:30:00,455.71099999999996,456.10900000000004,867,1.739965025842589,345.0660000000706,6.069,338.99700000007056,band_vwap
2022-04-05,SHORT,2022-04-05 12:30:00,2022-04-05 13:00:00,452.769,453.551,935,1.8857042279203722,-731.1699999999835,6.545,-737.7149999999834,band_vwap
2022-04-05,SHORT,2022-04-05 14:00:00,2022-04-05 15:59:00,453.019,451.101,935,1.8857042279203722,1793.3300000000058,6.545,1786.7850000000058,market_close
2022-04-06,SHORT,2022-04-06 10:00:00,2022-04-06 11:30:00,445.57910000000004,445.45599999999996,983,1.9372443054328374,121.00730000007769,6.881,114.12630000007769,band_vwap
2022-04-06,SHORT,2022-04-06 12:30:00,2022-04-06 13:00:00,444.889,445.26099999999997,983,1.9372443054328374,-365.675999999958,6.881,-372.55699999995795,band_vwap
2022-04-06,SHORT,2022-04-06 14:30:00,2022-04-06 15:00:00,444.559,447.991,983,1.9372443054328374,-3373.6559999999604,6.881,-3380.5369999999602,band_vwap
2022-04-07,LONG,2022-04-07 15:00:00,2022-04-07 15:59:00,449.251,448.73900000000003,961,1.9192491140962322,-492.0319999999458,6.727,-498.7589999999458,market_close
2022-04-08,SHORT,2022-04-08 10:00:00,2022-04-08 10:30:00,446.079,447.431,965,1.9422554994969772,-1304.6799999999762,6.755,-1311.4349999999763,band_vwap
2022-04-08,LONG,2022-04-08 11:00:00,2022-04-08 11:30:00,449.801,449.339,965,1.9422554994969772,-445.82999999998947,6.755,-452.58499999998946,band_vwap
2022-04-08,LONG,2022-04-08 12:30:00,2022-04-08 13:00:00,450.421,450.189,965,1.9422554994969772,-223.87999999997191,6.755,-230.6349999999719,band_vwap
2022-04-11,SHORT,2022-04-11 10:30:00,2022-04-11 15:00:00,442.764,442.46099999999996,962,1.9357140347977495,291.48600000005206,6.734,284.7520000000521,band_vwap
2022-04-11,SHORT,2022-04-11 15:30:00,2022-04-11 15:59:00,440.949,439.971,962,1.9357140347977495,940.8360000000083,6.734,934.1020000000083,market_close
2022-04-12,LONG,2022-04-12 10:00:00,2022-04-12 10:30:00,445.07099999999997,443.629,926,1.850222205964477,-1335.291999999954,6.482,-1341.773999999954,band_vwap
2022-04-12,SHORT,2022-04-12 14:30:00,2022-04-12 15:00:00,438.47900000000004,438.811,926,1.850222205964477,-307.43199999994147,6.482,-313.9139999999415,band_vwap
2022-04-12,SHORT,2022-04-12 15:30:00,2022-04-12 15:59:00,437.05890000000005,438.241,926,1.850222205964477,-1094.6245999999392,6.482,-1101.1065999999391,market_close
2022-04-13,LONG,2022-04-13 10:30:00,2022-04-13 15:59:00,439.291,443.35900000000004,967,1.932666961008743,3933.756000000039,6.769,3926.987000000039,market_close
2022-04-14,SHORT,2022-04-14 10:00:00,2022-04-14 11:30:00,442.17900000000003,442.051,1004,1.9973154575152678,128.51200000004292,7.0280000000000005,121.48400000004291,band_vwap
2022-04-14,SHORT,2022-04-14 12:00:00,2022-04-14 15:59:00,440.774,437.871,1004,1.9973154575152678,2914.61200000002,7.0280000000000005,2907.5840000000203,market_close
2022-04-19,LONG,2022-04-19 10:00:00,2022-04-19 15:59:00,441.40099999999995,445.009,1038,2.009597401566434,3745.104000000063,7.266,3737.838000000063,market_close
2022-04-21,SHORT,2022-04-21 14:00:00,2022-04-21 15:59:00,441.72900000000004,438.041,990,1.9317330306252076,3651.1200000000445,6.93,3644.1900000000446,market_close
2022-04-22,SHORT,2022-04-22 10:00:00,2022-04-22 15:59:00,434.339,426.09099999999995,1037,1.9404627975388589,8553.176000000049,7.259,8545.917000000049,market_close
2022-04-25,SHORT,2022-04-25 10:00:00,2022-04-25 10:30:00,420.29900000000004,422.66049999999996,939,1.6433634721648942,-2217.4484999999263,6.573,-2224.021499999926,band_vwap
2022-04-25,SHORT,2022-04-25 11:00:00,2022-04-25 12:30:00,420.699,421.71099999999996,939,1.6433634721648942,-950.267999999947,6.573,-956.840999999947,band_vwap
2022-04-26,SHORT,2022-04-26 10:00:00,2022-04-26 13:00:00,423.84900000000005,422.2154,938,1.673420733652449,1532.3168000000546,6.566,1525.7508000000546,band_vwap
2022-04-26,SHORT,2022-04-26 13:30:00,2022-04-26 15:59:00,419.119,416.111,938,1.673420733652449,2821.504000000036,6.566,2814.938000000036,market_close
2022-04-27,LONG,2022-04-27 10:00:00,2022-04-27 10:30:00,420.751,415.92900000000003,863,1.4812694569746478,-4161.385999999953,6.041,-4167.426999999953,band_vwap
2022-04-27,LONG,2022-04-27 11:30:00,2022-04-27 12:00:00,419.82099999999997,419.67900000000003,863,1.4812694569746478,-122.54599999994741,6.041,-128.5869999999474,band_vwap
2022-04-27,LONG,2022-04-27 12:30:00,2022-04-27 14:30:00,422.131,420.369,863,1.4812694569746478,-1520.6059999999513,6.041,-1526.6469999999513,band_vwap
2022-04-28,LONG,2022-04-28 13:00:00,2022-04-28 15:59:00,425.601,427.78900000000004,825,1.46887152692016,1805.1000000000372,5.775,1799.325000000037,market_close
2022-04-29,SHORT,2022-04-29 10:30:00,2022-04-29 15:59:00,421.189,412.051,721,1.2772936270163497,6588.498000000024,5.047,6583.451000000025,market_close
2022-05-02,LONG,2022-05-02 10:30:00,2022-05-02 11:00:00,414.441,412.41900000000004,661,1.1094273916124873,-1336.5419999999567,4.627,-1341.1689999999567,band_vwap
2022-05-02,SHORT,2022-05-02 14:00:00,2022-05-02 15:30:00,407.579,411.911,661,1.1094273916124873,-2863.4519999999957,4.627,-2868.0789999999956,band_vwap
2022-05-03,LONG,2022-05-03 11:30:00,2022-05-03 12:30:00,417.96099999999996,416.629,648,1.1133811768454318,-863.135999999959,4.5360000000000005,-867.671999999959,band_vwap
2022-05-04,LONG,2022-05-04 15:00:00,2022-05-04 15:59:00,423.71099999999996,428.98900000000003,637,1.1040804284457804,3362.086000000049,4.4590000000000005,3357.627000000049,market_close
2022-05-05,SHORT,2022-05-05 10:00:00,2022-05-05 15:59:00,421.589,413.921,578,1.005319442370897,4432.104000000004,4.046,4428.058000000004,market_close
2022-05-06,SHORT,2022-05-06 10:00:00,2022-05-06 10:30:00,406.34900000000005,409.491,558,0.9240192848148833,-1753.235999999966,3.906,-1757.141999999966,band_vwap
2022-05-09,SHORT,2022-05-09 10:30:00,2022-05-09 12:00:00,402.449,401.911,563,0.9250798217539598,302.89400000000614,3.9410000000000003,298.95300000000617,band_vwap
2022-05-09,SHORT,2022-05-09 13:00:00,2022-05-09 13:30:00,400.71900000000005,401.58099999999996,563,0.9250798217539598,-485.30599999994905,3.9410000000000003,-489.246999999949,band_vwap
2022-05-09,SHORT,2022-05-09 14:00:00,2022-05-09 15:00:00,400.499,401.311,563,0.9250798217539598,-457.15599999997465,3.9410000000000003,-461.0969999999746,band_vwap
2022-05-11,LONG,2022-05-11 10:00:00,2022-05-11 11:00:00,402.251,401.439,561,0.907479589104263,-455.53199999997474,3.927,-459.45899999997476,band_vwap
2022-05-11,SHORT,2022-05-11 14:00:00,2022-05-11 14:30:00,393.509,396.01099999999997,561,0.907479589104263,-1403.6219999999735,3.927,-1407.5489999999734,band_vwap
2022-05-13,LONG,2022-05-13 10:30:00,2022-05-13 14:00:00,400.971,399.339,576,0.9362684832332615,-940.0320000000029,4.032,-944.0640000000029,band_vwap
2022-05-13,LONG,2022-05-13 15:30:00,2022-05-13 15:59:00,402.361,401.689,576,0.9362684832332615,-387.0719999999819,4.032,-391.1039999999819,market_close
2022-05-18,SHORT,2022-05-18 10:00:00,2022-05-18 11:00:00,401.15900000000005,400.76099999999997,540,0.8974340741607912,214.92000000004396,3.7800000000000002,211.14000000004395,band_vwap
2022-05-18,SHORT,2022-05-18 11:30:00,2022-05-18 15:59:00,397.03900000000004,391.931,540,0.8974340741607912,2758.320000000033,3.7800000000000002,2754.5400000000327,market_close
2022-05-20,SHORT,2022-05-20 12:30:00,2022-05-20 15:30:00,384.444,385.251,585,0.936489703046152,-472.0949999999763,4.095,-476.18999999997635,band_vwap
2022-05-23,LONG,2022-05-23 12:30:00,2022-05-23 13:00:00,396.52099999999996,395.96900000000005,589,0.9428530129787075,-325.12799999994536,4.123,-329.25099999994535,band_vwap
2022-05-23,LONG,2022-05-23 14:00:00,2022-05-23 14:30:00,396.741,396.85900000000004,589,0.9428530129787075,69.50200000003053,4.123,65.37900000003053,band_vwap
2022-05-24,SHORT,2022-05-24 10:30:00,2022-05-24 11:30:00,388.999,388.621,567,0.9094612571603352,214.32600000002424,3.969,210.35700000002424,band_vwap
2022-05-26,LONG,2022-05-26 10:00:00,2022-05-26 15:59:00,402.561,405.28900000000004,675,1.0976194364256673,1841.4000000000442,4.7250000000000005,1836.6750000000443,market_close
2022-05-27,LONG,2022-05-27 10:00:00,2022-05-27 11:00:00,411.02099999999996,410.959,633,1.0462774985545436,-39.2459999999715,4.431,-43.6769999999715,band_vwap
2022-05-27,LONG,2022-05-27 12:00:00,2022-05-27 15:59:00,412.52099999999996,415.34900000000005,633,1.0462774985545436,1790.1240000000557,4.431,1785.6930000000557,market_close
2022-05-31,SHORT,2022-05-31 10:00:00,2022-05-31 10:30:00,411.15900000000005,411.721,668,1.1104056100668855,-375.4159999999699,4.676,-380.0919999999699,band_vwap
2022-06-01,SHORT,2022-06-01 11:30:00,2022-06-01 13:30:00,408.78900000000004,409.251,658,1.1006955631098434,-303.9959999999554,4.606,-308.6019999999554,band_vwap
2022-06-02,LONG,2022-06-02 12:30:00,2022-06-02 15:59:00,413.971,417.369,685,1.1313041317437442,2327.630000000017,4.795,2322.835000000017,market_close
2022-06-09,SHORT,2022-06-09 15:30:00,2022-06-09 15:59:00,404.499,401.471,923,1.5092619760442565,2794.8440000000182,6.461,2788.3830000000185,market_close
2022-06-10,SHORT,2022-06-10 10:30:00,2022-06-10 13:30:00,390.334,391.52099999999996,856,1.3356660451229865,-1016.0719999999615,5.992,-1022.0639999999614,band_vwap
2022-06-13,SHORT,2022-06-13 10:30:00,2022-06-13 11:30:00,377.189,377.361,774,1.1653738833437506,-133.1279999999757,5.418,-138.54599999997572,band_vwap
2022-06-13,SHORT,2022-06-13 15:30:00,2022-06-13 15:59:00,375.079,375.02099999999996,774,1.1653738833437506,44.892000000038365,5.418,39.474000000038366,market_close
2022-06-15,LONG,2022-06-15 15:30:00,2022-06-15 15:59:00,382.291,379.129,703,1.0526162923224176,-2222.8859999999845,4.921,-2227.8069999999843,market_close
2022-06-16,SHORT,2022-06-16 10:00:00,2022-06-16 10:30:00,368.809,368.941,698,1.0355618197328094,-92.13599999996381,4.886,-97.02199999996381,band_vwap
2022-06-16,SHORT,2022-06-16 11:00:00,2022-06-16 11:30:00,366.069,368.15099999999995,698,1.0355618197328094,-1453.2359999999558,4.886,-1458.1219999999557,band_vwap
2022-06-16,SHORT,2022-06-16 12:00:00,2022-06-16 13:00:00,367.869,367.691,698,1.0355618197328094,124.24400000003777,4.886,119.35800000003778,band_vwap
2022-06-16,SHORT,2022-06-16 14:00:00,2022-06-16 15:30:00,365.829,366.921,698,1.0355618197328094,-762.2159999999892,4.886,-767.1019999999892,band_vwap
2022-06-17,LONG,2022-06-17 10:00:00,2022-06-17 10:30:00,368.411,364.569,692,1.0214974222083246,-2658.6639999999893,4.844,-2663.5079999999894,band_vwap
2022-06-21,LONG,2022-06-21 10:00:00,2022-06-21 12:00:00,374.84099999999995,374.199,757,1.149181136514795,-485.99399999995387,5.299,-491.29299999995385,band_vwap
2022-06-21,LONG,2022-06-21 12:30:00,2022-06-21 15:59:00,374.756,375.06890000000004,757,1.149181136514795,236.86530000005308,5.299,231.56630000005308,market_close
2022-06-24,LONG,2022-06-24 10:00:00,2022-06-24 15:59:00,383.83099999999996,390.04900000000004,677,1.0555775831293204,4209.58600000005,4.739,4204.847000000051,market_close
2022-06-27,SHORT,2022-06-27 10:00:00,2022-06-27 10:30:00,388.129,388.191,598,0.939678588547469,-37.07599999997308,4.186,-41.26199999997308,band_vwap
2022-06-28,SHORT,2022-06-28 11:30:00,2022-06-28 15:59:00,385.769,380.741,601,0.9430940887913059,3021.8280000000123,4.207,3017.6210000000124,market_close
2022-06-30,SHORT,2022-06-30 10:00:00,2022-06-30 11:00:00,373.35900000000004,375.741,630,0.941183848159686,-1500.6599999999673,4.41,-1505.0699999999674,band_vwap
2022-07-05,SHORT,2022-07-05 10:00:00,2022-07-05 10:30:00,373.829,374.441,679,1.0192957115506267,-415.54799999997715,4.753,-420.30099999997714,band_vwap
2022-07-07,LONG,2022-07-07 10:00:00,2022-07-07 10:30:00,387.39099999999996,386.869,786,1.2109005706042815,-410.29199999994853,5.502,-415.79399999994854,band_vwap
2022-07-07,LONG,2022-07-07 11:00:00,2022-07-07 11:30:00,387.371,387.1474,786,1.2109005706042815,-175.74959999998134,5.502,-181.25159999998135,band_vwap
2022-07-07,LONG,2022-07-07 12:00:00,2022-07-07 13:30:00,387.88599999999997,387.48900000000003,786,1.2109005706042815,-312.04199999994853,5.502,-317.54399999994854,band_vwap
2022-07-07,LONG,2022-07-07 14:00:00,2022-07-07 15:59:00,388.421,388.939,786,1.2109005706042815,407.1480000000229,5.502,401.64600000002287,market_close
2022-07-14,SHORT,2022-07-14 10:30:00,2022-07-14 11:00:00,371.97900000000004,372.361,1038,1.5550935406886075,-396.5159999999462,7.266,-403.7819999999462,band_vwap
2022-07-15,LONG,2022-07-15 10:30:00,2022-07-15 11:00:00,384.20099999999996,383.69590000000005,1032,1.5856343562770714,-521.2631999999107,7.224,-528.4871999999108,band_vwap
2022-07-19,LONG,2022-07-19 10:30:00,2022-07-19 15:59:00,388.061,392.249,1213,1.8844655392103071,5080.044000000054,8.491,5071.553000000054,market_close
2022-07-20,LONG,2022-07-20 11:00:00,2022-07-20 13:30:00,395.95099999999996,393.889,1123,1.7372942616691205,-2315.6259999999493,7.861,-2323.486999999949,band_vwap
2022-07-21,SHORT,2022-07-21 10:30:00,2022-07-21 11:00:00,392.09900000000005,394.411,1106,1.7351793060491363,-2557.07199999995,7.742,-2564.8139999999503,band_vwap
2022-07-21,LONG,2022-07-21 12:30:00,2022-07-21 13:30:00,397.351,396.579,1106,1.7351793060491363,-853.8319999999904,7.742,-861.5739999999904,band_vwap
2022-07-22,SHORT,2022-07-22 11:30:00,2022-07-22 15:59:00,396.71900000000005,395.121,1106,1.7797138070461325,1767.3880000000775,7.742,1759.6460000000775,market_close
2022-07-26,SHORT,2022-07-26 10:30:00,2022-07-26 11:00:00,392.529,392.881,1092,1.7230232063451771,-384.3839999999732,7.644,-392.0279999999732,band_vwap
2022-07-26,SHORT,2022-07-26 11:30:00,2022-07-26 13:30:00,391.35900000000004,392.191,1092,1.7230232063451771,-908.543999999931,7.644,-916.187999999931,band_vwap
2022-07-26,SHORT,2022-07-26 14:00:00,2022-07-26 15:00:00,391.274,390.741,1092,1.7230232063451771,582.0360000000169,7.644,574.3920000000169,band_vwap
2022-07-27,LONG,2022-07-27 11:00:00,2022-07-27 11:30:00,396.14099999999996,396.119,1034,1.637959979216,-22.74799999993229,7.238,-29.98599999993229,band_vwap
2022-07-27,LONG,2022-07-27 12:00:00,2022-07-27 13:00:00,396.65099999999995,396.019,1034,1.637959979216,-653.4879999999464,7.238,-660.7259999999465,band_vwap
2022-07-27,LONG,2022-07-27 15:00:00,2022-07-27 15:59:00,399.871,400.999,1034,1.637959979216,1166.3520000000442,7.238,1159.1140000000441,market_close
2022-07-28,SHORT,2022-07-28 10:00:00,2022-07-28 11:00:00,399.379,401.57099999999997,924,1.488453240723855,-2025.4079999999542,6.468,-2031.8759999999543,band_vwap
2022-07-28,LONG,2022-07-28 11:30:00,2022-07-28 12:00:00,403.851,403.649,924,1.488453240723855,-186.64799999999832,6.468,-193.1159999999983,band_vwap
2022-07-28,LONG,2022-07-28 12:30:00,2022-07-28 15:59:00,404.251,406.009,924,1.488453240723855,1624.3920000000353,6.468,1617.9240000000352,market_close
2022-07-29,LONG,2022-07-29 10:00:00,2022-07-29 11:30:00,409.21099999999996,408.279,893,1.462631555332351,-832.2759999999639,6.251,-838.5269999999639,band_vwap
2022-07-29,LONG,2022-07-29 13:00:00,2022-07-29 15:59:00,410.491,412.059,893,1.462631555332351,1400.224000000036,6.251,1393.973000000036,market_close
2022-08-03,LONG,2022-08-03 11:30:00,2022-08-03 15:59:00,412.45099999999996,414.40900000000005,933,1.535907584185466,1826.814000000078,6.531,1820.2830000000781,market_close
2022-08-08,LONG,2022-08-08 10:00:00,2022-08-08 10:30:00,417.191,416.73900000000003,984,1.6263717287565336,-444.7679999999423,6.888,-451.65599999994225,band_vwap
2022-08-12,LONG,2022-08-12 11:30:00,2022-08-12 12:00:00,423.421,423.41900000000004,1053,1.772325175971809,-2.1059999999501997,7.371,-9.4769999999502,band_vwap
2022-08-12,LONG,2022-08-12 12:30:00,2022-08-12 15:59:00,424.251,427.059,1053,1.772325175971809,2956.8240000000524,7.371,2949.4530000000523,market_close
2022-08-16,LONG,2022-08-16 14:00:00,2022-08-16 14:30:00,430.991,431.23900000000003,1118,1.8845229048808552,277.2640000000529,7.8260000000000005,269.43800000005285,band_vwap
2022-08-19,SHORT,2022-08-19 10:00:00,2022-08-19 13:00:00,423.16900000000004,423.311,1361,2.2776832753430045,-193.26199999991707,9.527000000000001,-202.78899999991705,band_vwap
2022-08-19,SHORT,2022-08-19 13:30:00,2022-08-19 15:59:00,422.774,422.15099999999995,1361,2.2776832753430045,847.9030000000644,9.527000000000001,838.3760000000643,market_close
2022-08-22,SHORT,2022-08-22 10:30:00,2022-08-22 15:59:00,414.899,413.46099999999996,1263,2.068637885643886,1816.1940000000568,8.841,1807.353000000057,market_close
2022-08-24,LONG,2022-08-24 11:30:00,2022-08-24 13:00:00,414.441,413.079,1189,1.910829550693331,-1619.41799999996,8.323,-1627.7409999999602,band_vwap
2022-08-25,LONG,2022-08-25 10:30:00,2022-08-25 11:30:00,417.371,415.66900000000004,1168,1.9035502159368753,-1987.9359999999315,8.176,-1996.1119999999314,band_vwap
2022-08-26,SHORT,2022-08-26 10:30:00,2022-08-26 15:59:00,414.899,405.32099999999997,1081,1.79326344038218,10353.818000000034,7.567,10346.251000000035,market_close
2022-08-30,SHORT,2022-08-30 10:30:00,2022-08-30 15:59:00,400.04900000000004,398.181,891,1.3686205956039075,1664.3880000000463,6.237,1658.1510000000462,market_close
2022-09-01,SHORT,2022-09-01 11:00:00,2022-09-01 12:00:00,390.329,391.171,1015,1.5062043780398398,-854.6299999999843,7.105,-861.7349999999843,band_vwap
2022-09-02,SHORT,2022-09-02 13:30:00,2022-09-02 14:30:00,393.4974,393.76099999999997,1093,1.6579871753031994,-288.1147999999343,7.651,-295.7657999999343,band_vwap
2022-09-02,SHORT,2022-09-02 15:00:00,2022-09-02 15:59:00,392.569,392.27099999999996,1093,1.6579871753031994,325.7140000000641,7.651,318.0630000000641,market_close
2022-09-06,SHORT,2022-09-06 10:30:00,2022-09-06 11:00:00,390.399,393.101,1137,1.69319051873766,-3072.173999999998,7.9590000000000005,-3080.132999999998,band_vwap
2022-09-07,LONG,2022-09-07 11:00:00,2022-09-07 15:59:00,392.78099999999995,397.769,1151,1.7230800574967529,5741.188000000065,8.057,5733.131000000065,market_close
2022-09-08,LONG,2022-09-08 11:00:00,2022-09-08 12:00:00,399.90599999999995,399.509,1012,1.5003711097439565,-401.76399999993373,7.0840000000000005,-408.84799999993373,band_vwap
2022-09-09,LONG,2022-09-09 10:00:00,2022-09-09 12:30:00,404.28099999999995,404.78900000000004,976,1.4770545458959636,495.80800000009276,6.832,488.97600000009277,band_vwap
2022-09-09,LONG,2022-09-09 13:00:00,2022-09-09 15:00:00,405.981,406.73900000000003,976,1.4770545458959636,739.8080000000373,6.832,732.9760000000373,band_vwap
2022-09-09,LONG,2022-09-09 15:30:00,2022-09-09 15:59:00,407.111,406.54900000000004,976,1.4770545458959636,-548.5119999999561,6.832,-555.343999999956,market_close
2022-09-12,LONG,2022-09-12 10:00:00,2022-09-12 11:00:00,411.02099999999996,410.519,914,1.4007889389931363,-458.8279999999568,6.398000000000001,-465.2259999999568,band_vwap
2022-09-13,SHORT,2022-09-13 11:00:00,2022-09-13 13:30:00,398.42900000000003,399.45099999999996,968,1.4611240559781025,-989.2959999999366,6.776,-996.0719999999366,band_vwap
2022-09-13,SHORT,2022-09-13 14:30:00,2022-09-13 15:59:00,397.24890000000005,393.131,968,1.4611240559781025,3986.1272000000745,6.776,3979.3512000000746,market_close
2022-09-16,SHORT,2022-09-16 10:00:00,2022-09-16 10:30:00,382.53900000000004,384.291,811,1.1566530755873436,-1420.8719999999616,5.6770000000000005,-1426.5489999999616,band_vwap
2022-09-20,SHORT,2022-09-20 14:00:00,2022-09-20 14:30:00,381.404,382.70099999999996,892,1.282858008767569,-1156.923999999972,6.244,-1163.167999999972,band_vwap
2022-09-22,SHORT,2022-09-22 10:00:00,2022-09-22 10:30:00,374.949,375.631,881,1.2440316017417925,-600.8419999999644,6.167,-607.0089999999644,band_vwap
2022-09-22,SHORT,2022-09-22 11:00:00,2022-09-22 13:00:00,374.089,375.1676,881,1.2440316017417925,-950.2465999999952,6.167,-956.4135999999952,band_vwap
2022-09-23,SHORT,2022-09-23 10:00:00,2022-09-23 10:30:00,367.79900000000004,368.76099999999997,893,1.248293815210642,-859.0659999999395,6.251,-865.3169999999395,band_vwap
2022-09-23,SHORT,2022-09-23 11:00:00,2022-09-23 15:59:00,367.459,367.921,893,1.248293815210642,-412.56599999999025,6.251,-418.81699999999023,market_close
2022-09-26,LONG,2022-09-26 10:30:00,2022-09-26 11:00:00,369.83099999999996,368.499,883,1.2261748799954817,-1176.1559999999442,6.181,-1182.3369999999443,band_vwap
2022-09-26,SHORT,2022-09-26 13:30:00,2022-09-26 14:30:00,363.629,363.801,883,1.2261748799954817,-151.8759999999723,6.181,-158.0569999999723,band_vwap
2022-09-27,SHORT,2022-09-27 12:30:00,2022-09-27 13:00:00,362.21900000000005,362.721,871,1.2216297698893281,-437.2419999999588,6.097,-443.3389999999588,band_vwap
2022-09-27,SHORT,2022-09-27 13:30:00,2022-09-27 14:00:00,361.889,361.76099999999997,871,1.2216297698893281,111.48800000003723,6.097,105.39100000003724,band_vwap
2022-09-28,LONG,2022-09-28 10:30:00,2022-09-28 15:59:00,366.431,370.47900000000004,956,1.3291743710384227,3869.8880000000563,6.692,3863.1960000000563,market_close
2022-09-29,SHORT,2022-09-29 10:00:00,2022-09-29 12:00:00,363.189,364.001,893,1.2309708927489016,-725.1159999999597,6.251,-731.3669999999597,band_vwap
2022-09-29,SHORT,2022-09-29 12:30:00,2022-09-29 15:59:00,362.829,362.791,893,1.2309708927489016,33.934000000009746,6.251,27.683000000009745,market_close
2022-09-30,LONG,2022-09-30 11:30:00,2022-09-30 12:00:00,365.291,362.959,943,1.286304035920727,-2199.075999999994,6.601,-2205.676999999994,band_vwap
2022-10-03,LONG,2022-10-03 10:30:00,2022-10-03 15:59:00,364.381,366.59900000000005,994,1.3639463925008488,2204.692000000074,6.958,2197.734000000074,market_close
2022-10-04,LONG,2022-10-04 10:00:00,2022-10-04 13:30:00,376.01099999999997,375.389,1001,1.4042811529355306,-622.6219999999572,7.007000000000001,-629.6289999999572,band_vwap
2022-10-04,LONG,2022-10-04 14:00:00,2022-10-04 14:30:00,376.296,375.579,1001,1.4042811529355306,-717.7169999999845,7.007000000000001,-724.7239999999845,band_vwap
2022-10-04,LONG,2022-10-04 15:00:00,2022-10-04 15:59:00,377.0988,377.92900000000003,1001,1.4042811529355306,831.0302000000477,7.007000000000001,824.0232000000477,market_close
2022-10-07,SHORT,2022-10-07 10:00:00,2022-10-07 15:59:00,365.53900000000004,362.801,851,1.1862421352819368,2330.0380000000478,5.957,2324.081000000048,market_close
2022-10-10,SHORT,2022-10-10 11:00:00,2022-10-10 12:00:00,360.199,360.801,819,1.116381219810803,-493.0379999999799,5.7330000000000005,-498.7709999999799,band_vwap
2022-10-10,SHORT,2022-10-10 12:30:00,2022-10-10 14:00:00,359.03900000000004,361.481,819,1.116381219810803,-1999.9979999999593,5.7330000000000005,-2005.7309999999593,band_vwap
2022-10-13,LONG,2022-10-13 11:30:00,2022-10-13 15:59:00,360.291,365.959,871,1.1496530295585696,4936.828000000006,6.097,4930.731000000006,market_close
2022-10-14,SHORT,2022-10-14 10:30:00,2022-10-14 15:59:00,361.96180000000004,357.681,786,1.0750454774563714,3364.708800000044,5.502,3359.206800000044,market_close
2022-10-17,LONG,2022-10-17 10:30:00,2022-10-17 11:00:00,366.721,365.449,772,1.0304122403856728,-981.9839999999933,5.404,-987.3879999999933,band_vwap
2022-10-20,LONG,2022-10-20 10:30:00,2022-10-20 11:30:00,372.191,370.29900000000004,760,1.0288475286095882,-1437.9199999999537,5.32,-1443.2399999999536,band_vwap
2022-10-21,LONG,2022-10-21 10:00:00,2022-10-21 10:30:00,369.111,367.35900000000004,777,1.0490820164991959,-1361.3039999999633,5.439,-1366.7429999999633,band_vwap
2022-10-21,LONG,2022-10-21 12:00:00,2022-10-21 15:59:00,370.03099999999995,374.279,777,1.0490820164991959,3300.6960000000367,5.439,3295.257000000037,market_close
2022-10-25,LONG,2022-10-25 10:00:00,2022-10-25 13:00:00,382.40099999999995,383.084,835,1.1614947864354772,570.3050000000414,5.845,564.4600000000414,band_vwap
2022-10-25,LONG,2022-10-25 14:30:00,2022-10-25 15:00:00,384.01599999999996,383.54900000000004,835,1.1614947864354772,-389.9449999999396,5.845,-395.78999999993965,band_vwap
2022-10-25,LONG,2022-10-25 15:30:00,2022-10-25 15:59:00,384.756,384.869,835,1.1614947864354772,94.35500000004708,5.845,88.51000000004709,market_close
2022-10-28,LONG,2022-10-28 10:00:00,2022-10-28 15:59:00,382.57099999999997,388.96900000000005,924,1.2875607448734667,5911.752000000075,6.468,5905.284000000075,market_close
2022-11-02,SHORT,2022-11-02 15:30:00,2022-11-02 15:59:00,377.07300000000004,374.871,898,1.2378097074770618,1977.3960000000493,6.2860000000000005,1971.1100000000492,market_close
2022-11-03,SHORT,2022-11-03 10:00:00,2022-11-03 10:30:00,369.21900000000005,372.631,894,1.1840938926032973,-3050.3279999999295,6.258,-3056.5859999999293,band_vwap
2022-11-08,LONG,2022-11-08 11:30:00,2022-11-08 13:30:00,384.01099999999997,381.72900000000004,990,1.3595674166084968,-2259.179999999926,6.93,-2266.109999999926,band_vwap
2022-11-09,SHORT,2022-11-09 14:00:00,2022-11-09 14:30:00,376.139,376.366,998,1.3778676454045495,-226.5459999999755,6.986,-233.53199999997548,band_vwap
2022-11-09,SHORT,2022-11-09 15:00:00,2022-11-09 15:59:00,374.819,374.15099999999995,998,1.3778676454045495,666.6640000000631,6.986,659.6780000000631,market_close
2022-11-10,LONG,2022-11-10 11:00:00,2022-11-10 12:30:00,390.441,390.649,914,1.287015487928326,190.11200000002452,6.398000000000001,183.71400000002453,band_vwap
2022-11-10,LONG,2022-11-10 15:00:00,2022-11-10 15:59:00,392.27099999999996,394.639,914,1.287015487928326,2164.352000000047,6.398000000000001,2157.954000000047,market_close
2022-11-11,LONG,2022-11-11 15:00:00,2022-11-11 15:30:00,399.231,398.529,691,0.9835467952720819,-485.08199999999874,4.837,-489.91899999999873,band_vwap
2022-11-23,LONG,2022-11-23 10:00:00,2022-11-23 12:00:00,401.411,400.339,787,1.1328562479951054,-843.6640000000021,5.509,-849.1730000000022,band_vwap
2022-11-28,SHORT,2022-11-28 14:30:00,2022-11-28 15:59:00,395.999,395.921,810,1.168476871718772,63.180000000025416,5.67,57.510000000025414,market_close
2022-11-29,LONG,2022-11-29 10:30:00,2022-11-29 11:00:00,397.02099999999996,396.339,781,1.1184046393822067,-532.6419999999684,5.4670000000000005,-538.1089999999684,band_vwap
2022-11-29,SHORT,2022-11-29 11:30:00,2022-11-29 12:00:00,393.72900000000004,394.65099999999995,781,1.1184046393822067,-720.0819999999311,5.4670000000000005,-725.5489999999311,band_vwap
2022-11-29,SHORT,2022-11-29 12:30:00,2022-11-29 13:00:00,394.269,394.941,781,1.1184046393822067,-524.8319999999756,5.4670000000000005,-530.2989999999755,band_vwap
2022-11-30,SHORT,2022-11-30 10:30:00,2022-11-30 11:00:00,394.184,394.21099999999996,779,1.1201167712737845,-21.032999999945446,5.453,-26.485999999945445,band_vwap
2022-11-30,LONG,2022-11-30 14:00:00,2022-11-30 15:59:00,399.721,407.46900000000005,779,1.1201167712737845,6035.692000000037,5.453,6030.239000000037,market_close
2022-12-01,SHORT,2022-12-01 10:30:00,2022-12-01 11:00:00,405.279,407.59099999999995,710,1.0329859800806744,-1641.5199999999681,4.97,-1646.4899999999682,band_vwap
2022-12-05,SHORT,2022-12-05 11:30:00,2022-12-05 15:59:00,402.509,399.611,1206,1.744663771458435,3494.9880000000294,8.442,3486.5460000000294,market_close
2022-12-06,SHORT,2022-12-06 10:00:00,2022-12-06 15:59:00,397.17900000000003,393.861,1141,1.6122534450808368,3785.838000000046,7.987,3777.851000000046,market_close
2022-12-08,LONG,2022-12-08 10:00:00,2022-12-08 11:30:00,396.181,395.874,1153,1.5892647440529573,-353.97099999995334,8.071,-362.04199999995336,band_vwap
2022-12-12,LONG,2022-12-12 15:00:00,2022-12-12 15:59:00,396.751,398.90900000000005,1138,1.567055812204839,2455.8040000000824,7.966,2447.8380000000825,market_close
2022-12-14,LONG,2022-12-14 10:00:00,2022-12-14 12:30:00,403.846,403.779,1077,1.4980592023622956,-72.15900000000784,7.539000000000001,-79.69800000000784,band_vwap
2022-12-14,LONG,2022-12-14 14:00:00,2022-12-14 14:30:00,404.77099999999996,400.199,1077,1.4980592023622956,-4924.043999999942,7.539000000000001,-4931.582999999941,band_vwap
2022-12-15,SHORT,2022-12-15 10:00:00,2022-12-15 15:30:00,391.59900000000005,390.631,1105,1.5356906090181097,1069.6400000000824,7.735,1061.9050000000825,band_vwap
2022-12-16,SHORT,2022-12-16 10:30:00,2022-12-16 15:00:00,382.639,382.931,1027,1.3891644889228723,-299.88399999997245,7.189,-307.07299999997247,band_vwap
2022-12-19,SHORT,2022-12-19 14:00:00,2022-12-19 15:59:00,379.899,379.981,1029,1.3875977372942587,-84.37799999999345,7.203,-91.58099999999345,market_close
2022-12-21,LONG,2022-12-21 11:00:00,2022-12-21 12:00:00,386.58099999999996,385.952,1353,1.8242907872129048,-851.0369999999489,9.471,-860.5079999999489,band_vwap
2022-12-21,LONG,2022-12-21 13:00:00,2022-12-21 13:30:00,386.4092,385.73900000000003,1353,1.8242907872129048,-906.7805999999537,9.471,-916.2515999999537,band_vwap
2022-12-21,LONG,2022-12-21 14:00:00,2022-12-21 15:00:00,386.39099999999996,386.10900000000004,1353,1.8242907872129048,-381.5459999998991,9.471,-391.0169999998991,band_vwap
2022-12-22,SHORT,2022-12-22 10:00:00,2022-12-22 15:00:00,381.569,378.49109999999996,1213,1.6466351202476048,3733.4927000000685,8.491,3725.0017000000685,band_vwap
2022-12-27,SHORT,2022-12-27 10:00:00,2022-12-27 10:30:00,380.519,382.40099999999995,1235,1.653971866761089,-2324.269999999936,8.645,-2332.914999999936,band_vwap
2022-12-28,SHORT,2022-12-28 11:30:00,2022-12-28 13:00:00,379.149,379.311,1277,1.7170359563794038,-206.87399999997155,8.939,-215.81299999997154,band_vwap
2022-12-28,SHORT,2022-12-28 14:30:00,2022-12-28 15:59:00,378.379,376.681,1277,1.7170359563794038,2168.346000000046,8.939,2159.407000000046,market_close
2022-12-29,LONG,2022-12-29 10:00:00,2022-12-29 15:59:00,381.601,383.389,1258,1.672928841370441,2249.3040000000137,8.806000000000001,2240.4980000000137,market_close
