date,start_equity,end_equity,pnl,return,shares,leverage
2018-01-23,100000.0,99860.91800000002,-139.0819999999801,-0.0013908199999997928,353,1.0
2018-01-24,99860.91800000002,99860.91800000002,0.0,0.0,351,1.0
2018-01-25,99860.91800000002,99860.91800000002,0.0,0.0,351,1.0
2018-01-26,99860.91800000002,100416.20000000006,555.2820000000411,0.005560553729338169,351,1.0
2018-01-29,100416.20000000006,100339.33100000008,-76.86899999997621,-0.0007655039724663304,351,1.0
2018-01-30,100339.33100000008,99877.47600000017,-461.8549999999079,-0.004602930828788487,355,1.0
2018-01-31,99877.47600000017,99877.47600000017,0.0,0.0,353,1.0
2018-02-01,99877.47600000017,99581.26400000018,-296.2119999999839,-0.002965753760136969,355,1.0
2018-02-02,99581.26400000018,100951.95450000021,1370.6905000000297,0.013764542092978616,355,1.0
2018-02-05,100951.95450000021,103011.71250000026,2059.758000000043,0.020403349397262405,369,1.0
2018-02-06,103011.71250000026,102694.16010000033,-317.5523999999224,-0.003082682466810982,396,1.0
2018-02-07,102694.16010000033,102744.20210000034,50.042000000012855,0.0004872915845584025,382,1.0
2018-02-08,102744.20210000034,105934.97510000036,3190.7730000000083,0.03105550420153591,383,1.0
2018-02-09,105934.97510000036,103386.18830000037,-2548.78679999999,-0.024059917865596248,406,1.0
2018-02-12,103386.18830000037,102765.2803000004,-620.9079999999603,-0.00600571517539894,391,1.0
2018-02-13,102765.2803000004,102765.2803000004,0.0,0.0,389,1.0
2018-02-14,102765.2803000004,103208.37630000043,443.09600000002433,0.004311728617938826,388,1.0
2018-02-15,103208.37630000043,103208.37630000043,0.0,0.0,380,1.0
2018-02-16,103208.37630000043,103208.37630000043,0.0,0.0,379,1.0
2018-02-20,103208.37630000043,103208.37630000043,0.0,0.0,379,1.0
2018-02-21,103208.37630000043,103208.37630000043,0.0,0.0,379,1.0
2018-02-22,103208.37630000043,103208.37630000043,0.0,0.0,380,1.0
2018-02-23,103208.37630000043,103208.37630000043,0.0,0.0,379,1.0
2018-02-26,103208.37630000043,103208.37630000043,0.0,0.0,374,1.0
2018-02-27,103208.37630000043,103208.37630000043,0.0,0.0,371,1.0
2018-02-28,103208.37630000043,103208.37630000043,0.0,0.0,374,1.0
2018-03-01,103208.37630000043,103034.33630000046,-174.0399999999632,-0.0016862972390349062,380,1.0
2018-03-02,103034.33630000046,103034.33630000046,0.0,0.0,387,1.0
2018-03-05,103034.33630000046,103580.00030000048,545.6640000000208,0.005295943270903658,384,1.0
2018-03-06,103580.00030000048,103580.00030000048,0.0,0.0,379,1.0
2018-03-07,103580.00030000048,103580.00030000048,0.0,0.0,383,1.0
2018-03-08,103580.00030000048,103580.00030000048,0.0,0.0,378,1.0
2018-03-09,103580.00030000048,104476.6253000005,896.6250000000092,0.008656352552646407,375,1.0
2018-03-12,104476.6253000005,104405.93930000051,-70.68599999998486,-0.0006765723892498965,374,1.0
2018-03-13,104405.93930000051,104327.98230000053,-77.95699999997812,-0.0007466720813265049,373,1.0
2018-03-14,104327.98230000053,103912.44480000054,-415.53749999998837,-0.003982991819060477,375,1.0
2018-03-15,103912.44480000054,103912.44480000054,0.0,0.0,376,1.0
2018-03-16,103912.44480000054,103912.44480000054,0.0,0.0,378,1.0
2018-03-19,103912.44480000054,104752.62480000054,840.1800000000068,0.008085460809021505,380,1.0
2018-03-20,104752.62480000054,104752.62480000054,0.0,0.0,386,1.0
2018-03-21,104752.62480000054,104752.62480000054,0.0,0.0,386,1.0
2018-03-22,104752.62480000054,105502.20480000057,749.580000000036,0.007155715681885555,390,1.0
2018-03-23,105502.20480000057,105411.63180000061,-90.57299999996155,-0.0008584939070388486,399,1.0
2018-03-26,105411.63180000061,105248.01780000066,-163.61399999996402,-0.0015521436980540093,402,1.0
2018-03-27,105248.01780000066,106235.91280000069,987.8950000000376,0.009386352547534837,395,1.0
2018-03-28,106235.91280000069,106012.87680000071,-223.0359999999735,-0.002099440708151712,407,1.0
2018-03-29,106012.87680000071,106317.78280000073,304.9060000000155,0.002876122308945961,406,1.0
2018-04-02,106317.78280000073,108014.98680000076,1697.2040000000338,0.015963500698586985,404,1.0
2018-04-03,108014.98680000076,108014.98680000076,0.0,0.0,417,1.0
2018-04-04,108014.98680000076,108149.80680000076,134.82000000001318,0.0012481601303127032,420,1.0
2018-04-05,108149.80680000076,108149.80680000076,0.0,0.0,407,1.0
2018-04-06,108149.80680000076,107757.02680000078,-392.7799999999836,-0.0036318141624269717,410,1.0
2018-04-09,107757.02680000078,108478.43880000079,721.4120000000157,0.006694802384803689,412,1.0
2018-04-10,108478.43880000079,108478.43880000079,0.0,0.0,410,1.0
2018-04-11,108478.43880000079,108478.43880000079,0.0,0.0,411,1.0
2018-04-12,108478.43880000079,108209.5668000008,-268.8719999999946,-0.002478575493658264,408,1.0
2018-04-13,108209.5668000008,108209.5668000008,0.0,0.0,404,1.0
2018-04-16,108209.5668000008,108209.5668000008,0.0,0.0,405,1.0
2018-04-17,108209.5668000008,108209.5668000008,0.0,0.0,401,1.0
2018-04-18,108209.5668000008,108209.5668000008,0.0,0.0,399,1.0
2018-04-19,108209.5668000008,107993.4278000008,-216.13899999999288,-0.0019974111937761663,401,1.0
2018-04-20,107993.4278000008,108198.73980000083,205.312000000027,0.0019011527292220887,401,1.0
2018-04-23,108198.73980000083,108198.73980000083,0.0,0.0,404,1.0
2018-04-24,108198.73980000083,108950.58380000085,751.844000000021,0.006948731578480194,404,1.0
2018-04-25,108950.58380000085,108541.13780000088,-409.44599999996444,-0.0037580890869899353,414,1.0
2018-04-26,108541.13780000088,108345.6358000009,-195.5019999999762,-0.0018011788337820578,409,1.0
2018-04-27,108345.6358000009,108345.6358000009,0.0,0.0,405,1.0
2018-04-30,108345.6358000009,108538.41580000093,192.78000000002467,0.001779305632170436,405,1.0
2018-05-01,108538.41580000093,107924.79280000097,-613.6229999999704,-0.005653509823937863,411,1.0
2018-05-02,107924.79280000097,107872.28980000099,-52.502999999982606,-0.00048647765390918973,407,1.0
2018-05-03,107872.28980000099,106800.40180000104,-1071.8879999999508,-0.00993663898288677,411,1.0
2018-05-04,106800.40180000104,107714.72980000106,914.3280000000193,0.008561091387204955,408,1.0
2018-05-07,107714.72980000106,107580.1278000011,-134.60199999997636,-0.0012496155377254015,403,1.0
2018-05-08,107580.1278000011,107580.1278000011,0.0,0.0,403,1.0
2018-05-09,107580.1278000011,107682.78380000111,102.65600000001349,0.0009542282770926835,401,1.0
2018-05-10,107682.78380000111,107810.54180000114,127.75800000003511,0.0011864292089376338,398,1.0
2018-05-11,107810.54180000114,107600.18660000117,-210.35519999997848,-0.0019511561345291195,396,1.0
2018-05-14,107600.18660000117,107600.18660000117,0.0,0.0,393,1.0
2018-05-15,107600.18660000117,106837.09460000125,-763.0919999999123,-0.007091920786686745,396,1.0
2018-05-16,106837.09460000125,106638.9126000013,-198.1819999999457,-0.001854992413842238,394,1.0
2018-05-17,106638.9126000013,106545.22460000134,-93.68799999996631,-0.0008785535947031242,392,1.0
2018-05-18,106545.22460000134,106545.22460000134,0.0,0.0,392,1.0
2018-05-21,106545.22460000134,106545.22460000134,0.0,0.0,390,1.0
2018-05-22,106545.22460000134,106545.22460000134,0.0,0.0,388,1.0
2018-05-23,106545.22460000134,106545.22460000134,0.0,0.0,392,1.0
2018-05-24,106545.22460000134,106526.11460000135,-19.109999999989537,-0.0001793604553533834,390,1.0
2018-05-25,106526.11460000135,106526.11460000135,0.0,0.0,391,1.0
2018-05-29,106526.11460000135,106451.64860000137,-74.46599999998405,-0.0006990398577814139,394,1.0
2018-05-30,106451.64860000137,106770.37160000138,318.72300000001593,0.00299406354144538,393,1.0
2018-05-31,106770.37160000138,106653.94760000144,-116.42399999993731,-0.0010904148618692266,392,1.0
2018-06-01,106653.94760000144,106924.12860000145,270.181000000014,0.0025332489427705163,391,1.0
2018-06-04,106924.12860000145,106716.44150000147,-207.68709999998254,-0.0019423782332324002,389,1.0
2018-06-05,106716.44150000147,106716.44150000147,0.0,0.0,388,1.0
2018-06-06,106716.44150000147,107052.64750000149,336.2060000000165,0.0031504611217758605,386,1.0
2018-06-07,107052.64750000149,106968.33250000152,-84.3149999999739,-0.0007876031277037621,385,1.0
2018-06-08,106968.33250000152,106968.33250000152,0.0,0.0,386,1.0
2018-06-11,106968.33250000152,106987.91650000153,19.584000000019035,0.0001830822220212358,384,1.0
2018-06-12,106987.91650000153,106987.91650000153,0.0,0.0,383,1.0
2018-06-13,106987.91650000153,106987.91650000153,0.0,0.0,383,1.0
2018-06-14,106987.91650000153,106987.91650000153,0.0,0.0,383,1.0
2018-06-15,106987.91650000153,106813.05850000157,-174.85799999996436,-0.0016343714853065405,386,1.0
2018-06-18,106813.05850000157,106813.05850000157,0.0,0.0,387,1.0
2018-06-19,106813.05850000157,106813.05850000157,0.0,0.0,389,1.0
2018-06-20,106813.05850000157,106813.05850000157,0.0,0.0,386,1.0
2018-06-21,106813.05850000157,107058.02950000162,244.97100000004258,0.002293455532874189,387,1.0
2018-06-22,107058.02950000162,107058.02950000162,0.0,0.0,388,1.0
2018-06-25,107058.02950000162,107449.42050000164,391.3910000000149,0.0036558771147567892,391,1.0
2018-06-26,107449.42050000164,107418.21550000166,-31.204999999978625,-0.00029041571238597186,395,1.0
2018-06-27,107418.21550000166,107493.86350000171,75.64800000005164,0.0007042381001016729,394,1.0
2018-06-28,107493.86350000171,107592.41650000174,98.55300000003228,0.0009168244287733884,399,1.0
2018-06-29,107592.41650000174,107483.00150000177,-109.4149999999664,-0.0010169397022509186,395,1.0
2018-07-02,107483.00150000177,107483.00150000177,0.0,0.0,398,1.0
2018-07-05,107483.00150000177,107483.00150000177,0.0,0.0,394,1.0
2018-07-06,107483.00150000177,108127.91450000179,644.9130000000097,0.006000139473217203,393,1.0
2018-07-09,108127.91450000179,108065.90450000182,-62.009999999972685,-0.0005734874318691352,390,1.0
2018-07-10,108065.90450000182,108065.90450000182,0.0,0.0,388,1.0
2018-07-11,108065.90450000182,108065.90450000182,0.0,0.0,389,1.0
2018-07-12,108065.90450000182,107964.94690000184,-100.95759999997505,-0.0009342225049342456,388,1.0
2018-07-13,107964.94690000184,107964.94690000184,0.0,0.0,386,1.0
2018-07-16,107964.94690000184,107964.94690000184,0.0,0.0,386,1.0
2018-07-17,107964.94690000184,107925.08590000188,-39.86099999995548,-0.0003692031640313287,387,1.0
2018-07-18,107925.08590000188,107925.08590000188,0.0,0.0,384,1.0
2018-07-19,107925.08590000188,107875.4209000019,-49.66499999998354,-0.0004601803147601391,385,1.0
2018-07-20,107875.4209000019,107875.4209000019,0.0,0.0,385,1.0
2018-07-23,107875.4209000019,107875.4209000019,0.0,0.0,386,1.0
2018-07-24,107875.4209000019,107810.86290000191,-64.5579999999915,-0.00059844957694144,382,1.0
2018-07-25,107810.86290000191,108212.24690000196,401.3840000000499,0.0037230385621933593,383,1.0
2018-07-26,108212.24690000196,108212.24690000196,0.0,0.0,382,1.0
2018-07-27,108212.24690000196,108671.732900002,459.4860000000302,0.004246155247332073,381,1.0
2018-07-30,108671.732900002,108757.81090000203,86.07800000003283,0.0007920919056223497,386,1.0
2018-07-31,108757.81090000203,108736.91290000205,-20.897999999987857,-0.0001921517160656805,387,1.0
2018-08-01,108736.91290000205,108736.91290000205,0.0,0.0,386,1.0
2018-08-02,108736.91290000205,108854.39090000208,117.47800000003414,0.0010803874863365426,389,1.0
2018-08-03,108854.39090000208,108725.4929000021,-128.89799999998763,-0.0011841322975973956,385,1.0
2018-08-06,108725.4929000021,108615.18890000212,-110.30399999997857,-0.0010145182795485708,383,1.0
2018-08-07,108615.18890000212,108615.18890000212,0.0,0.0,380,1.0
2018-08-08,108615.18890000212,108615.18890000212,0.0,0.0,380,1.0
2018-08-09,108615.18890000212,108615.18890000212,0.0,0.0,380,1.0
2018-08-10,108615.18890000212,108615.18890000212,0.0,0.0,383,1.0
2018-08-13,108615.18890000212,108523.07740000219,-92.1114999999298,-0.0008480535819417323,383,1.0
2018-08-14,108523.07740000219,108200.97440000226,-322.10299999993015,-0.002968059952932367,383,1.0
2018-08-15,108200.97440000226,108187.87580000231,-13.098599999952036,-0.00012105805952844495,383,1.0
2018-08-16,108187.87580000231,108175.30280000235,-12.572999999958768,-0.0001162145009964144,381,1.0
2018-08-17,108175.30280000235,108107.10380000235,-68.19899999998805,-0.0006304488939224973,381,1.0
2018-08-20,108107.10380000235,108107.10380000235,0.0,0.0,378,1.0
2018-08-21,108107.10380000235,108094.66280000239,-12.440999999959203,-0.00011508031907858651,377,1.0
2018-08-22,108094.66280000239,108094.66280000239,0.0,0.0,378,1.0
2018-08-23,108094.66280000239,107903.25990000242,-191.40289999997663,-0.001770697044997549,377,1.0
2018-08-24,107903.25990000242,108012.67590000245,109.41600000002205,0.0010140194105481282,376,1.0
2018-08-27,108012.67590000245,108162.24890000248,149.57300000002698,0.0013847726551883266,373,1.0
2018-08-28,108162.24890000248,108162.24890000248,0.0,0.0,372,1.0
2018-08-29,108162.24890000248,108378.3809000025,216.13200000002942,0.0019982202866348775,372,1.0
2018-08-30,108378.3809000025,108319.2329000025,-59.14799999999509,-0.0005457546007683334,372,1.0
2018-08-31,108319.2329000025,108319.2329000025,0.0,0.0,373,1.0
2018-09-04,108319.2329000025,108051.41890000255,-267.81399999996046,-0.0024724510396707533,373,1.0
2018-09-05,108051.41890000255,108113.33690000257,61.918000000021884,0.000573041988993328,373,1.0
2018-09-06,108113.33690000257,107504.26520000261,-609.0716999999563,-0.00563364074650019,373,1.0
2018-09-07,107504.26520000261,107504.26520000261,0.0,0.0,374,1.0
2018-09-10,107504.26520000261,107504.26520000261,0.0,0.0,372,1.0
2018-09-11,107504.26520000261,107396.17920000265,-108.0859999999721,-0.0010054112718121955,374,1.0
2018-09-12,107396.17920000265,107396.17920000265,0.0,0.0,371,1.0
2018-09-13,107396.17920000265,107313.52320000266,-82.6559999999943,-0.0007696363186818767,369,1.0
2018-09-14,107313.52320000266,107313.52320000266,0.0,0.0,368,1.0
2018-09-17,107313.52320000266,107414.8137000027,101.29050000004347,0.0009438745181375996,369,1.0
2018-09-18,107414.8137000027,107640.88370000273,226.07000000001918,0.0021046445291188487,370,1.0
2018-09-19,107640.88370000273,107640.88370000273,0.0,0.0,369,1.0
2018-09-20,107640.88370000273,107668.77570000276,27.89200000003071,0.0002591208752780183,367,1.0
2018-09-21,107668.77570000276,107735.20270000277,66.42700000001652,0.0006169569549587806,367,1.0
2018-09-24,107735.20270000277,107735.20270000277,0.0,0.0,369,1.0
2018-09-25,107735.20270000277,107735.20270000277,0.0,0.0,369,1.0
2018-09-26,107735.20270000277,107528.37270000279,-206.8299999999867,-0.0019197996088234914,370,1.0
2018-09-27,107528.37270000279,107536.14270000282,7.7700000000284355,7.225999803517347e-05,370,1.0
2018-09-28,107536.14270000282,107536.14270000282,0.0,0.0,370,1.0
2018-10-01,107536.14270000282,107571.47070000284,35.3280000000241,0.00032852210534062287,368,1.0
2018-10-02,107571.47070000284,107571.47070000284,0.0,0.0,368,1.0
2018-10-03,107571.47070000284,107571.47070000284,0.0,0.0,367,1.0
2018-10-04,107571.47070000284,108033.08970000286,461.61900000001407,0.00429127720385436,369,1.0
2018-10-05,108033.08970000286,108133.9017000029,100.81200000002859,0.0009331585376293194,372,1.0
2018-10-08,108133.9017000029,107696.23770000292,-437.6639999999701,-0.004047426321619252,376,1.0
2018-10-09,107696.23770000292,107509.61170000293,-186.6259999999857,-0.0017328924759641984,374,1.0
2018-10-10,107509.61170000293,109961.55570000295,2451.944000000017,0.02280674221800716,374,1.0
2018-10-11,109961.55570000295,110707.22370000301,745.6680000000661,0.0067811699757540644,396,1.0
2018-10-12,110707.22370000301,110707.22370000301,0.0,0.0,399,1.0
2018-10-15,110707.22370000301,110707.22370000301,0.0,0.0,401,1.0
2018-10-16,110707.22370000301,111595.62370000304,888.4000000000262,0.008024769931973319,400,1.0
2018-10-17,111595.62370000304,111556.32070000304,-39.30299999999386,-0.0003521912302372199,397,1.0
2018-10-18,111556.32070000304,112071.82870000308,515.5080000000387,0.0046210559542059215,399,1.0
2018-10-19,112071.82870000308,111862.1527000031,-209.67599999997722,-0.0018709072782353564,404,1.0
2018-10-22,111862.1527000031,111447.46570000313,-414.68699999997364,-0.003707125153510127,403,1.0
2018-10-23,111447.46570000313,111250.59670000317,-196.86899999996842,-0.0017664735466474957,411,1.0
2018-10-24,111250.59670000317,113839.93070000318,2589.3340000000135,0.02327478752300438,407,1.0
2018-10-25,113839.93070000318,114443.8557000032,603.925000000023,0.005305036609619007,425,1.0
2018-10-26,114443.8557000032,114151.88570000321,-291.9699999999865,-0.0025512072991086265,430,1.0
2018-10-29,114151.88570000321,113592.62970000324,-559.2559999999809,-0.004899226995423778,424,1.0
2018-10-30,113592.62970000324,112475.9197000033,-1116.709999999936,-0.009830831480432733,430,1.0
2018-10-31,112475.9197000033,112236.04970000334,-239.8699999999617,-0.002132634261980293,415,1.0
2018-11-01,112236.04970000334,112236.04970000334,0.0,0.0,413,1.0
2018-11-02,112236.04970000334,112089.57770000334,-146.47199999998998,-0.001305035239492991,408,1.0
2018-11-05,112089.57770000334,112089.57770000334,0.0,0.0,411,1.0
2018-11-06,112089.57770000334,111950.58770000337,-138.9899999999741,-0.0012399903974299464,410,1.0
2018-11-07,111950.58770000337,112027.35920000344,76.7715000000691,0.0006857623669274115,403,1.0
2018-11-08,112027.35920000344,112027.35920000344,0.0,0.0,399,1.0
2018-11-09,112027.35920000344,111853.32520000346,-174.03399999998558,-0.0015534955143348128,401,1.0
2018-11-12,111853.32520000346,113107.09850000347,1253.7733000000107,0.011209083840450607,403,1.0
2018-11-13,113107.09850000347,113107.09850000347,0.0,0.0,414,1.0
2018-11-14,113107.09850000347,112637.83050000349,-469.26799999997866,-0.004148881955450157,412,1.0
2018-11-15,112637.83050000349,112601.6289000035,-36.201599999984985,-0.00032139823573740234,419,1.0
2018-11-16,112601.6289000035,112601.6289000035,0.0,0.0,414,1.0
2018-11-19,112601.6289000035,113491.96090000353,890.332000000026,0.00790691936429,412,1.0
2018-11-20,113491.96090000353,113310.99830000357,-180.96259999996144,-0.001594497077721635,427,1.0
2018-11-21,113310.99830000357,113310.99830000357,0.0,0.0,426,1.0
2018-11-26,113310.99830000357,113085.6443000036,-225.3539999999721,-0.0019888095893686453,426,1.0
2018-11-27,113085.6443000036,113085.6443000036,0.0,0.0,424,1.0
2018-11-28,113085.6443000036,113978.5333000036,892.8890000000141,0.007895688312402172,419,1.0
2018-11-29,113978.5333000036,113978.5333000036,0.0,0.0,416,1.0
2018-11-30,113978.5333000036,113922.78930000363,-55.743999999980325,-0.0004890745510232053,416,1.0
2018-12-03,113922.78930000363,113922.78930000363,0.0,0.0,406,1.0
2018-12-04,113922.78930000363,116667.99730000367,2745.208000000046,0.0240970925735573,409,1.0
2018-12-06,116667.99730000367,116051.29330000369,-616.7039999999774,-0.005285973996915105,438,1.0
2018-12-07,116051.29330000369,118034.02330000371,1982.7300000000223,0.017084945317020095,430,1.0
2018-12-10,118034.02330000371,117747.75130000373,-286.2719999999768,-0.002425334594182038,448,1.0
2018-12-11,117747.75130000373,117747.75130000373,0.0,0.0,439,1.0
2018-12-12,117747.75130000373,117747.75130000373,0.0,0.0,440,1.0
2018-12-13,117747.75130000373,117747.75130000373,0.0,0.0,441,1.0
2018-12-14,117747.75130000373,117539.22580000378,-208.52549999994312,-0.0017709510177281729,447,1.0
2018-12-17,117539.22580000378,118423.4818000038,884.2560000000295,0.007523071502143486,453,1.0
2018-12-18,118423.4818000038,118267.54180000383,-155.93999999997092,-0.0013167996551843864,460,1.0
2018-12-19,118267.54180000383,117657.77080000387,-609.7709999999702,-0.005155860946455815,463,1.0
2018-12-20,117657.77080000387,116890.21380000387,-767.5570000000014,-0.006523640510788686,470,1.0
2018-12-21,116890.21380000387,117624.30980000387,734.0960000000013,0.006280217788428688,473,1.0
2018-12-26,117624.30980000387,116945.03780000388,-679.2719999999996,-0.00577492867890117,498,1.0
2018-12-27,116945.03780000388,115550.61180000388,-1394.4259999999954,-0.011923772279972211,482,1.0
2018-12-28,115550.61180000388,115550.61180000388,0.0,0.0,462,1.0
2018-12-31,115550.61180000388,115550.61180000388,0.0,0.0,463,1.0
2019-01-02,115550.61180000388,115550.61180000388,0.0,0.0,469,1.0
2019-01-03,115550.61180000388,115458.77430000388,-91.83750000001282,-0.0007947815988976759,465,1.0
2019-01-04,115458.77430000388,117013.35030000388,1554.575999999995,0.013464338327034753,466,1.0
2019-01-07,117013.35030000388,117379.58330000388,366.23300000000086,0.0031298394504648552,463,1.0
2019-01-08,117379.58330000388,117379.58330000388,0.0,0.0,457,1.0
2019-01-09,117379.58330000388,117379.58330000388,0.0,0.0,455,1.0
2019-01-10,117379.58330000388,117379.58330000388,0.0,0.0,457,1.0
2019-01-11,117379.58330000388,117379.58330000388,0.0,0.0,455,1.0
2019-01-14,117379.58330000388,117379.58330000388,0.0,0.0,456,1.0
2019-01-15,117379.58330000388,117544.29330000395,164.71000000006683,0.0014032252915661125,455,1.0
2019-01-16,117544.29330000395,117544.29330000395,0.0,0.0,450,1.0
2019-01-17,117544.29330000395,117544.29330000395,0.0,0.0,452,1.0
2019-01-18,117544.29330000395,117509.29630000397,-34.996999999976026,-0.0002977345732186887,443,1.0
2019-01-22,117509.29630000397,117155.78230000401,-353.5139999999712,-0.0030083917709576857,443,1.0
2019-01-23,117155.78230000401,117155.78230000401,0.0,0.0,443,1.0
2019-01-24,117155.78230000401,117155.78230000401,0.0,0.0,445,1.0
2019-01-25,117155.78230000401,117155.78230000401,0.0,0.0,441,1.0
2019-01-28,117155.78230000401,116916.46630000402,-239.31599999999213,-0.002042716076848583,444,1.0
2019-01-29,116916.46630000402,116770.71930000404,-145.74699999997603,-0.0012465908747703036,443,1.0
2019-01-30,116770.71930000404,116819.55930000404,48.8399999999978,0.00041825553779895053,440,1.0
2019-01-31,116819.55930000404,117177.51530000406,357.95600000001366,0.003064178654199168,436,1.0
2019-02-01,117177.51530000406,116805.56830000407,-371.9469999999894,-0.003174218185525657,433,1.0
2019-02-04,116805.56830000407,116810.32030000411,4.752000000037129,4.068299199433412e-05,432,1.0
2019-02-05,116810.32030000411,116810.32030000411,0.0,0.0,428,1.0
2019-02-06,116810.32030000411,116810.32030000411,0.0,0.0,428,1.0
2019-02-07,116810.32030000411,116672.83130000412,-137.4889999999806,-0.0011770278486256114,431,1.0
2019-02-08,116672.83130000412,116672.83130000412,0.0,0.0,434,1.0
2019-02-11,116672.83130000412,116672.83130000412,0.0,0.0,430,1.0
2019-02-12,116672.83130000412,117139.77930000416,466.94800000003,0.004002199953469621,428,1.0
2019-02-13,117139.77930000416,117144.45430000419,4.675000000036528,3.990958518085286e-05,425,1.0
2019-02-14,117144.45430000419,117144.45430000419,0.0,0.0,427,1.0
2019-02-15,117144.45430000419,117144.45430000419,0.0,0.0,423,1.0
2019-02-19,117144.45430000419,117144.45430000419,0.0,0.0,423,1.0
2019-02-20,117144.45430000419,117144.45430000419,0.0,0.0,421,1.0
2019-02-21,117144.45430000419,116834.80880000423,-309.6454999999487,-0.0026432792047240694,421,1.0
2019-02-22,116834.80880000423,116835.22880000425,0.42000000001604354,3.5948190810763947e-06,420,1.0
2019-02-25,116835.22880000425,116835.22880000425,0.0,0.0,416,1.0
2019-02-26,116835.22880000425,116835.22880000425,0.0,0.0,418,1.0
2019-02-27,116835.22880000425,116718.32780000425,-116.90099999999639,-0.0010005629397971116,419,1.0
2019-02-28,116718.32780000425,116718.32780000425,0.0,0.0,418,1.0
2019-03-01,116718.32780000425,116718.32780000425,0.0,0.0,416,1.0
2019-03-04,116718.32780000425,116774.63180000427,56.304000000012046,0.00048239210637501806,414,1.0
2019-03-05,116774.63180000427,116533.1888000043,-241.44299999997745,-0.002067598041443408,417,1.0
2019-03-06,116533.1888000043,117059.02580000431,525.8370000000122,0.00451233683223462,417,1.0
2019-03-07,117059.02580000431,117202.08380000439,143.05800000007983,0.00122210140587109,422,1.0
2019-03-08,117202.08380000439,117202.08380000439,0.0,0.0,429,1.0
2019-03-11,117202.08380000439,118137.5088000044,935.4250000000114,0.007981300073096387,425,1.0
2019-03-12,118137.5088000044,117964.50180000444,-173.0069999999704,-0.0014644544459867515,423,1.0
2019-03-13,117964.50180000444,117956.52180000446,-7.979999999976316,-6.764746918108688e-05,420,1.0
2019-03-14,117956.52180000446,117956.52180000446,0.0,0.0,419,1.0
2019-03-15,117956.52180000446,117956.52180000446,0.0,0.0,420,1.0
2019-03-18,117956.52180000446,117632.98980000448,-323.5319999999745,-0.002742807223059085,418,1.0
2019-03-19,117632.98980000448,117632.98980000448,0.0,0.0,414,1.0
2019-03-20,117632.98980000448,117184.95780000453,-448.0319999999457,-0.0038087274731490872,416,1.0
2019-03-21,117184.95780000453,118240.38480000455,1055.427000000028,0.009006505782092722,417,1.0
2019-03-22,118240.38480000455,118987.6488000046,747.2640000000404,0.006319871178227077,417,1.0
2019-03-25,118987.6488000046,118830.4548000046,-157.19399999998566,-0.0013210951017630368,426,1.0
2019-03-26,118830.4548000046,118468.37880000463,-362.07599999997353,-0.0030469966694089967,422,1.0
2019-03-27,118468.37880000463,117939.18180000466,-529.1969999999719,-0.0044669894647022534,421,1.0
2019-03-28,117939.18180000466,117939.18180000466,0.0,0.0,420,1.0
2019-03-29,117939.18180000466,117939.18180000466,0.0,0.0,417,1.0
2019-04-01,117939.18180000466,117985.13580000469,45.95400000002146,0.00038964150249864993,414,1.0
2019-04-02,117985.13580000469,117985.13580000469,0.0,0.0,412,1.0
2019-04-03,117985.13580000469,117985.13580000469,0.0,0.0,410,1.0
2019-04-04,117985.13580000469,117985.13580000469,0.0,0.0,411,1.0
2019-04-05,117985.13580000469,117985.13580000469,0.0,0.0,409,1.0
2019-04-08,117985.13580000469,117985.13580000469,0.0,0.0,409,1.0
2019-04-09,117985.13580000469,117985.13580000469,0.0,0.0,410,1.0
2019-04-10,117985.13580000469,117985.13580000469,0.0,0.0,409,1.0
2019-04-11,117985.13580000469,117912.1038000047,-73.03199999998719,-0.0006189932274501819,408,1.0
2019-04-12,117912.1038000047,117912.1038000047,0.0,0.0,406,1.0
2019-04-15,117912.1038000047,117811.61880000473,-100.48499999997581,-0.0008522025878734407,406,1.0
2019-04-16,117811.61880000473,117811.61880000473,0.0,0.0,404,1.0
2019-04-17,117811.61880000473,117949.38280000474,137.76400000000532,0.0011693583485503645,404,1.0
2019-04-18,117949.38280000474,117805.65880000476,-143.7239999999688,-0.001218522696669555,406,1.0
2019-04-22,117805.65880000476,117805.65880000476,0.0,0.0,407,1.0
2019-04-23,117805.65880000476,118344.7138000048,539.055000000032,0.004575798866463421,405,1.0
2019-04-24,118344.7138000048,118344.7138000048,0.0,0.0,404,1.0
2019-04-25,118344.7138000048,118134.51880000482,-210.19499999997717,-0.0017761249594570039,405,1.0
2019-04-26,118134.51880000482,118110.68280000484,-23.835999999983443,-0.00020176998426968407,404,1.0
2019-04-29,118110.68280000484,118111.08480000486,0.40200000001535585,3.4035871310234e-06,402,1.0
2019-04-30,118111.08480000486,118083.34680000487,-27.737999999981902,-0.00023484671271079005,402,1.0
2019-05-01,118083.34680000487,118083.34680000487,0.0,0.0,400,1.0
2019-05-02,118083.34680000487,117687.26520000491,-396.08159999996275,-0.003354254522196065,404,1.0
2019-05-03,117687.26520000491,117725.80130000492,38.53610000001619,0.00032744494431513615,401,1.0
2019-05-06,117725.80130000492,117725.80130000492,0.0,0.0,407,1.0
2019-05-07,117725.80130000492,117896.30630000494,170.5050000000219,0.001448323121330919,405,1.0
2019-05-08,117896.30630000494,117896.30630000494,0.0,0.0,410,1.0
2019-05-09,117896.30630000494,117900.84930000495,4.54300000001202,3.853386202323783e-05,413,1.0
2019-05-10,117900.84930000495,117388.73330000498,-512.1159999999704,-0.004343615869100814,412,1.0
2019-05-13,117388.73330000498,116792.25380000504,-596.4794999999417,-0.005081232953383585,415,1.0
2019-05-14,116792.25380000504,116742.98780000505,-49.26599999998607,-0.0004218259207871,414,1.0
2019-05-15,116742.98780000505,116788.94180000508,45.95400000002146,0.00039363392068358927,414,1.0
2019-05-16,116788.94180000508,116725.49780000512,-63.44399999995676,-0.0005432363631533432,408,1.0
2019-05-17,116725.49780000512,116725.49780000512,0.0,0.0,409,1.0
2019-05-20,116725.49780000512,116725.49780000512,0.0,0.0,410,1.0
2019-05-21,116725.49780000512,116725.49780000512,0.0,0.0,408,1.0
2019-05-22,116725.49780000512,116725.49780000512,0.0,0.0,408,1.0
2019-05-23,116725.49780000512,116318.44180000515,-407.0559999999723,-0.0034872929023391785,412,1.0
2019-05-24,116318.44180000515,116318.44180000515,0.0,0.0,409,1.0
2019-05-28,116318.44180000515,116081.05180000517,-237.38999999997782,-0.0020408629648611676,410,1.0
2019-05-29,116081.05180000517,115421.23420000523,-659.8175999999434,-0.005684111142761905,416,1.0
2019-05-30,115421.23420000523,115404.71420000524,-16.519999999982907,-0.00014312790982085044,413,1.0
2019-05-31,115404.71420000524,115404.71420000524,0.0,0.0,417,1.0
2019-06-03,115404.71420000524,114314.47620000533,-1090.237999999912,-0.009447083748333251,419,1.0
2019-06-04,114314.47620000533,114953.48820000535,639.0120000000204,0.005589948195904748,412,1.0
2019-06-05,114953.48820000535,114953.48820000535,0.0,0.0,407,1.0
2019-06-06,114953.48820000535,114848.59320000537,-104.89499999998084,-0.0009124994956001276,405,1.0
2019-06-07,114848.59320000537,115073.55420000538,224.96100000001624,0.0019587614765836925,401,1.0
2019-06-10,115073.55420000538,114847.6612000054,-225.89299999998212,-0.001963031398225179,397,1.0
2019-06-11,114847.6612000054,114847.6612000054,0.0,0.0,394,1.0
2019-06-12,114847.6612000054,114847.6612000054,0.0,0.0,397,1.0
2019-06-13,114847.6612000054,114847.6612000054,0.0,0.0,396,1.0
2019-06-14,114847.6612000054,114784.53820000541,-63.12299999999476,-0.0005496237306048535,397,1.0
2019-06-17,114784.53820000541,114784.53820000541,0.0,0.0,396,1.0
2019-06-18,114784.53820000541,114610.83220000546,-173.7059999999523,-0.001513322288209884,393,1.0
2019-06-19,114610.83220000546,114610.83220000546,0.0,0.0,391,1.0
2019-06-20,114610.83220000546,114610.83220000546,0.0,0.0,387,1.0
2019-06-21,114610.83220000546,114610.83220000546,0.0,0.0,389,1.0
2019-06-24,114610.83220000546,114610.83220000546,0.0,0.0,389,1.0
2019-06-25,114610.83220000546,115500.42220000547,889.5900000000042,0.007761831782598039,390,1.0
2019-06-26,115500.42220000547,115500.42220000547,0.0,0.0,395,1.0
2019-06-27,115500.42220000547,115433.49820000549,-66.92399999999118,-0.000579426453386378,396,1.0
2019-06-28,115433.49820000549,115433.49820000549,0.0,0.0,394,1.0
2019-07-01,115433.49820000549,115433.49820000549,0.0,0.0,389,1.0
2019-07-02,115433.49820000549,115394.88820000552,-38.6099999999718,-0.0003344782979119998,390,1.0
2019-07-05,115394.88820000552,115290.78520000554,-104.10299999997818,-0.000902145681007438,387,1.0
2019-07-08,115290.78520000554,115209.69320000557,-81.09199999997723,-0.000703369309691948,388,1.0
2019-07-09,115209.69320000557,115209.69320000557,0.0,0.0,389,1.0
2019-07-10,115209.69320000557,114916.71920000558,-292.97399999998174,-0.002542963112412644,386,1.0
2019-07-11,114916.71920000558,114916.71920000558,0.0,0.0,383,1.0
2019-07-12,114916.71920000558,114916.71920000558,0.0,0.0,383,1.0
2019-07-15,114916.71920000558,114916.71920000558,0.0,0.0,381,1.0
2019-07-16,114916.71920000558,114819.4238000056,-97.29539999997978,-0.0008466600915627565,382,1.0
2019-07-17,114819.4238000056,115086.71950000568,267.29570000007266,0.0023279658715729123,383,1.0
2019-07-18,115086.71950000568,115056.1465000057,-30.572999999979057,-0.0002656518504724481,387,1.0
2019-07-19,115056.1465000057,115311.22450000573,255.07800000002246,0.0022169871646102735,383,1.0
2019-07-22,115311.22450000573,115141.33150000575,-169.89299999998434,-0.0014733431262797803,387,1.0
2019-07-23,115141.33150000575,115141.33150000575,0.0,0.0,384,1.0
2019-07-24,115141.33150000575,115402.83550000576,261.5040000000173,0.002271156643693928,384,1.0
2019-07-25,115402.83550000576,115433.51380000582,30.67830000005341,0.0002658366223597941,383,1.0
2019-07-26,115433.51380000582,115579.81980000585,146.3060000000275,0.0012674482061900694,383,1.0
2019-07-29,115579.81980000585,115417.85180000585,-161.96799999998976,-0.0014013518993216678,382,1.0
2019-07-30,115417.85180000585,115417.85180000585,0.0,0.0,384,1.0
2019-07-31,115417.85180000585,115502.49480000588,84.64300000002508,0.0007333614226912033,383,1.0
2019-08-01,115502.49480000588,115918.43080000591,415.936000000027,0.0036010997054238825,388,1.0
2019-08-02,115918.43080000591,115570.92280000595,-347.50799999995127,-0.0029978666688432742,394,1.0
2019-08-05,115570.92280000595,116870.56380000597,1299.641000000019,0.011245397791354694,401,1.0
2019-08-06,116870.56380000597,116650.651800006,-219.91199999996957,-0.0018816714222094078,408,1.0
2019-08-07,116650.651800006,116185.71180000601,-464.9399999999806,-0.003985747124646277,410,1.0
2019-08-08,116185.71180000601,117365.05280000603,1179.3410000000144,0.010150482204128952,401,1.0
2019-08-09,117365.05280000603,116984.50380000604,-380.54899999998014,-0.0032424387917965314,401,1.0
2019-08-13,116984.50380000604,116628.03580000608,-356.46799999996716,-0.003047138624525658,406,1.0
2019-08-14,116628.03580000608,117705.09980000611,1077.0640000000237,0.009235035063498653,404,1.0
2019-08-15,117705.09980000611,117705.09980000611,0.0,0.0,413,1.0
2019-08-16,117705.09980000611,117572.25980000613,-132.83999999997968,-0.0011285832153891118,410,1.0
2019-08-19,117572.25980000613,117572.25980000613,0.0,0.0,402,1.0
2019-08-20,117572.25980000613,117339.50180000615,-232.75799999997824,-0.0019797016778949628,402,1.0
2019-08-21,117339.50180000615,117339.50180000615,0.0,0.0,401,1.0
2019-08-22,117339.50180000615,117043.90180000616,-295.59999999998837,-0.0025191857427843134,400,1.0
2019-08-23,117043.90180000616,118382.96380000617,1339.0620000000088,0.011440681482817183,402,1.0
2019-08-26,118382.96380000617,118382.96380000617,0.0,0.0,412,1.0
2019-08-27,118382.96380000617,118382.96380000617,0.0,0.0,408,1.0
2019-08-28,118382.96380000617,118200.00480000621,-182.9589999999656,-0.0015454841991373591,413,1.0
2019-08-29,118200.00480000621,118200.00480000621,0.0,0.0,405,1.0
2019-08-30,118200.00480000621,118200.00480000621,0.0,0.0,401,1.0
2019-09-03,118200.00480000621,118200.00480000621,0.0,0.0,406,1.0
2019-09-04,118200.00480000621,118200.00480000621,0.0,0.0,403,1.0
2019-09-05,118200.00480000621,118057.52080000623,-142.48399999997503,-0.0012054483436025887,398,1.0
2019-09-06,118057.52080000623,118057.52080000623,0.0,0.0,395,1.0
2019-09-09,118057.52080000623,118057.52080000623,0.0,0.0,394,1.0
2019-09-10,118057.52080000623,117623.59980000624,-433.9209999999805,-0.003675504932337703,397,1.0
2019-09-11,117623.59980000624,117623.59980000624,0.0,0.0,394,1.0
2019-09-12,117623.59980000624,117159.88980000626,-463.70999999998423,-0.0039423211055299445,390,1.0
2019-09-13,117159.88980000626,117159.88980000626,0.0,0.0,388,1.0
2019-09-16,117159.88980000626,117159.88980000626,0.0,0.0,390,1.0
2019-09-17,117159.88980000626,117159.88980000626,0.0,0.0,390,1.0
2019-09-18,117159.88980000626,116679.86380000628,-480.02599999999046,-0.0040971871928131565,389,1.0
2019-09-19,116679.86380000628,116456.36980000627,-223.49400000000105,-0.001915446185153935,386,1.0
2019-09-20,116456.36980000627,116669.6068000063,213.23700000001918,0.0018310462567761032,387,1.0
2019-09-23,116669.6068000063,116364.63080000633,-304.97599999995936,-0.002614014123856201,392,1.0
2019-09-24,116364.63080000633,117013.05640000635,648.4256000000236,0.005572359878960542,388,1.0
2019-09-25,117013.05640000635,117023.72140000638,10.665000000043676,9.114367514317934e-05,395,1.0
2019-09-26,117023.72140000638,116945.90740000641,-77.81399999996552,-0.0006649421080533457,393,1.0
2019-09-27,116945.90740000641,117232.45940000644,286.5520000000221,0.002450295237950373,392,1.0
2019-09-30,117232.45940000644,117354.03140000647,121.57200000003296,0.0010370165449247182,396,1.0
2019-10-01,117354.03140000647,117752.7594000065,398.72800000002644,0.0033976506409136853,394,1.0
2019-10-02,117752.7594000065,118424.56040000654,671.8010000000389,0.005705182650691976,403,1.0
2019-10-03,118424.56040000654,118129.33910000656,-295.22129999997225,-0.0024929060239091694,411,1.0
2019-10-04,118129.33910000656,118727.52410000662,598.1850000000632,0.005063813990304755,405,1.0
2019-10-07,118727.52410000662,118727.52410000662,0.0,0.0,404,1.0
2019-10-08,118727.52410000662,118303.10450000667,-424.4195999999495,-0.003574736382462196,407,1.0
2019-10-09,118303.10450000667,118303.10450000667,0.0,0.0,406,1.0
2019-10-10,118303.10450000667,117985.61250000675,-317.4919999999175,-0.0026837165545380293,406,1.0
2019-10-11,117985.61250000675,117393.38850000678,-592.2239999999731,-0.005019459470110732,398,1.0
2019-10-14,117393.38850000678,117393.38850000678,0.0,0.0,396,1.0
2019-10-15,117393.38850000678,117581.40850000679,188.02000000000163,0.001601623416807696,395,1.0
2019-10-16,117581.40850000679,117581.40850000679,0.0,0.0,394,1.0
2019-10-17,117581.40850000679,117581.40850000679,0.0,0.0,392,1.0
2019-10-18,117581.40850000679,117581.40850000679,0.0,0.0,393,1.0
2019-10-21,117581.40850000679,117581.40850000679,0.0,0.0,392,1.0
2019-10-22,117581.40850000679,117581.40850000679,0.0,0.0,391,1.0
2019-10-23,117581.40850000679,117581.40850000679,0.0,0.0,393,1.0
2019-10-24,117581.40850000679,117581.40850000679,0.0,0.0,390,1.0
2019-10-25,117581.40850000679,117699.4005000068,117.99200000001943,0.0010034919763697303,392,1.0
2019-10-28,117699.4005000068,117699.4005000068,0.0,0.0,388,1.0
2019-10-29,117699.4005000068,117699.4005000068,0.0,0.0,388,1.0
2019-10-30,117699.4005000068,117699.4005000068,0.0,0.0,387,1.0
2019-10-31,117699.4005000068,117699.78750000682,0.38700000001478285,3.28803713833814e-06,387,1.0
2019-11-01,117699.78750000682,117907.06950000685,207.28200000003915,0.0017611076825438943,386,1.0
2019-11-04,117907.06950000685,117907.06950000685,0.0,0.0,383,1.0
2019-11-05,117907.06950000685,117907.06950000685,0.0,0.0,383,1.0
2019-11-06,117907.06950000685,117907.06950000685,0.0,0.0,384,1.0
2019-11-07,117907.06950000685,117772.22350000689,-134.84599999995606,-0.0011436634000979717,382,1.0
2019-11-08,117772.22350000689,117509.0255000069,-263.1979999999845,-0.0022348053911028787,382,1.0
2019-11-11,117509.0255000069,117509.0255000069,0.0,0.0,382,1.0
2019-11-12,117509.0255000069,117479.00550000693,-30.019999999979436,-0.00025546973836465536,380,1.0
2019-11-13,117479.00550000693,117479.00550000693,0.0,0.0,381,1.0
2019-11-14,117479.00550000693,117479.00550000693,0.0,0.0,380,1.0
2019-11-15,117479.00550000693,117479.00550000693,0.0,0.0,377,1.0
2019-11-18,117479.00550000693,117479.00550000693,0.0,0.0,377,1.0
2019-11-19,117479.00550000693,117291.88050000694,-187.12499999998568,-0.0015928377943238425,375,1.0
2019-11-20,117291.88050000694,117055.37650000695,-236.50399999998393,-0.0020163714571869162,376,1.0
2019-11-21,117055.37650000695,117048.683700007,-6.692799999961949,-5.7176357037835857e-05,376,1.0
2019-11-22,117048.683700007,117048.683700007,0.0,0.0,376,1.0
2019-11-25,117048.683700007,117287.18370000702,238.50000000003223,0.0020376136874062922,375,1.0
2019-11-26,117287.18370000702,117252.02770000705,-35.15599999997466,-0.0002997428950967107,374,1.0
2019-11-27,117252.02770000705,117310.39450000708,58.36680000002575,0.0004977892591280231,372,1.0
2019-12-02,117310.39450000708,117843.0985000071,532.7040000000098,0.00454097867687242,372,1.0
2019-12-03,117843.0985000071,117843.0985000071,0.0,0.0,381,1.0
2019-12-04,117843.0985000071,117675.20150000714,-167.89699999994693,-0.001424750385360496,379,1.0
2019-12-05,117675.20150000714,117675.20150000714,0.0,0.0,376,1.0
2019-12-06,117675.20150000714,117634.43550000715,-40.76599999999082,-0.0003464281299742078,374,1.0
2019-12-09,117634.43550000715,117634.43550000715,0.0,0.0,374,1.0
2019-12-10,117634.43550000715,117634.43550000715,0.0,0.0,374,1.0
2019-12-11,117634.43550000715,117634.43550000715,0.0,0.0,374,1.0
2019-12-12,117634.43550000715,117431.35350000724,-203.08199999990796,-0.00172638223779209,374,1.0
2019-12-13,117431.35350000724,117431.35350000724,0.0,0.0,370,1.0
2019-12-16,117431.35350000724,117323.82250000729,-107.53099999995695,-0.0009156924176979553,367,1.0
2019-12-17,117323.82250000729,117323.82250000729,0.0,0.0,366,1.0
2019-12-18,117323.82250000729,117323.82250000729,0.0,0.0,366,1.0
2019-12-19,117323.82250000729,117430.69450000735,106.87200000005626,0.0009109147462362799,366,1.0
2019-12-20,117430.69450000735,117430.69450000735,0.0,0.0,366,1.0
2019-12-23,117430.69450000735,117430.69450000735,0.0,0.0,365,1.0
2019-12-26,117430.69450000735,117334.6995000074,-95.9949999999464,-0.0008174608896649449,365,1.0
2019-12-27,117334.6995000074,117334.6995000074,0.0,0.0,362,1.0
2019-12-30,117334.6995000074,117352.66800000746,17.968500000056956,0.00015313884193357552,363,1.0
2019-12-31,117352.66800000746,117352.66800000746,0.0,0.0,366,1.0
2020-01-02,117352.66800000746,117352.66800000746,0.0,0.0,362,1.0
2020-01-03,117352.66800000746,117352.66800000746,0.0,0.0,365,1.0
2020-01-06,117352.66800000746,117352.66800000746,0.0,0.0,366,1.0
2020-01-07,117352.66800000746,117352.66800000746,0.0,0.0,363,1.0
2020-01-08,117352.66800000746,117371.5440000075,18.8760000000525,0.0001608484947273059,363,1.0
2020-01-09,117371.5440000075,117371.5440000075,0.0,0.0,359,1.0
2020-01-10,117371.5440000075,117371.5440000075,0.0,0.0,358,1.0
2020-01-13,117371.5440000075,117307.64200000754,-63.90199999995461,-0.0005444420156895946,359,1.0
2020-01-14,117307.64200000754,117307.64200000754,0.0,0.0,358,1.0
2020-01-15,117307.64200000754,117004.05800000759,-303.58399999996044,-0.0025879302901675727,358,1.0
2020-01-16,117004.05800000759,117004.05800000759,0.0,0.0,354,1.0
2020-01-17,117004.05800000759,117004.05800000759,0.0,0.0,352,1.0
2020-01-21,117004.05800000759,117004.05800000759,0.0,0.0,353,1.0
2020-01-22,117004.05800000759,117004.05800000759,0.0,0.0,352,1.0
2020-01-23,117004.05800000759,116831.4410000076,-172.61699999998973,-0.0014753078051359392,353,1.0
2020-01-24,116831.4410000076,117611.01200000763,779.571000000023,0.006672613068257727,351,1.0
2020-01-27,117611.01200000763,117611.01200000763,0.0,0.0,364,1.0
2020-01-28,117611.01200000763,117806.31300000765,195.3010000000212,0.0016605672944980387,361,1.0
2020-01-29,117806.31300000765,117806.31300000765,0.0,0.0,358,1.0
2020-01-30,117806.31300000765,117363.81600000768,-442.4969999999754,-0.0037561399617008773,363,1.0
2020-01-31,117363.81600000768,118896.41400000767,1532.5980000000038,0.013058522228008407,358,1.0
2020-02-03,118896.41400000767,118396.92700000775,-499.4869999999264,-0.0042010266180095845,367,1.0
2020-02-04,118396.92700000775,118221.24700000777,-175.67999999997576,-0.0014838222954888236,360,1.0
2020-02-05,118221.24700000777,118221.24700000777,0.0,0.0,355,1.0
2020-02-06,118221.24700000777,118221.24700000777,0.0,0.0,354,1.0
2020-02-07,118221.24700000777,118221.24700000777,0.0,0.0,355,1.0
2020-02-10,118221.24700000777,118474.7190000078,253.4720000000199,0.0021440477615670694,356,1.0
2020-02-11,118474.7190000078,118474.7190000078,0.0,0.0,352,1.0
2020-02-12,118474.7190000078,118474.7190000078,0.0,0.0,351,1.0
2020-02-13,118474.7190000078,118474.7190000078,0.0,0.0,352,1.0
2020-02-14,118474.7190000078,118474.7190000078,0.0,0.0,351,1.0
2020-02-18,118474.7190000078,118281.4710000078,-193.24799999999055,-0.0016311327988883795,352,1.0
2020-02-19,118281.4710000078,118191.17100000786,-90.29999999995019,-0.0007634331838833885,350,1.0
2020-02-20,118191.17100000786,117907.43400000791,-283.73699999995273,-0.002400661551952399,349,1.0
2020-02-21,117907.43400000791,118071.35100000793,163.91700000001805,0.0013902176855109527,351,1.0
2020-02-24,118071.35100000793,118071.35100000793,0.0,0.0,365,1.0
2020-02-25,118071.35100000793,120823.55500000794,2752.204000000015,0.02330966806672552,364,1.0
2020-02-26,120823.55500000794,120352.00300000799,-471.5519999999558,-0.0039028151422950685,384,1.0
2020-02-27,120352.00300000799,121396.89100000804,1044.8880000000438,0.008681932780129742,394,1.0
2020-02-28,121396.89100000804,120385.11100000807,-1011.7799999999706,-0.008334480328659355,420,1.0
2020-03-02,120385.11100000807,122066.42700000809,1681.3160000000144,0.01396614569720267,403,1.0
2020-03-03,122066.42700000809,121846.57500000813,-219.85199999994848,-0.0018010849125611461,394,1.0
2020-03-04,121846.57500000813,123442.95300000817,1596.3780000000343,0.013101541836526343,398,1.0
2020-03-05,123442.95300000817,122320.64100000821,-1122.311999999958,-0.00909174620927844,404,1.0
2020-03-06,122320.64100000821,122320.64100000821,0.0,0.0,417,1.0
2020-03-10,122320.64100000821,123036.29880000824,715.6578000000342,0.005850670779267597,429,1.0
2020-03-11,123036.29880000824,124990.21680000825,1953.9180000000076,0.015880825569826618,438,1.0
2020-03-13,124990.21680000825,117097.61680000836,-7892.599999999889,-0.06314574213939095,475,1.0
2020-03-17,117097.61680000836,114422.12380000835,-2675.4930000000018,-0.02284839839712105,477,1.0
2020-03-19,114422.12380000835,114422.12380000835,0.0,0.0,478,1.0
2020-03-20,114422.12380000835,114777.39910000833,355.2752999999807,0.0031049528552795636,471,1.0
2020-03-23,114777.39910000833,114261.34310000832,-516.0560000000046,-0.004496146489173847,502,1.0
2020-03-24,114261.34310000832,114121.5741000083,-139.76900000000978,-0.0012232396032459958,487,1.0
2020-03-25,114121.5741000083,112738.02010000832,-1383.5539999999949,-0.012123509607285476,466,1.0
2020-03-26,112738.02010000832,116197.64110000832,3459.6209999999987,0.030687260579270514,451,1.0
2020-03-27,116197.64110000832,116197.64110000832,0.0,0.0,458,1.0
2020-03-30,116197.64110000832,115630.59510000833,-567.0459999999827,-0.004880013007423689,454,1.0
2020-03-31,115630.59510000833,115630.59510000833,0.0,0.0,443,1.0
2020-04-01,115630.59510000833,115630.59510000833,0.0,0.0,466,1.0
2020-04-02,115630.59510000833,114171.90810000831,-1458.6870000000238,-0.012615060907871345,471,1.0
2020-04-03,114171.90810000831,114108.66310000831,-63.24500000000228,-0.0005539453710854403,455,1.0
2020-04-06,114108.66310000831,113784.23510000834,-324.427999999964,-0.0028431496013202606,442,1.0
2020-04-07,113784.23510000834,113784.23510000834,0.0,0.0,414,1.0
2020-04-08,113784.23510000834,114219.25910000838,435.02400000003064,0.0038232361417878113,424,1.0
2020-04-09,114219.25910000838,113656.60010000839,-562.6589999999861,-0.004926130710647736,411,1.0
2020-04-13,113656.60010000839,113395.02010000843,-261.5799999999631,-0.002301494147896266,410,1.0
2020-04-14,113395.02010000843,113451.84310000844,56.8230000000099,0.0005011066619140525,403,1.0
2020-04-15,113451.84310000844,113451.84310000844,0.0,0.0,408,1.0
2020-04-16,113451.84310000844,113451.84310000844,0.0,0.0,406,1.0
2020-04-17,113451.84310000844,113451.84310000844,0.0,0.0,397,1.0
2020-04-20,113451.84310000844,113451.84310000844,0.0,0.0,401,1.0
2020-04-21,113451.84310000844,112594.1701000085,-857.6729999999392,-0.007559797854001293,409,1.0
2020-04-22,112594.1701000085,112594.1701000085,0.0,0.0,404,1.0
2020-04-23,112594.1701000085,112538.43110000853,-55.738999999979214,-0.0004950433930146492,401,1.0
2020-04-24,112538.43110000853,112538.43110000853,0.0,0.0,400,1.0
2020-04-27,112538.43110000853,112538.43110000853,0.0,0.0,394,1.0
2020-04-28,112538.43110000853,112538.43110000853,0.0,0.0,386,1.0
2020-04-29,112538.43110000853,112241.59710000856,-296.83399999997823,-0.002637623406498202,386,1.0
2020-04-30,112241.59710000856,111783.48510000859,-458.111999999968,-0.004081481481342242,384,1.0
2020-05-01,111783.48510000859,111776.05610000862,-7.428999999977952,-6.645883328226798e-05,391,1.0
2020-05-04,111776.05610000862,111776.05610000862,0.0,0.0,398,1.0
2020-05-05,111776.05610000862,111127.59310000867,-648.4629999999395,-0.005801448204790338,389,1.0
2020-05-06,111127.59310000867,111127.59310000867,0.0,0.0,385,1.0
2020-05-07,111127.59310000867,110888.65910000868,-238.933999999987,-0.002150087060600381,386,1.0
2020-05-08,110888.65910000868,110888.65910000868,0.0,0.0,380,1.0
2020-05-11,110888.65910000868,110888.65910000868,0.0,0.0,381,1.0
2020-05-12,110888.65910000868,111685.56170000871,796.902600000037,0.007186511284993591,377,1.0
2020-05-13,111685.56170000871,112302.54170000873,616.9800000000237,0.005524259274061416,390,1.0
2020-05-14,112302.54170000873,111100.96370000874,-1201.5779999999884,-0.010699472886461892,402,1.0
2020-05-15,111100.96370000874,111100.96370000874,0.0,0.0,393,1.0
2020-05-18,111100.96370000874,111289.3267000088,188.36300000005224,0.0016954218372817742,379,1.0
2020-05-19,111289.3267000088,111289.3267000088,0.0,0.0,378,1.0
2020-05-20,111289.3267000088,111381.0707000088,91.74400000001248,0.000824373753714136,376,1.0
2020-05-21,111381.0707000088,111548.32070000882,167.25000000001177,0.0015016016541129495,375,1.0
2020-05-22,111548.32070000882,111435.29870000883,-113.02199999998986,-0.0010132111294076651,378,1.0
2020-05-26,111435.29870000883,111435.29870000883,0.0,0.0,369,1.0
2020-05-27,111435.29870000883,111100.78670000884,-334.51199999999517,-0.003001849538722179,368,1.0
2020-05-28,111100.78670000884,111100.78670000884,0.0,0.0,364,1.0
2020-05-29,111100.78670000884,110969.03370000885,-131.75299999999098,-0.0011858871922819647,367,1.0
2020-06-01,110969.03370000885,110969.03370000885,0.0,0.0,365,1.0
2020-06-02,110969.03370000885,110969.03370000885,0.0,0.0,361,1.0
2020-06-03,110969.03370000885,110994.98760000887,25.953900000021203,0.00023388416691250136,357,1.0
2020-06-04,110994.98760000887,110994.98760000887,0.0,0.0,356,1.0
2020-06-05,110994.98760000887,111026.74660000888,31.7590000000046,0.00028613003782163027,349,1.0
2020-06-08,111026.74660000888,111535.7126000089,508.96600000002263,0.004584174674897579,346,1.0
2020-06-09,111535.7126000089,111535.7126000089,0.0,0.0,348,1.0
2020-06-10,111535.7126000089,111310.50960000893,-225.20299999997886,-0.0020191111416270058,347,1.0
2020-06-11,111310.50960000893,114718.43160000895,3407.9220000000196,0.030616354306940874,357,1.0
2020-06-12,114718.43160000895,114718.43160000895,0.0,0.0,372,1.0
2020-06-15,114718.43160000895,113923.93560000896,-794.4959999999827,-0.006925617696467157,384,1.0
2020-06-16,113923.93560000896,113923.93560000896,0.0,0.0,361,1.0
2020-06-17,113923.93560000896,113500.75760000898,-423.1779999999919,-0.003714566195165303,362,1.0
2020-06-18,113500.75760000898,113500.75760000898,0.0,0.0,366,1.0
2020-06-19,113500.75760000898,112857.09460000899,-643.6629999999814,-0.005671001794264052,361,1.0
2020-06-22,112857.09460000899,112857.09460000899,0.0,0.0,366,1.0
2020-06-23,112857.09460000899,112857.09460000899,0.0,0.0,360,1.0
2020-06-24,112857.09460000899,114175.138600009,1318.0440000000156,0.01167887587990335,364,1.0
2020-06-25,114175.138600009,114175.138600009,0.0,0.0,376,1.0
2020-06-26,114175.138600009,116113.63060000903,1938.4920000000277,0.01697823207196758,372,1.0
2020-06-29,116113.63060000903,116113.63060000903,0.0,0.0,385,1.0
2020-06-30,116113.63060000903,116072.10160000906,-41.52899999996899,-0.0003576582678999074,381,1.0
2020-07-01,116072.10160000906,116072.10160000906,0.0,0.0,374,1.0
2020-07-02,116072.10160000906,115414.54360000908,-657.5579999999705,-0.005665082228509588,369,1.0
2020-07-06,115414.54360000908,115414.54360000908,0.0,0.0,364,1.0
2020-07-07,115414.54360000908,115414.54360000908,0.0,0.0,365,1.0
2020-07-08,115414.54360000908,115100.1496000091,-314.393999999991,-0.0027240414439412275,366,1.0
2020-07-09,115100.1496000091,114301.04140000913,-799.1081999999678,-0.006942720776445532,363,1.0
2020-07-10,114301.04140000913,114548.24440000915,247.20300000001635,0.0021627362005820494,363,1.0
2020-07-13,114548.24440000915,114231.2284000092,-317.01599999994755,-0.002767532594326827,357,1.0
2020-07-14,114231.2284000092,114828.55240000921,597.3240000000089,0.005229077970765772,364,1.0
2020-07-15,114828.55240000921,114828.55240000921,0.0,0.0,356,1.0
2020-07-16,114828.55240000921,114828.55240000921,0.0,0.0,359,1.0
2020-07-17,114828.55240000921,114828.55240000921,0.0,0.0,356,1.0
2020-07-20,114828.55240000921,115300.14940000925,471.59700000003147,0.004106966343677465,357,1.0
2020-07-21,115300.14940000925,115300.14940000925,0.0,0.0,353,1.0
2020-07-22,115300.14940000925,115149.62940000926,-150.5199999999905,-0.0013054623153851974,355,1.0
2020-07-23,115149.62940000926,115961.34140000927,811.7120000000158,0.007049193334181414,352,1.0
2020-07-24,115961.34140000927,115961.34140000927,0.0,0.0,361,1.0
2020-07-27,115961.34140000927,115947.30140000928,-14.039999999993615,-0.00012107483261647456,360,1.0
2020-07-28,115947.30140000928,115947.30140000928,0.0,0.0,359,1.0
2020-07-29,115947.30140000928,116762.59040000929,815.2890000000071,0.0070315478683484756,359,1.0
2020-07-30,116762.59040000929,116292.35240000929,-470.2379999999903,-0.004027300168564563,362,1.0
2020-07-31,116292.35240000929,115677.50480000931,-614.847599999977,-0.005287085412848946,356,1.0
2020-08-03,115677.50480000931,115677.50480000931,0.0,0.0,352,1.0
2020-08-04,115677.50480000931,115677.50480000931,0.0,0.0,352,1.0
2020-08-05,115677.50480000931,115677.50480000931,0.0,0.0,348,1.0
2020-08-06,115677.50480000931,115910.97800000932,233.47320000000778,0.00201831116951956,348,1.0
2020-08-07,115910.97800000932,115910.97800000932,0.0,0.0,347,1.0
2020-08-10,115910.97800000932,115504.22300000933,-406.7549999999892,-0.0035092016909732404,345,1.0
2020-08-11,115504.22300000933,115504.22300000933,0.0,0.0,342,1.0
2020-08-12,115504.22300000933,115436.11100000938,-68.11199999995024,-0.0005896927249140482,344,1.0
2020-08-13,115436.11100000938,115436.11100000938,0.0,0.0,342,1.0
2020-08-14,115436.11100000938,115436.11100000938,0.0,0.0,343,1.0
2020-08-17,115436.11100000938,115436.11100000938,0.0,0.0,341,1.0
2020-08-18,115436.11100000938,115102.2720000094,-333.8389999999738,-0.0028919806558621586,341,1.0
2020-08-19,115102.2720000094,115102.2720000094,0.0,0.0,339,1.0
2020-08-20,115102.2720000094,115034.0150000094,-68.25700000000249,-0.000593011752191952,343,1.0
2020-08-21,115034.0150000094,115064.95500000942,30.94000000002381,0.0002689639234101371,340,1.0
2020-08-24,115064.95500000942,115064.95500000942,0.0,0.0,336,1.0
2020-08-25,115064.95500000942,115064.95500000942,0.0,0.0,334,1.0
2020-08-26,115064.95500000942,115767.91800000943,702.9630000000172,0.0061092710634611525,333,1.0
2020-08-27,115767.91800000943,115121.5140000095,-646.4039999999393,-0.0055836194618260615,332,1.0
2020-08-28,115121.5140000095,115121.5140000095,0.0,0.0,329,1.0
2020-08-31,115121.5140000095,114902.08200000953,-219.43199999997404,-0.0019060902899518117,328,1.0
2020-09-01,114902.08200000953,115105.77000000956,203.68800000003432,0.0017727093926811488,328,1.0
2020-09-02,115105.77000000956,115831.85400000958,726.0840000000153,0.006307972224154801,324,1.0
2020-09-03,115831.85400000958,118211.1790000096,2379.3250000000103,0.02054119758801254,325,1.0
2020-09-04,118211.1790000096,118380.99700000964,169.81800000004068,0.001436564641657423,341,1.0
2020-09-08,118380.99700000964,118198.82800000966,-182.1689999999802,-0.001538836507686825,351,1.0
2020-09-09,118198.82800000966,118755.67800000966,556.8500000000046,0.004711129623044652,350,1.0
2020-09-10,118755.67800000966,118870.53500000967,114.85700000000773,0.0009671705970977218,347,1.0
2020-09-11,118870.53500000967,118616.72800000967,-253.80699999999615,-0.0021351548556585165,353,1.0
2020-09-14,118616.72800000967,118832.94400000968,216.2160000000166,0.0018228120404737425,351,1.0
2020-09-15,118832.94400000968,118832.94400000968,0.0,0.0,348,1.0
2020-09-16,118832.94400000968,118832.94400000968,0.0,0.0,347,1.0
2020-09-17,118832.94400000968,118832.94400000968,0.0,0.0,356,1.0
2020-09-18,118832.94400000968,119369.43100000972,536.4870000000349,0.004514631902075905,354,1.0
2020-09-21,119369.43100000972,119029.41700000972,-340.0139999999885,-0.00284841769916766,366,1.0
2020-09-22,119029.41700000972,119029.41700000972,0.0,0.0,362,1.0
2020-09-23,119029.41700000972,120171.75500000975,1142.33800000003,0.009597106570722325,359,1.0
2020-09-24,120171.75500000975,119502.66900000979,-669.0859999999722,-0.005567747595929817,374,1.0
2020-09-25,119502.66900000979,120423.6360000098,920.9670000000257,0.007706664693823306,370,1.0
2020-09-28,120423.6360000098,120423.6360000098,0.0,0.0,361,1.0
2020-09-29,120423.6360000098,120227.79600000984,-195.83999999997152,-0.001626258818492654,360,1.0
2020-09-30,120227.79600000984,120521.55600000985,293.76000000001295,0.0024433617663588425,360,1.0
2020-10-01,120521.55600000985,120521.55600000985,0.0,0.0,356,1.0
2020-10-02,120521.55600000985,120521.55600000985,0.0,0.0,363,1.0
2020-10-05,120521.55600000985,121005.57200000987,484.0160000000152,0.004016011874257375,358,1.0
2020-10-06,121005.57200000987,121740.77700000988,735.2050000000112,0.006075794592334649,355,1.0
2020-10-07,121740.77700000988,121568.33700000991,-172.43999999997234,-0.0014164522705482074,360,1.0
2020-10-08,121568.33700000991,121568.33700000991,0.0,0.0,354,1.0
2020-10-09,121568.33700000991,121568.33700000991,0.0,0.0,351,1.0
2020-10-12,121568.33700000991,121804.64400000992,236.30700000001562,0.0019438202893240497,347,1.0
2020-10-13,121804.64400000992,121804.64400000992,0.0,0.0,345,1.0
2020-10-14,121804.64400000992,121289.69600000995,-514.9479999999701,-0.004227654899594202,347,1.0
2020-10-15,121289.69600000995,121289.69600000995,0.0,0.0,352,1.0
2020-10-16,121289.69600000995,121029.79300000996,-259.9029999999867,-0.0021428283569938644,347,1.0
2020-10-19,121029.79300000996,121998.27000000997,968.4770000000204,0.00800197187811369,347,1.0
2020-10-20,121998.27000000997,121498.43000001,-499.8399999999616,-0.004097107278651757,355,1.0
2020-10-21,121498.43000001,121016.93800001004,-481.49199999996966,-0.003962948327809079,353,1.0
2020-10-22,121016.93800001004,121016.93800001004,0.0,0.0,352,1.0
2020-10-23,121016.93800001004,121016.93800001004,0.0,0.0,349,1.0
2020-10-26,121016.93800001004,121096.71600001004,79.77800000000144,0.0006592300327412648,353,1.0
2020-10-27,121096.71600001004,120983.15200001007,-113.56399999996374,-0.0009377958688818744,356,1.0
2020-10-28,120983.15200001007,122657.9160000101,1674.7640000000222,0.013842952281486909,364,1.0
2020-10-29,122657.9160000101,123449.54100001011,791.6250000000194,0.006453925077285261,375,1.0
2020-10-30,123449.54100001011,122388.05540001015,-1061.4855999999575,-0.008598538248107968,376,1.0
2020-11-02,122388.05540001015,122388.05540001015,0.0,0.0,370,1.0
2020-11-03,122388.05540001015,122089.0334000102,-299.0219999999556,-0.0024432286224553845,366,1.0
2020-11-04,122089.0334000102,122551.21140001022,462.17800000002103,0.0037855816130982767,358,1.0
2020-11-05,122551.21140001022,122352.06140001024,-199.14999999998423,-0.0016250349362109118,350,1.0
2020-11-06,122352.06140001024,121807.97040001025,-544.0909999999874,-0.004446929571714886,349,1.0
2020-11-09,121807.97040001025,121807.97040001025,0.0,0.0,334,1.0
2020-11-10,121807.97040001025,121807.97040001025,0.0,0.0,344,1.0
2020-11-11,121807.97040001025,121807.97040001025,0.0,0.0,341,1.0
2020-11-12,121807.97040001025,121182.7944000103,-625.175999999949,-0.005132472020894063,342,1.0
2020-11-13,121182.7944000103,121182.7944000103,0.0,0.0,341,1.0
2020-11-16,121182.7944000103,121182.7944000103,0.0,0.0,335,1.0
2020-11-17,121182.7944000103,120820.25040001032,-362.5439999999818,-0.002991711833309152,336,1.0
2020-11-18,120820.25040001032,120820.25040001032,0.0,0.0,334,1.0
2020-11-19,120820.25040001032,120820.25040001032,0.0,0.0,339,1.0
2020-11-20,120820.25040001032,120820.25040001032,0.0,0.0,337,1.0
2020-11-23,120820.25040001032,120820.25040001032,0.0,0.0,338,1.0
2020-11-24,120820.25040001032,121075.18540001033,254.93500000000975,0.002110035355463724,335,1.0
2020-11-25,121075.18540001033,120862.73140001037,-212.45399999997,-0.0017547278519380871,333,1.0
2020-11-30,120862.73140001037,120888.63880001039,25.907400000030496,0.0002143539178696141,333,1.0
2020-12-01,120888.63880001039,120460.62880001043,-428.00999999996594,-0.003540531221532195,330,1.0
2020-12-02,120460.62880001043,120460.62880001043,0.0,0.0,330,1.0
2020-12-03,120460.62880001043,120434.71680001044,-25.91199999998225,-0.0002151076269326646,328,1.0
2020-12-04,120434.71680001044,120770.54580001046,335.8290000000176,0.002788473364849331,327,1.0
2020-12-07,120770.54580001046,120770.54580001046,0.0,0.0,327,1.0
2020-12-08,120770.54580001046,120666.24180001048,-104.30399999997272,-0.000863654290117144,328,1.0
2020-12-09,120666.24180001048,121189.81680001049,523.5750000000169,0.004339034614733173,325,1.0
2020-12-10,121189.81680001049,121189.81680001049,0.0,0.0,331,1.0
2020-12-11,121189.81680001049,121189.81680001049,0.0,0.0,332,1.0
2020-12-14,121189.81680001049,120701.42480001051,-488.3919999999718,-0.0040299755614444654,328,1.0
2020-12-15,120701.42480001051,120596.79280001053,-104.63199999998524,-0.0008668663205372296,328,1.0
2020-12-16,120596.79280001053,120596.79280001053,0.0,0.0,326,1.0
2020-12-17,120596.79280001053,120596.79280001053,0.0,0.0,324,1.0
2020-12-18,120596.79280001053,120759.61780001054,162.8250000000124,0.0013501602838645876,325,1.0
2020-12-21,120759.61780001054,120169.24780001055,-590.3699999999941,-0.004888803150882026,330,1.0
2020-12-22,120169.24780001055,120169.24780001055,0.0,0.0,326,1.0
2020-12-23,120169.24780001055,120014.72380001056,-154.52399999999497,-0.0012858863879813276,326,1.0
2020-12-28,120014.72380001056,120014.72380001056,0.0,0.0,322,1.0
2020-12-29,120014.72380001056,120014.72380001056,0.0,0.0,321,1.0
2020-12-30,120014.72380001056,120014.72380001056,0.0,0.0,322,1.0
2020-12-31,120014.72380001056,120014.72380001056,0.0,0.0,322,1.0
2021-01-04,120014.72380001056,121169.82280001057,1155.0990000000136,0.009624644072212751,319,1.0
2021-01-05,121169.82280001057,121295.5008000106,125.67800000002364,0.0010372054451830426,329,1.0
2021-01-06,121295.5008000106,121933.3624000106,637.8616000000054,0.00525874080895794,328,1.0
2021-01-07,121933.3624000106,122244.72640001064,311.3640000000242,0.0025535587133125315,324,1.0
2021-01-08,122244.72640001064,122244.72640001064,0.0,0.0,321,1.0
2021-01-11,122244.72640001064,122244.72640001064,0.0,0.0,323,1.0
2021-01-12,122244.72640001064,122244.72640001064,0.0,0.0,322,1.0
2021-01-13,122244.72640001064,122244.72640001064,0.0,0.0,322,1.0
2021-01-14,122244.72640001064,122244.72640001064,0.0,0.0,321,1.0
2021-01-15,122244.72640001064,122005.29040001065,-239.43599999999057,-0.001958661179513821,324,1.0
2021-01-19,122005.29040001065,122005.29040001065,0.0,0.0,322,1.0
2021-01-20,122005.29040001065,122104.17040001068,98.88000000002967,0.0008104566586895068,320,1.0
2021-01-21,122104.17040001068,122104.17040001068,0.0,0.0,317,1.0
2021-01-22,122104.17040001068,122104.17040001068,0.0,0.0,319,1.0
2021-01-25,122104.17040001068,121745.1484000107,-359.0219999999864,-0.002940292692901747,318,1.0
2021-01-26,121745.1484000107,121745.1484000107,0.0,0.0,315,1.0
2021-01-27,121745.1484000107,122358.90840001074,613.7600000000432,0.005041350789465993,320,1.0
2021-01-28,122358.90840001074,122918.23340001077,559.3250000000213,0.004571183310752458,325,1.0
2021-01-29,122918.23340001077,123104.9504000108,186.71700000002886,0.0015190341972488586,327,1.0
2021-02-01,123104.9504000108,123115.14940001082,10.199000000022291,8.284800868585407e-05,329,1.0
2021-02-02,123115.14940001082,123322.83340001084,207.68400000002637,0.0016869085649666715,324,1.0
2021-02-03,123322.83340001084,123322.83340001084,0.0,0.0,322,1.0
2021-02-04,123322.83340001084,123705.3694000109,382.53600000005594,0.003101907322865749,322,1.0
2021-02-05,123705.3694000109,123705.3694000109,0.0,0.0,318,1.0
2021-02-08,123705.3694000109,123705.3694000109,0.0,0.0,317,1.0
2021-02-09,123705.3694000109,123705.3694000109,0.0,0.0,317,1.0
2021-02-10,123705.3694000109,123705.3694000109,0.0,0.0,315,1.0
2021-02-11,123705.3694000109,123705.3694000109,0.0,0.0,316,1.0
2021-02-12,123705.3694000109,123705.3694000109,0.0,0.0,317,1.0
2021-02-16,123705.3694000109,123705.3694000109,0.0,0.0,313,1.0
2021-02-17,123705.3694000109,123705.3694000109,0.0,0.0,316,1.0
2021-02-18,123705.3694000109,123545.60140001091,-159.76799999998644,-0.001291520333958629,317,1.0
2021-02-19,123545.60140001091,123545.60140001091,0.0,0.0,315,1.0
2021-02-22,123545.60140001091,123545.60140001091,0.0,0.0,319,1.0
2021-02-23,123545.60140001091,121668.65020001095,-1876.9511999999725,-0.015192375760289978,321,1.0
2021-02-24,121668.65020001095,122736.56420001095,1067.9140000000048,0.008777232247127342,314,1.0
2021-02-25,122736.56420001095,124802.99820001097,2066.434000000025,0.016836335720075812,314,1.0
2021-02-26,124802.99820001097,123542.962200011,-1260.0359999999832,-0.01009619975620002,324,1.0
2021-03-01,123542.962200011,124365.68220001101,822.72000000001,0.006659383791268292,320,1.0
2021-03-02,124365.68220001101,124145.28510001104,-220.39709999998001,-0.0017721697505387324,319,1.0
2021-03-03,124145.28510001104,124161.52770001107,16.242600000033065,0.0001308354158351399,321,1.0
2021-03-04,124161.52770001107,124249.60270001108,88.0750000000065,0.0007093582177308821,325,1.0
2021-03-05,124249.60270001108,124155.42130001109,-94.18139999998225,-0.0007580016189459027,326,1.0
2021-03-08,124155.42130001109,122665.52730001113,-1489.8939999999616,-0.012000233130374127,322,1.0
2021-03-09,122665.52730001113,123214.76150001115,549.2342000000167,0.004477494305769492,317,1.0
2021-03-10,123214.76150001115,123214.76150001115,0.0,0.0,316,1.0
2021-03-11,123214.76150001115,123372.07550001117,157.314000000012,0.0012767463742564544,314,1.0
2021-03-12,123372.07550001117,123372.07550001117,0.0,0.0,314,1.0
2021-03-15,123372.07550001117,123372.07550001117,0.0,0.0,312,1.0
2021-03-16,123372.07550001117,123372.07550001117,0.0,0.0,310,1.0
2021-03-17,123372.07550001117,123372.07550001117,0.0,0.0,312,1.0
2021-03-18,123372.07550001117,123372.07550001117,0.0,0.0,312,1.0
2021-03-19,123372.07550001117,123280.75150001117,-91.3239999999944,-0.0007402323388810972,316,1.0
2021-03-22,123280.75150001117,123669.74750001119,388.99600000001783,0.0031553668781778565,316,1.0
2021-03-23,123669.74750001119,123629.11250001121,-40.63499999998653,-0.0003285767200258416,315,1.0
2021-03-24,123629.11250001121,123629.11250001121,0.0,0.0,316,1.0
2021-03-25,123629.11250001121,123690.23250001122,61.120000000011494,0.0004943819361318269,320,1.0
2021-03-26,123690.23250001122,124335.94690001126,645.7144000000469,0.005220415443879078,316,1.0
2021-03-29,124335.94690001126,124052.76190001128,-283.1849999999808,-0.0022775794696582308,315,1.0
2021-03-30,124052.76190001128,124052.76190001128,0.0,0.0,314,1.0
2021-03-31,124052.76190001128,123853.0679000113,-199.69399999997182,-0.001609750536315624,313,1.0
2021-04-01,123853.0679000113,123824.57890001134,-28.4889999999631,-0.00023002256208104477,310,1.0
2021-04-05,123824.57890001134,124360.38490001136,535.8060000000116,0.00432713767137205,306,1.0
2021-04-06,124360.38490001136,124360.38490001136,0.0,0.0,306,1.0
2021-04-07,124360.38490001136,124360.38490001136,0.0,0.0,306,1.0
2021-04-08,124360.38490001136,124360.38490001136,0.0,0.0,304,1.0
2021-04-09,124360.38490001136,124593.55290001137,233.1680000000191,0.0018749379087841245,304,1.0
2021-04-12,124593.55290001137,124593.55290001137,0.0,0.0,303,1.0
2021-04-13,124593.55290001137,124631.57470001139,38.02180000001912,0.00030516667287372456,302,1.0
2021-04-14,124631.57470001139,124283.01670001143,-348.5579999999674,-0.002796707020985223,301,1.0
2021-04-15,124283.01670001143,124401.81670001143,118.80000000000601,0.0009558828161273514,300,1.0
2021-04-16,124401.81670001143,124401.81670001143,0.0,0.0,298,1.0
2021-04-19,124401.81670001143,123949.75070001149,-452.06599999994353,-0.0036339179924524956,298,1.0
2021-04-20,123949.75070001149,123979.94970001151,30.19900000001822,0.0002436390539672928,299,1.0
2021-04-21,123979.94970001151,124783.92070001151,803.9709999999992,0.006484685644294386,301,1.0
2021-04-22,124783.92070001151,124634.22070001153,-149.69999999998853,-0.001199673797394718,300,1.0
2021-04-23,124634.22070001153,125393.04170001156,758.8210000000231,0.006088384038814398,301,1.0
2021-04-26,125393.04170001156,125393.04170001156,0.0,0.0,300,1.0
2021-04-27,125393.04170001156,125276.34170001157,-116.69999999998444,-0.0009306736515665159,300,1.0
2021-04-28,125276.34170001157,125276.34170001157,0.0,0.0,299,1.0
2021-04-29,125276.34170001157,125276.34170001157,0.0,0.0,298,1.0
2021-04-30,125276.34170001157,125276.34170001157,0.0,0.0,299,1.0
2021-05-03,125276.34170001157,125276.34170001157,0.0,0.0,298,1.0
2021-05-04,125276.34170001157,125312.13060001163,35.78890000005478,0.0002856796384249627,301,1.0
2021-05-06,125312.13060001163,124880.79760001168,-431.3329999999606,-0.003442068999502834,301,1.0
2021-05-07,124880.79760001168,125151.6616000117,270.8640000000301,0.002168980381336061,297,1.0
2021-05-10,125151.6616000117,125677.59440001172,525.9328000000124,0.004202363702376699,296,1.0
2021-05-11,125677.59440001172,125687.01840001173,9.424000000020598,7.498552184270757e-05,304,1.0
2021-05-12,125687.01840001173,126901.22340001175,1214.2050000000172,0.009660544226895995,305,1.0
2021-05-13,126901.22340001175,126529.2674000118,-371.955999999949,-0.002931067093242201,311,1.0
2021-05-14,126529.2674000118,126768.55940001184,239.29200000004982,0.0018911988104977073,306,1.0
2021-05-17,126768.55940001184,126768.55940001184,0.0,0.0,305,1.0
2021-05-18,126768.55940001184,126768.55940001184,0.0,0.0,304,1.0
2021-05-19,126768.55940001184,126768.55940001184,0.0,0.0,311,1.0
2021-05-20,126768.55940001184,127428.91640001186,660.3570000000221,0.00520915440804437,307,1.0
2021-05-21,127428.91640001186,127002.22140001188,-426.6949999999814,-0.003348494298268556,305,1.0
2021-05-24,127002.22140001188,126832.58940001193,-169.63199999996016,-0.0013356616768589458,304,1.0
2021-05-25,126832.58940001193,126832.58940001193,0.0,0.0,301,1.0
2021-05-26,126832.58940001193,126832.58940001193,0.0,0.0,302,1.0
2021-05-27,126832.58940001193,126832.58940001193,0.0,0.0,301,1.0
2021-05-28,126832.58940001193,126832.58940001193,0.0,0.0,301,1.0
2021-06-01,126832.58940001193,126832.58940001193,0.0,0.0,300,1.0
2021-06-02,126832.58940001193,126832.58940001193,0.0,0.0,301,1.0
2021-06-03,126832.58940001193,126832.58940001193,0.0,0.0,303,1.0
2021-06-04,126832.58940001193,126864.79640001195,32.20700000002847,0.00025393315828670104,301,1.0
2021-06-07,126864.79640001195,126826.09640001197,-38.69999999998718,-0.0003050491633467267,300,1.0
2021-06-08,126826.09640001197,126498.99040001199,-327.10599999997976,-0.0025791695028465345,299,1.0
2021-06-09,126498.99040001199,126498.99040001199,0.0,0.0,298,1.0
2021-06-10,126498.99040001199,126349.789400012,-149.20099999998857,-0.0011794639587887623,299,1.0
2021-06-11,126349.789400012,126349.789400012,0.0,0.0,297,1.0
2021-06-14,126349.789400012,126241.97840001201,-107.81099999998,-0.0008532740775583081,297,1.0
2021-06-15,126241.97840001201,126101.97040001204,-140.0079999999673,-0.0011090447232722234,296,1.0
2021-06-16,126101.97040001204,126273.94640001205,171.9760000000066,0.0013637851926855404,296,1.0
2021-06-17,126273.94640001205,125836.21040001207,-437.7359999999811,-0.0034665583240212072,299,1.0
2021-06-18,125836.21040001207,125457.5524000121,-378.65799999997427,-0.0030091338478510643,301,1.0
2021-06-21,125457.5524000121,126345.8034000121,888.2510000000082,0.007080091895686591,301,1.0
2021-06-22,126345.8034000121,126691.10340001211,345.30000000002167,0.002732975616980271,300,1.0
2021-06-23,126691.10340001211,126691.10340001211,0.0,0.0,299,1.0
2021-06-24,126691.10340001211,126691.10340001211,0.0,0.0,298,1.0
2021-06-25,126691.10340001211,126691.10340001211,0.0,0.0,297,1.0
2021-06-28,126691.10340001211,126691.10340001211,0.0,0.0,296,1.0
2021-06-29,126691.10340001211,126691.10340001211,0.0,0.0,296,1.0
2021-06-30,126691.10340001211,126691.10340001211,0.0,0.0,296,1.0
2021-07-01,126691.10340001211,126783.14340001215,92.04000000003998,0.0007264914230751263,295,1.0
2021-07-02,126783.14340001215,126924.04710001216,140.90370000000723,0.0011113756625786841,293,1.0
2021-07-06,126924.04710001216,127302.77110001219,378.724000000027,0.002983863252497887,292,1.0
2021-07-07,127302.77110001219,127302.77110001219,0.0,0.0,293,1.0
2021-07-08,127302.77110001219,127302.77110001219,0.0,0.0,296,1.0
2021-07-09,127302.77110001219,127861.66510001221,558.8940000000213,0.004390273637962849,294,1.0
2021-07-12,127861.66510001221,127777.57410001225,-84.09099999995577,-0.0006576717105488683,293,1.0
2021-07-13,127777.57410001225,127777.57410001225,0.0,0.0,292,1.0
2021-07-14,127777.57410001225,127777.57410001225,0.0,0.0,292,1.0
2021-07-15,127777.57410001225,127435.05710001226,-342.51699999999346,-0.0026805720989185877,293,1.0
2021-07-16,127435.05710001226,127934.96110001231,499.90400000004956,0.003922813795325775,292,1.0
2021-07-19,127934.96110001231,127272.56110001235,-662.399999999971,-0.005177630839174108,300,1.0
2021-07-20,127272.56110001235,128098.31910001235,825.758000000006,0.006488107042578628,298,1.0
2021-07-21,128098.31910001235,127909.17510001235,-189.14400000000148,-0.0014765533328531255,296,1.0
2021-07-22,127909.17510001235,127909.17510001235,0.0,0.0,294,1.0
2021-07-23,127909.17510001235,127781.27910001237,-127.89599999997704,-0.0009998969964427618,292,1.0
2021-07-26,127781.27910001237,127781.27910001237,0.0,0.0,290,1.0
2021-07-27,127781.27910001237,127935.26910001239,153.99000000001965,0.0012051061085363024,290,1.0
2021-07-28,127935.26910001239,127935.26910001239,0.0,0.0,290,1.0
2021-07-29,127935.26910001239,128053.00910001241,117.74000000001965,0.0009203091596889923,290,1.0
2021-07-30,128053.00910001241,128053.00910001241,0.0,0.0,292,1.0
2021-08-02,128053.00910001241,128053.00910001241,0.0,0.0,290,1.0
2021-08-03,128053.00910001241,127822.91310001245,-230.09599999996706,-0.0017968808512750511,292,1.0
2021-08-04,127822.91310001245,127822.91310001245,0.0,0.0,290,1.0
2021-08-05,127822.91310001245,127822.91310001245,0.0,0.0,290,1.0
2021-08-06,127822.91310001245,127822.91310001245,0.0,0.0,289,1.0
2021-08-09,127822.91310001245,127822.91310001245,0.0,0.0,288,1.0
2021-08-10,127822.91310001245,127822.91310001245,0.0,0.0,288,1.0
2021-08-11,127822.91310001245,127822.91310001245,0.0,0.0,288,1.0
2021-08-12,127822.91310001245,127883.68110001246,60.76800000000511,0.00047540772249865526,288,1.0
2021-08-13,127883.68110001246,127883.68110001246,0.0,0.0,286,1.0
2021-08-16,127883.68110001246,127777.77810001247,-105.90299999999034,-0.0008281197341916124,287,1.0
2021-08-17,127777.77810001247,127743.62510001248,-34.15299999999034,-0.0002672843471519526,287,1.0
2021-08-18,127743.62510001248,128414.9531000125,671.3280000000228,0.00525527594409847,288,1.0
2021-08-19,128414.9531000125,127723.17110001252,-691.7819999999829,-0.005387082915968566,294,1.0
2021-08-20,127723.17110001252,128149.76110001252,426.59000000000253,0.003339957787815706,290,1.0
2021-08-23,128149.76110001252,128405.47810001252,255.71700000000706,0.00199545436374593,287,1.0
2021-08-24,128405.47810001252,128405.47810001252,0.0,0.0,286,1.0
2021-08-25,128405.47810001252,128371.73010001254,-33.74799999997945,-0.00026282367776930826,286,1.0
2021-08-26,128371.73010001254,128575.36210001257,203.63200000003224,0.0015862682526859295,286,1.0
2021-08-27,128575.36210001257,128822.46910001259,247.1070000000149,0.0019218845349842084,287,1.0
2021-08-30,128822.46910001259,128834.1541000126,11.685000000016718,9.070622603069012e-05,285,1.0
2021-08-31,128834.1541000126,128683.91810001263,-150.2359999999814,-0.0011661193497133349,284,1.0
2021-09-01,128683.91810001263,128683.91810001263,0.0,0.0,284,1.0
2021-09-02,128683.91810001263,128683.91810001263,0.0,0.0,283,1.0
2021-09-03,128683.91810001263,128683.91810001263,0.0,0.0,284,1.0
2021-09-07,128683.91810001263,128494.20610001264,-189.71199999998282,-0.0014742479309072243,284,1.0
2021-09-08,128494.20610001264,127936.71410001267,-557.4919999999712,-0.004338654768340722,284,1.0
2021-09-09,127936.71410001267,127953.97710001268,17.263000000011452,0.0001349339016671891,283,1.0
2021-09-10,127953.97710001268,128219.0915000127,265.1144000000204,0.002071951228157509,283,1.0
2021-09-13,128219.0915000127,128219.0915000127,0.0,0.0,285,1.0
2021-09-14,128219.0915000127,128199.64350001274,-19.44799999995996,-0.0001516778802005403,286,1.0
2021-09-15,128199.64350001274,128747.13150001277,547.4880000000209,0.004270589098790856,288,1.0
2021-09-16,128747.13150001277,128871.11550001279,123.9840000000239,0.0009630039796266754,287,1.0
2021-09-17,128871.11550001279,129466.7445000128,595.6290000000116,0.004621896828385541,289,1.0
2021-09-20,129466.7445000128,129115.09650001282,-351.64799999998934,-0.0027161260705057533,297,1.0
2021-09-21,129115.09650001282,129115.09650001282,0.0,0.0,295,1.0
2021-09-22,129115.09650001282,128843.25010001284,-271.84639999998603,-0.0021054579005016505,296,1.0
2021-09-23,128843.25010001284,129094.66210001285,251.41200000001513,0.0019513012890071124,292,1.0
2021-09-24,129094.66210001285,129094.66210001285,0.0,0.0,292,1.0
2021-09-27,129094.66210001285,129094.66210001285,0.0,0.0,291,1.0
2021-09-28,129094.66210001285,130028.45310001289,933.7910000000397,0.007233381960259688,293,1.0
2021-09-29,130028.45310001289,130028.45310001289,0.0,0.0,298,1.0
2021-09-30,130028.45310001289,129581.7511000129,-446.70199999998863,-0.003435417320979739,298,1.0
2021-10-01,129581.7511000129,129622.85110001292,41.10000000001869,0.00031717429075572845,300,1.0
2021-10-04,129622.85110001292,129996.90010001294,374.0490000000114,0.0028856717532883547,299,1.0
2021-10-05,129996.90010001294,129785.80210001295,-211.09799999998503,-0.001623869491023111,302,1.0
2021-10-06,129785.80210001295,129785.80210001295,0.0,0.0,302,1.0
2021-10-07,129785.80210001295,129940.01810001295,154.21600000000592,0.0011882347491380951,296,1.0
2021-10-08,129940.01810001295,129940.01810001295,0.0,0.0,295,1.0
2021-10-11,129940.01810001295,130011.59510001297,71.57700000001405,0.0005508464678289915,297,1.0
2021-10-12,130011.59510001297,130011.59510001297,0.0,0.0,298,1.0
2021-10-13,130011.59510001297,130011.59510001297,0.0,0.0,299,1.0
2021-10-14,130011.59510001297,130404.091100013,392.49600000002476,0.0030189307322789904,296,1.0
2021-10-15,130404.091100013,130404.091100013,0.0,0.0,293,1.0
2021-10-18,130404.091100013,130404.091100013,0.0,0.0,293,1.0
2021-10-19,130404.091100013,130404.091100013,0.0,0.0,290,1.0
2021-10-20,130404.091100013,130404.091100013,0.0,0.0,289,1.0
2021-10-21,130404.091100013,130404.091100013,0.0,0.0,288,1.0
2021-10-22,130404.091100013,130404.091100013,0.0,0.0,287,1.0
2021-10-25,130404.091100013,130404.091100013,0.0,0.0,287,1.0
2021-10-26,130404.091100013,130404.091100013,0.0,0.0,285,1.0
2021-10-27,130404.091100013,130404.091100013,0.0,0.0,285,1.0
2021-10-28,130404.091100013,130727.84310001304,323.7520000000368,0.0024826828458297534,286,1.0
2021-10-29,130727.84310001304,130727.84310001304,0.0,0.0,286,1.0
2021-11-01,130727.84310001304,130727.84310001304,0.0,0.0,284,1.0
2021-11-02,130727.84310001304,130602.5991000131,-125.24399999993852,-0.0009580514527736117,284,1.0
2021-11-03,130602.5991000131,130832.11210001311,229.51300000001146,0.001757338686837695,283,1.0
2021-11-04,130832.11210001311,130542.96310001312,-289.14899999999756,-0.0022100766804020733,281,1.0
2021-11-05,130542.96310001312,130459.84110001315,-83.12199999997674,-0.0006367405643786794,278,1.0
2021-11-08,130459.84110001315,130459.84110001315,0.0,0.0,277,1.0
2021-11-09,130459.84110001315,130335.46810001315,-124.37299999998626,-0.0009533431817124738,277,1.0
2021-11-10,130335.46810001315,130491.98710001318,156.51900000002715,0.001200893373704881,279,1.0
2021-11-11,130491.98710001318,130491.98710001318,0.0,0.0,280,1.0
2021-11-12,130491.98710001318,130609.8671000132,117.88000000001516,0.000903350486261445,280,1.0
2021-11-15,130609.8671000132,130609.8671000132,0.0,0.0,278,1.0
2021-11-16,130609.8671000132,130345.37510001325,-264.49199999995966,-0.002025053741134486,279,1.0
2021-11-17,130345.37510001325,130221.00210001325,-124.37299999998626,-0.0009541803834970386,277,1.0
2021-11-18,130221.00210001325,130035.68910001326,-185.31299999999382,-0.0014230653812483673,277,1.0
2021-11-19,130035.68910001326,130035.68910001326,0.0,0.0,276,1.0
2021-11-22,130035.68910001326,129889.68510001327,-146.00399999998191,-0.001122799448447509,276,1.0
2021-11-23,129889.68510001327,128791.30710001332,-1098.377999999953,-0.008456237299784175,278,1.0
2021-11-24,128791.30710001332,128791.30710001332,0.0,0.0,276,1.0
2021-11-29,128791.30710001332,128664.16410001334,-127.14299999998374,-0.0009872017208525374,277,1.0
2021-11-30,128664.16410001334,129270.48210001335,606.3180000000125,0.0047124077185058955,278,1.0
2021-12-01,129270.48210001335,129979.44210001339,708.9600000000296,0.00548431465933219,280,1.0
2021-12-02,129979.44210001339,130405.97010001341,426.5280000000162,0.003281503544782405,288,1.0
2021-12-03,130405.97010001341,130968.57410001343,562.604000000016,0.004314250333543379,284,1.0
2021-12-06,130968.57410001343,130828.51810001346,-140.05599999996434,-0.0010693863086042033,287,1.0
2021-12-07,130828.51810001346,130834.41910001347,5.901000000005622,4.5104844767163144e-05,281,1.0
2021-12-08,130834.41910001347,130834.41910001347,0.0,0.0,279,1.0
2021-12-09,130834.41910001347,130834.41910001347,0.0,0.0,279,1.0
2021-12-10,130834.41910001347,130834.41910001347,0.0,0.0,278,1.0
2021-12-13,130834.41910001347,131004.55510001349,170.13600000000923,0.0013003917560099332,278,1.0
2021-12-14,131004.55510001349,131004.55510001349,0.0,0.0,282,1.0
2021-12-15,131004.55510001349,131236.3591000135,231.80400000001964,0.0017694346568564168,282,1.0
2021-12-16,131236.3591000135,130833.87810001352,-402.4809999999902,-0.003066840643554114,277,1.0
2021-12-17,130833.87810001352,129733.29110001354,-1100.5869999999852,-0.008412094909841739,283,1.0
2021-12-20,129733.29110001354,129585.37610001356,-147.91499999998393,-0.0011401468254277347,285,1.0
2021-12-21,129585.37610001356,129915.59810001357,330.22200000001527,0.0025482968058458955,282,1.0
2021-12-22,129915.59810001357,130226.9581000136,311.36000000002525,0.00239663292594261,280,1.0
2021-12-23,130226.9581000136,130294.60150001364,67.64340000004532,0.0005194270140909119,277,1.0
2021-12-27,130294.60150001364,131418.19750001366,1123.5960000000086,0.008623503867885907,276,1.0
2021-12-28,131418.19750001366,131418.19750001366,0.0,0.0,275,1.0
2021-12-29,131418.19750001366,131418.19750001366,0.0,0.0,275,1.0
2021-12-30,131418.19750001366,131418.19750001366,0.0,0.0,274,1.0
2021-12-31,131418.19750001366,131418.19750001366,0.0,0.0,276,1.0
2022-01-03,131418.19750001366,131418.19750001366,0.0,0.0,275,1.0
2022-01-04,131418.19750001366,131191.05150001368,-227.14599999998518,-0.001728421210464015,274,1.0
2022-01-05,131191.05150001368,132569.5455000137,1378.4940000000186,0.010507530690840206,274,1.0
2022-01-06,132569.5455000137,132392.9535000137,-176.5919999999731,-0.0013320706451389608,283,1.0
2022-01-07,132392.9535000137,131716.4355000137,-676.5179999999989,-0.0051099245247968605,282,1.0
2022-01-10,131716.4355000137,131188.02510001374,-528.4103999999568,-0.004011727146988497,284,1.0
2022-01-11,131188.02510001374,130303.99910001378,-884.0259999999506,-0.006738618096628901,281,1.0
2022-01-12,130303.99910001378,130229.75510001379,-74.24399999998444,-0.0005697752986307814,276,1.0
2022-01-13,130229.75510001379,131103.1551000138,873.4000000000137,0.006706608634326816,275,1.0
2022-01-14,131103.1551000138,131103.1551000138,0.0,0.0,284,1.0
2022-01-18,131103.1551000138,130707.86010001386,-395.29499999994727,-0.0030151448277380144,285,1.0
2022-01-19,130707.86010001386,129561.30510001387,-1146.554999999988,-0.00877189022238356,285,1.0
2022-01-20,129561.30510001387,128991.87510001387,-569.4299999999944,-0.004395062241464909,285,1.0
2022-01-21,128991.87510001387,129882.6020000139,890.7269000000266,0.006905294611070589,289,1.0
2022-01-24,129882.6020000139,128674.20200001393,-1208.399999999969,-0.009303786507140033,300,1.0
2022-01-25,128674.20200001393,126910.61600001395,-1763.5859999999766,-0.013705824264601207,297,1.0
2022-01-26,126910.61600001395,126910.61600001395,0.0,0.0,287,1.0
2022-01-27,126910.61600001395,125506.94300001397,-1403.6729999999875,-0.01106032768763665,289,1.0
2022-01-28,125506.94300001397,125534.20300001402,27.26000000005365,0.00021719913933404555,290,1.0
2022-01-31,125534.20300001402,127070.92700001404,1536.724000000018,0.01224147653209573,284,1.0
2022-02-01,127070.92700001404,127070.92700001404,0.0,0.0,281,1.0
2022-02-02,127070.92700001404,127070.92700001404,0.0,0.0,278,1.0
2022-02-03,127070.92700001404,127070.92700001404,0.0,0.0,281,1.0
2022-02-04,127070.92700001404,126775.85100001407,-295.0759999999788,-0.0023221362035072968,284,1.0
2022-02-07,126775.85100001407,126775.85100001407,0.0,0.0,282,1.0
2022-02-08,126775.85100001407,126747.83400001409,-28.01699999997954,-0.00022099634732464235,283,1.0
2022-02-09,126747.83400001409,126747.83400001409,0.0,0.0,278,1.0
2022-02-10,126747.83400001409,126747.83400001409,0.0,0.0,280,1.0
2022-02-11,126747.83400001409,128485.2360000141,1737.402000000018,0.013707547854425739,282,1.0
2022-02-14,128485.2360000141,127566.02000001412,-919.2159999999876,-0.007154253894197549,292,1.0
2022-02-15,127566.02000001412,127052.86400001415,-513.1559999999677,-0.004022669986881389,287,1.0
2022-02-16,127052.86400001415,127052.86400001415,0.0,0.0,286,1.0
2022-02-17,127052.86400001415,127940.32200001416,887.4580000000068,0.006984950768208709,286,1.0
2022-02-18,127940.32200001416,127727.45400001419,-212.86799999997757,-0.001663806974004256,292,1.0
2022-02-22,127727.45400001419,127282.2990000142,-445.15499999998605,-0.0034851943420083353,295,1.0
2022-02-23,127282.2990000142,128179.58700001423,897.2880000000258,0.007049589825525837,294,1.0
2022-02-24,128179.58700001423,128179.58700001423,0.0,0.0,311,1.0
2022-02-25,128179.58700001423,129911.26500001425,1731.678000000012,0.013509779837251434,298,1.0
2022-02-28,129911.26500001425,129911.26500001425,0.0,0.0,300,1.0
2022-03-01,129911.26500001425,129835.57300001426,-75.69199999998726,-0.0005826438530944777,298,1.0
2022-03-02,129835.57300001426,130162.87300001427,327.30000000000393,0.002520880775871648,300,1.0
2022-03-03,130162.87300001427,129891.76800001427,-271.1049999999934,-0.002082813583870191,295,1.0
2022-03-04,129891.76800001427,129751.06800001427,-140.69999999999672,-0.001083209522561801,300,1.0
2022-03-07,129751.06800001427,132250.3680000143,2499.300000000024,0.01926226919380536,300,1.0
2022-03-08,132250.3680000143,129957.79800001433,-2292.569999999985,-0.017335074636614434,315,1.0
2022-03-09,129957.79800001433,129957.79800001433,0.0,0.0,305,1.0
2022-03-10,129957.79800001433,129957.79800001433,0.0,0.0,307,1.0
2022-03-11,129957.79800001433,129957.79800001433,0.0,0.0,303,1.0
2022-03-14,129957.79800001433,129323.62600001434,-634.1719999999889,-0.004879830296908527,308,1.0
2022-03-15,129323.62600001434,129273.42200001435,-50.203999999982784,-0.00038820439507303295,308,1.0
2022-03-16,129273.42200001435,129552.72200001437,279.3000000000135,0.002160536912219957,300,1.0
2022-03-17,129552.72200001437,129213.30000001438,-339.42199999998456,-0.0026199526706969234,298,1.0
2022-03-18,129213.30000001438,129213.30000001438,0.0,0.0,295,1.0
2022-03-21,129213.30000001438,129213.30000001438,0.0,0.0,290,1.0
2022-03-22,129213.30000001438,128977.4760000144,-235.8239999999732,-0.0018250752824976457,289,1.0
2022-03-23,128977.4760000144,128977.4760000144,0.0,0.0,288,1.0
2022-03-24,128977.4760000144,128977.4760000144,0.0,0.0,289,1.0
2022-03-25,128977.4760000144,128977.4760000144,0.0,0.0,285,1.0
2022-03-28,128977.4760000144,128977.4760000144,0.0,0.0,285,1.0
2022-03-29,128977.4760000144,128977.4760000144,0.0,0.0,280,1.0
2022-03-30,128977.4760000144,128977.4760000144,0.0,0.0,280,1.0
2022-03-31,128977.4760000144,128977.4760000144,0.0,0.0,281,1.0
2022-04-01,128977.4760000144,128977.4760000144,0.0,0.0,284,1.0
2022-04-04,128977.4760000144,128986.84800001446,9.372000000057085,7.266385023729782e-05,284,1.0
2022-04-05,128986.84800001446,129304.37400001448,317.52600000000683,0.002461692838637175,283,1.0
2022-04-06,129304.37400001448,128234.52490001453,-1069.849099999953,-0.00827388174819077,289,1.0
2022-04-07,128234.52490001453,128085.57190001455,-148.9529999999838,-0.0011615670593868588,287,1.0
2022-04-08,128085.57190001455,127496.47690001456,-589.0949999999816,-0.004599229962136908,285,1.0
2022-04-11,127496.47690001456,127860.10590001458,363.629000000018,0.002852070965734921,287,1.0
2022-04-12,127860.10590001458,127002.70110001463,-857.4047999999486,-0.006705803925036835,288,1.0
2022-04-13,127002.70110001463,128176.33010001465,1173.6290000000117,0.009240976686596403,289,1.0
2022-04-14,128176.33010001465,129045.22610001467,868.8960000000181,0.006778911514489616,288,1.0
2022-04-18,129045.22610001467,129045.22610001467,0.0,0.0,295,1.0
2022-04-19,129045.22610001467,130103.92010001469,1058.694000000018,0.008204053973910552,294,1.0
2022-04-20,130103.92010001469,130103.92010001469,0.0,0.0,291,1.0
2022-04-21,130103.92010001469,131171.4101000147,1067.4900000000132,0.008204902659192825,290,1.0
2022-04-22,131171.4101000147,133643.71010001472,2472.3000000000143,0.01884785715206494,300,1.0
2022-04-25,133643.71010001472,132576.64760001475,-1067.0624999999575,-0.007984382498820275,315,1.0
2022-04-26,132576.64760001475,134015.83120001477,1439.1836000000299,0.010855483420745715,311,1.0
2022-04-27,134015.83120001477,131850.04420001482,-2165.786999999945,-0.016160680276403938,321,1.0
2022-04-28,131850.04420001482,132530.51620001483,680.4720000000141,0.005160953901295118,312,1.0
2022-04-29,132530.51620001483,135379.38820001483,2848.8720000000103,0.021495969997585185,312,1.0
2022-05-02,135379.38820001483,133290.68420001486,-2088.7039999999765,-0.015428522966243863,328,1.0
2022-05-03,133290.68420001486,132860.86520001487,-429.8189999999797,-0.0032246739716258466,321,1.0
2022-05-04,132860.86520001487,134537.0432000149,1676.1780000000244,0.012616040076787183,318,1.0
2022-05-05,134537.0432000149,136957.91920001488,2420.876000000002,0.01799412223145791,316,1.0
2022-05-06,136957.91920001488,135909.3022000149,-1048.6169999999795,-0.007656490447029651,333,1.0
2022-05-09,135909.3022000149,135521.70720001496,-387.594999999951,-0.0028518651315678767,335,1.0
2022-05-10,135521.70720001496,135521.70720001496,0.0,0.0,335,1.0
2022-05-11,135521.70720001496,134390.187200015,-1131.5199999999686,-0.008349363532810017,340,1.0
2022-05-12,134390.187200015,134390.187200015,0.0,0.0,345,1.0
2022-05-13,134390.187200015,133606.703200015,-783.483999999991,-0.005829919701160313,338,1.0
2022-05-16,133606.703200015,133606.703200015,0.0,0.0,334,1.0
2022-05-17,133606.703200015,133606.703200015,0.0,0.0,328,1.0
2022-05-18,133606.703200015,135424.55520001505,1817.852000000047,0.013605993984288745,331,1.0
2022-05-19,135424.55520001505,135424.55520001505,0.0,0.0,348,1.0
2022-05-20,135424.55520001505,135144.53920001508,-280.0159999999861,-0.002067690010769452,344,1.0
2022-05-23,135144.53920001508,134990.4272000151,-154.11199999995023,-0.0011403494429906846,344,1.0
2022-05-24,134990.4272000151,135117.68020001514,127.25300000001467,0.0009426816600222043,343,1.0
2022-05-25,135117.68020001514,135117.68020001514,0.0,0.0,344,1.0
2022-05-26,135117.68020001514,136037.37820001517,919.6980000000221,0.006806644390568328,338,1.0
2022-05-27,136037.37820001517,136953.79420001523,916.4160000000444,0.006736501483089796,333,1.0
2022-05-31,136953.79420001523,136765.45520001525,-188.3389999999851,-0.0013752010384240343,331,1.0
2022-06-01,136765.45520001525,136611.15420001527,-154.3009999999777,-0.0011282161842280924,329,1.0
2022-06-02,136611.15420001527,137740.35720001528,1129.2030000000084,0.008265818458328189,333,1.0
2022-06-03,137740.35720001528,137740.35720001528,0.0,0.0,334,1.0
2022-06-06,137740.35720001528,137740.35720001528,0.0,0.0,332,1.0
2022-06-07,137740.35720001528,137740.35720001528,0.0,0.0,337,1.0
2022-06-08,137740.35720001528,137740.35720001528,0.0,0.0,332,1.0
2022-06-09,137740.35720001528,138755.4132000153,1015.0560000000067,0.0073693434562975835,336,1.0
2022-06-10,138755.4132000153,138336.3192000153,-419.0939999999842,-0.003020379460049294,351,1.0
2022-06-13,138336.3192000153,138289.72720001533,-46.59199999997054,-0.00033680236881694636,364,1.0
2022-06-14,138289.72720001533,138289.72720001533,0.0,0.0,366,1.0
2022-06-15,138289.72720001533,137129.87320001534,-1159.8539999999916,-0.008387130580729485,366,1.0
2022-06-16,137129.87320001534,135962.1532000154,-1167.7199999999318,-0.008515431194898948,370,1.0
2022-06-17,135962.1532000154,134530.3252000154,-1431.8279999999943,-0.010531077702878311,372,1.0
2022-06-21,134530.3252000154,134406.46610001544,-123.85909999995268,-0.0009206779201328397,361,1.0
2022-06-22,134406.46610001544,134406.46610001544,0.0,0.0,362,1.0
2022-06-23,134406.46610001544,134406.46610001544,0.0,0.0,356,1.0
2022-06-24,134406.46610001544,136592.73810001547,2186.2720000000263,0.016266122184725562,352,1.0
2022-06-27,136592.73810001547,136568.6571000155,-24.08099999998429,-0.00017629780568817477,349,1.0
2022-06-28,136568.6571000155,138320.9861000155,1752.329000000007,0.012831121263180423,349,1.0
2022-06-29,138320.9861000155,138320.9861000155,0.0,0.0,362,1.0
2022-06-30,138320.9861000155,137444.22310001552,-876.7629999999809,-0.006338611549270068,367,1.0
2022-07-01,137444.22310001552,137444.22310001552,0.0,0.0,365,1.0
2022-07-05,137444.22310001552,137218.28810001552,-225.93499999998772,-0.0016438304564869721,365,1.0
2022-07-06,137218.28810001552,137218.28810001552,0.0,0.0,359,1.0
2022-07-07,137218.28810001552,136985.9625000156,-232.32559999993455,-0.001693109593603026,356,1.0
2022-07-08,136985.9625000156,136985.9625000156,0.0,0.0,353,1.0
2022-07-11,136985.9625000156,136985.9625000156,0.0,0.0,355,1.0
2022-07-12,136985.9625000156,136985.9625000156,0.0,0.0,357,1.0
2022-07-13,136985.9625000156,136985.9625000156,0.0,0.0,365,1.0
2022-07-14,136985.9625000156,136843.5885000156,-142.37399999998104,-0.0010393327710491729,366,1.0
2022-07-15,136843.5885000156,136660.76880001565,-182.81969999996912,-0.0013359756346928986,357,1.0
2022-07-18,136660.76880001565,136660.76880001565,0.0,0.0,351,1.0
2022-07-19,136660.76880001565,138136.66180001566,1475.893000000016,0.010799683134812277,353,1.0
2022-07-20,138136.66180001566,137408.3738000157,-728.2879999999842,-0.005272228172520488,352,1.0
2022-07-21,137408.3738000157,136330.2698000157,-1078.1039999999814,-0.007845984711012388,348,1.0
2022-07-22,136330.2698000157,136872.8008000157,542.5310000000239,0.003979534411512997,341,1.0
2022-07-25,136872.8008000157,136872.8008000157,0.0,0.0,345,1.0
2022-07-26,136872.8008000157,136639.61680001576,-233.1839999999642,-0.0017036547702465876,347,1.0
2022-07-27,136639.61680001576,136796.3548000158,156.73800000005537,0.0011470904534915949,346,1.0
2022-07-28,136796.3548000158,136572.97480001583,-223.37999999996953,-0.0016329382484390198,340,1.0
2022-07-29,136572.97480001583,136781.34480001585,208.37000000002712,0.0015257044836662903,335,1.0
2022-08-01,136781.34480001585,136781.34480001585,0.0,0.0,334,1.0
2022-08-02,136781.34480001585,136781.34480001585,0.0,0.0,334,1.0
2022-08-03,136781.34480001585,137431.02780001587,649.6830000000278,0.00474979245853957,333,1.0
2022-08-04,137431.02780001587,137431.02780001587,0.0,0.0,331,1.0
2022-08-05,137431.02780001587,137431.02780001587,0.0,0.0,335,1.0
2022-08-08,137431.02780001587,137279.5578000159,-151.46999999998064,-0.0011021528575074768,330,1.0
2022-08-09,137279.5578000159,137279.5578000159,0.0,0.0,333,1.0
2022-08-10,137279.5578000159,137279.5578000159,0.0,0.0,327,1.0
2022-08-11,137279.5578000159,137279.5578000159,0.0,0.0,324,1.0
2022-08-12,137279.5578000159,138186.95780001592,907.4000000000315,0.006609869776255328,325,1.0
2022-08-15,138186.95780001592,138186.95780001592,0.0,0.0,325,1.0
2022-08-16,138186.95780001592,138264.80080001595,77.84300000001528,0.000563316547663506,323,1.0
2022-08-17,138264.80080001595,138264.80080001595,0.0,0.0,324,1.0
2022-08-18,138264.80080001595,138264.80080001595,0.0,0.0,323,1.0
2022-08-19,138264.80080001595,138416.57580001597,151.77500000003516,0.001097712498928427,325,1.0
2022-08-22,138416.57580001597,138890.236800016,473.6610000000149,0.0034219962259749437,331,1.0
2022-08-23,138890.236800016,138890.236800016,0.0,0.0,336,1.0
2022-08-24,138890.236800016,138430.252800016,-459.98399999998867,-0.0033118526586020103,336,1.0
2022-08-25,138430.252800016,137861.15580001601,-569.0969999999805,-0.004111073905370466,333,1.0
2022-08-26,137861.15580001601,141000.44380001602,3139.2880000000105,0.022771374443965264,328,1.0
2022-08-29,141000.44380001602,141000.44380001602,0.0,0.0,350,1.0
2022-08-30,141000.44380001602,141649.93280001605,649.4890000000181,0.004606290466157681,349,1.0
2022-08-31,141649.93280001605,141649.93280001605,0.0,0.0,354,1.0
2022-09-01,141649.93280001605,141344.29280001606,-305.6399999999944,-0.002157713695716934,360,1.0
2022-09-02,141344.29280001606,141351.4940000161,7.201200000041922,5.094793611681858e-05,353,1.0
2022-09-06,141351.4940000161,140378.9630000161,-972.5309999999994,-0.006880231488744504,359,1.0
2022-09-07,140378.9630000161,142167.14200001615,1788.1790000000203,0.01273822631101651,359,1.0
2022-09-08,142167.14200001615,142022.10600001618,-145.0359999999765,-0.001020179472975169,359,1.0
2022-09-09,142022.10600001618,142262.52200001624,240.41600000006275,0.0016928068930341933,352,1.0
2022-09-12,142262.52200001624,142085.39000001625,-177.13199999998355,-0.001245106564327303,348,1.0
2022-09-13,142085.39000001625,143173.3007000163,1087.9107000000504,0.007656738669612029,353,1.0
2022-09-14,143173.3007000163,143173.3007000163,0.0,0.0,362,1.0
2022-09-15,143173.3007000163,143173.3007000163,0.0,0.0,364,1.0
2022-09-16,143173.3007000163,142518.95270001632,-654.3479999999824,-0.004570321399315902,372,1.0
2022-09-19,142518.95270001632,142518.95270001632,0.0,0.0,372,1.0
2022-09-20,142518.95270001632,142036.47270001634,-482.47999999998837,-0.0033853743018694704,370,1.0
2022-09-21,142036.47270001634,142036.47270001634,0.0,0.0,367,1.0
2022-09-22,142036.47270001634,141367.44850001635,-669.0241999999827,-0.004710228206053602,377,1.0
2022-09-23,141367.44850001635,140819.5705000164,-547.87799999997,-0.003875559796921002,381,1.0
2022-09-26,140819.5705000164,140236.65850001643,-582.9119999999637,-0.004139424640553724,384,1.0
2022-09-27,140236.65850001643,140088.83050001645,-147.8279999999657,-0.0010541323615462783,381,1.0
2022-09-28,140088.83050001645,141640.5745000165,1551.7440000000224,0.01107685740869857,384,1.0
2022-09-29,141640.5745000165,141336.4065000165,-304.1679999999784,-0.0021474637551681663,386,1.0
2022-09-30,141336.4065000165,140424.19650001652,-912.2099999999975,-0.006454175697468867,390,1.0
2022-10-03,140424.19650001652,141282.06450001654,857.8680000000289,0.006109118096323973,388,1.0
2022-10-04,141282.06450001654,141081.2703000166,-200.79419999995997,-0.0014212292318245279,379,1.0
2022-10-05,141081.2703000166,141081.2703000166,0.0,0.0,377,1.0
2022-10-06,141081.2703000166,141081.2703000166,0.0,0.0,375,1.0
2022-10-07,141081.2703000166,142124.51230001662,1043.2420000000216,0.007394617285352734,382,1.0
2022-10-10,142124.51230001662,140931.89230001665,-1192.619999999971,-0.008391374441323762,390,1.0
2022-10-11,140931.89230001665,140931.89230001665,0.0,0.0,393,1.0
2022-10-12,140931.89230001665,140931.89230001665,0.0,0.0,393,1.0
2022-10-13,140931.89230001665,143213.27530001666,2281.3830000000025,0.016187840543170795,403,1.0
2022-10-14,143213.27530001666,144871.50970001667,1658.2344000000219,0.01157877575613142,388,1.0
2022-10-17,144871.50970001667,144363.74670001667,-507.76299999999657,-0.003504919642595139,397,1.0
2022-10-18,144363.74670001667,144363.74670001667,0.0,0.0,384,1.0
2022-10-19,144363.74670001667,144363.74670001667,0.0,0.0,391,1.0
2022-10-20,144363.74670001667,143619.3387000167,-744.4079999999761,-0.0051564746483535595,392,1.0
2022-10-21,143619.3387000167,144594.76470001673,975.4260000000372,0.00679174551859929,393,1.0
2022-10-24,144594.76470001673,144594.76470001673,0.0,0.0,384,1.0
2022-10-25,144594.76470001673,144712.1127000168,117.34800000006794,0.0008115646527280251,381,1.0
2022-10-26,144712.1127000168,144712.1127000168,0.0,0.0,379,1.0
2022-10-27,144712.1127000168,144712.1127000168,0.0,0.0,377,1.0
2022-10-28,144712.1127000168,147140.69270001684,2428.580000000031,0.016782147359249766,380,1.0
2022-10-31,147140.69270001684,147140.69270001684,0.0,0.0,380,1.0
2022-11-01,147140.69270001684,147140.69270001684,0.0,0.0,377,1.0
2022-11-02,147140.69270001684,147981.37770001686,840.6850000000211,0.005713477248023846,383,1.0
2022-11-03,147981.37770001686,146620.6157000169,-1360.7619999999686,-0.009195494873405319,398,1.0
2022-11-04,146620.6157000169,146620.6157000169,0.0,0.0,388,1.0
2022-11-07,146620.6157000169,146620.6157000169,0.0,0.0,388,1.0
2022-11-08,146620.6157000169,145741.63970001694,-878.9759999999714,-0.005994900483833332,384,1.0
2022-11-09,145741.63970001694,145905.18070001696,163.5410000000336,0.0011221295460697167,383,1.0
2022-11-10,145905.18070001696,146868.492700017,963.3120000000297,0.006602315252812074,376,1.0
2022-11-11,146868.492700017,146605.453700017,-263.0389999999993,-0.001790983179334793,371,1.0
2022-11-14,146605.453700017,146605.453700017,0.0,0.0,369,1.0
2022-11-15,146605.453700017,146605.453700017,0.0,0.0,365,1.0
2022-11-16,146605.453700017,146605.453700017,0.0,0.0,369,1.0
2022-11-17,146605.453700017,146605.453700017,0.0,0.0,375,1.0
2022-11-18,146605.453700017,146605.453700017,0.0,0.0,368,1.0
2022-11-21,146605.453700017,146605.453700017,0.0,0.0,371,1.0
2022-11-22,146605.453700017,146605.453700017,0.0,0.0,369,1.0
2022-11-23,146605.453700017,146210.53970001702,-394.914000000001,-0.00269371970846366,366,1.0
2022-11-28,146210.53970001702,146236.52570001702,25.986000000011483,0.00017773000532872452,366,1.0
2022-11-29,146236.52570001702,145388.9327000171,-847.592999999941,-0.005796041693021725,369,1.0
2022-11-30,145388.9327000171,148217.40170001713,2828.4690000000433,0.019454500060441804,367,1.0
2022-12-01,148217.40170001713,147377.92370001716,-839.4779999999837,-0.005663828878197608,362,1.0
2022-12-02,147377.92370001716,147377.92370001716,0.0,0.0,366,1.0
2022-12-05,147377.92370001716,148430.24770001718,1052.324000000009,0.007140309576772141,364,1.0
2022-12-06,148430.24770001718,149658.6287000172,1228.381000000015,0.008275813178474367,371,1.0
2022-12-07,149658.6287000172,149658.6287000172,0.0,0.0,380,1.0
2022-12-08,149658.6287000172,149539.93670001722,-118.6919999999847,-0.0007930849095102444,378,1.0
2022-12-09,149539.93670001722,149539.93670001722,0.0,0.0,378,1.0
2022-12-12,149539.93670001722,150355.16570001724,815.2290000000273,0.005451580480707374,379,1.0
2022-12-13,150355.16570001724,150355.16570001724,0.0,0.0,366,1.0
2022-12-14,150355.16570001724,148614.94370001726,-1740.2219999999825,-0.011574075236443826,374,1.0
2022-12-15,148614.94370001726,148976.2797000173,361.33600000002804,0.002431357109883958,376,1.0
2022-12-16,148976.2797000173,148860.8657000173,-115.41399999998964,-0.0007747139358855737,386,1.0
2022-12-19,148860.8657000173,148826.3337000173,-34.53199999999753,-0.0002319750045629565,388,1.0
2022-12-20,148826.3337000173,148826.3337000173,0.0,0.0,392,1.0
2022-12-21,148826.3337000173,148204.68010001737,-621.6535999999431,-0.004177040343229632,388,1.0
2022-12-22,148204.68010001737,149390.0475000174,1185.3674000000217,0.007998177919887883,386,1.0
2022-12-23,149390.0475000174,149390.0475000174,0.0,0.0,393,1.0
2022-12-27,149390.0475000174,148653.3375000174,-736.7099999999798,-0.004931453013962694,390,1.0
2022-12-28,148653.3375000174,149245.39550001742,592.0580000000227,0.003982810005863202,389,1.0
2022-12-29,149245.39550001742,149945.3285000174,699.9330000000043,0.004689813026760303,393,1.0
2022-12-30,149945.3285000174,149945.3285000174,0.0,0.0,393,1.0
2023-01-03,149945.3285000174,150144.61850001744,199.29000000003353,0.0013290844202593632,390,1.0
2023-01-04,150144.61850001744,150144.61850001744,0.0,0.0,391,1.0
2023-01-05,150144.61850001744,150139.50950001745,-5.108999999986949,-3.402719358869266e-05,393,1.0
2023-01-06,150139.50950001745,150932.95670001747,793.4472000000167,0.00528473286373643,392,1.0
2023-01-09,150932.95670001747,150968.50730001752,35.55060000003209,0.0002355390153172543,386,1.0
2023-01-10,150968.50730001752,150968.50730001752,0.0,0.0,389,1.0
2023-01-11,150968.50730001752,150968.50730001752,0.0,0.0,384,1.0
2023-01-12,150968.50730001752,150132.88730001752,-835.6199999999811,-0.00553506168236384,380,1.0
2023-01-13,150132.88730001752,150132.88730001752,0.0,0.0,381,1.0
2023-01-17,150132.88730001752,150132.88730001752,0.0,0.0,376,1.0
2023-01-18,150132.88730001752,151565.82330001754,1432.9360000000152,0.009544451091095807,376,1.0
2023-01-19,151565.82330001754,151565.82330001754,0.0,0.0,389,1.0
2023-01-20,151565.82330001754,152268.87930001755,703.0560000000085,0.004638618289350971,388,1.0
2023-01-23,152268.87930001755,153192.67530001758,923.7960000000387,0.006066873311517895,383,1.0
2023-01-24,153192.67530001758,153192.67530001758,0.0,0.0,384,1.0
2023-01-25,153192.67530001758,153023.2213000176,-169.45399999996243,-0.0011061494922528503,386,1.0
2023-01-26,153023.2213000176,153023.2213000176,0.0,0.0,379,1.0
2023-01-27,153023.2213000176,152280.76030001763,-742.4609999999777,-0.0048519498785370985,379,1.0
2023-01-30,152280.76030001763,152280.76030001763,0.0,0.0,378,1.0
2023-01-31,152280.76030001763,152675.33720001765,394.5769000000127,0.0025911145913812828,379,1.0
2023-02-01,152675.33720001765,153277.31320001767,601.976000000023,0.003942850306015044,376,1.0
2023-02-02,153277.31320001767,152318.65120001775,-958.6619999999382,-0.006254428525563571,369,1.0
2023-02-03,152318.65120001775,152318.65120001775,0.0,0.0,370,1.0
2023-02-06,152318.65120001775,152318.65120001775,0.0,0.0,371,1.0
2023-02-07,152318.65120001775,151218.27520001782,-1100.375999999943,-0.007224171113194622,372,1.0
2023-02-08,151218.27520001782,150881.92120001785,-336.35399999997105,-0.0022242946466296543,366,1.0
2023-02-09,150881.92120001785,150698.82920001788,-183.09199999997054,-0.0012134787159640004,364,1.0
2023-02-10,150698.82920001788,150698.82920001788,0.0,0.0,371,1.0
2023-02-13,150698.82920001788,151615.5172000179,916.6880000000174,0.006082913881058305,368,1.0
2023-02-14,151615.5172000179,151269.9652000179,-345.5519999999851,-0.002279133471174477,368,1.0
2023-02-15,151269.9652000179,151269.9652000179,0.0,0.0,368,1.0
2023-02-16,151269.9652000179,151269.9652000179,0.0,0.0,370,1.0
2023-02-17,151269.9652000179,150842.53720001792,-427.4279999999773,-0.0028255972653581374,372,1.0
2023-02-21,150842.53720001792,151807.83120001794,965.2940000000295,0.006399348737551547,374,1.0
2023-02-22,151807.83120001794,151807.83120001794,0.0,0.0,379,1.0
2023-02-23,151807.83120001794,151381.10700001798,-426.72419999997186,-0.0028109498477567607,378,1.0
2023-02-24,151381.10700001798,151450.249000018,69.14200000001719,0.0004567412761753431,382,1.0
2023-02-27,151450.249000018,151450.249000018,0.0,0.0,378,1.0
2023-02-28,151450.249000018,151450.249000018,0.0,0.0,381,1.0
2023-03-01,151450.249000018,151450.249000018,0.0,0.0,383,1.0
2023-03-02,151450.249000018,151528.40400001802,78.15500000003783,0.0005160440508751307,385,1.0
2023-03-03,151528.40400001802,152446.34200001805,917.9380000000349,0.006057860940711146,379,1.0
2023-03-06,152446.34200001805,152349.3340000181,-97.00799999994649,-0.000636341933346829,376,1.0
2023-03-07,152349.3340000181,153635.63000001814,1286.2960000000203,0.008443069399961312,376,1.0
2023-03-08,153635.63000001814,153635.63000001814,0.0,0.0,385,1.0
2023-03-09,153635.63000001814,155245.3580000182,1609.72800000005,0.010477569558571043,384,1.0
2023-03-10,155245.3580000182,155625.28700001823,379.92900000004647,0.0024472809035616105,397,1.0
2023-03-13,155625.28700001823,155202.82100001827,-422.4659999999541,-0.0027146359575864754,407,1.0
2023-03-14,155202.82100001827,155002.73300001828,-200.08799999998303,-0.0012892033708585826,397,1.0
2023-03-15,155002.73300001828,155002.73300001828,0.0,0.0,401,1.0
2023-03-16,155002.73300001828,156775.1330000183,1772.400000000018,0.01143463709120418,400,1.0
2023-03-17,156775.1330000183,156226.72880001832,-548.4041999999777,-0.0034980305199290296,398,1.0
2023-03-20,156226.72880001832,156255.05780001835,28.32900000001252,0.0001813326068953458,399,1.0
2023-03-21,156255.05780001835,156255.05780001835,0.0,0.0,393,1.0
2023-03-22,156255.05780001835,156255.05780001835,0.0,0.0,391,1.0
2023-03-23,156255.05780001835,156283.10280001836,28.045000000012394,0.00017948219017593914,395,1.0
2023-03-24,156283.10280001836,156283.10280001836,0.0,0.0,398,1.0
2023-03-27,156283.10280001836,156283.10280001836,0.0,0.0,392,1.0
2023-03-28,156283.10280001836,156283.10280001836,0.0,0.0,394,1.0
2023-03-29,156283.10280001836,156283.10280001836,0.0,0.0,390,1.0
2023-03-30,156283.10280001836,156283.10280001836,0.0,0.0,386,1.0
2023-03-31,156283.10280001836,157206.4148000184,923.3120000000462,0.005907945155027461,386,1.0
2023-04-03,157206.4148000184,156761.3588000184,-445.0559999999731,-0.002831029513433836,384,1.0
2023-04-04,156761.3588000184,156824.43880001843,63.080000000022295,0.0004023950830924772,380,1.0
2023-04-05,156824.43880001843,156824.43880001843,0.0,0.0,384,1.0
2023-04-06,156824.43880001843,156365.51880001847,-458.91999999995323,-0.0029263296174467657,385,1.0
2023-04-10,156365.51880001847,156365.51880001847,0.0,0.0,384,1.0
2023-04-11,156365.51880001847,156365.51880001847,0.0,0.0,381,1.0
2023-04-12,156365.51880001847,156180.1878000185,-185.33099999998896,-0.0011852421264115787,379,1.0
2023-04-13,156180.1878000185,157000.0998000185,819.9120000000204,0.005249782392692914,381,1.0
2023-04-14,157000.0998000185,155699.73980001855,-1300.3599999999608,-0.00828254250574556,380,1.0
2023-04-17,155699.73980001855,155699.73980001855,0.0,0.0,377,1.0
2023-04-18,155699.73980001855,155699.73980001855,0.0,0.0,374,1.0
2023-04-19,155699.73980001855,155699.73980001855,0.0,0.0,377,1.0
2023-04-20,155699.73980001855,155699.73980001855,0.0,0.0,378,1.0
2023-04-21,155699.73980001855,155275.99180001856,-423.7479999999856,-0.0027215716644373167,377,1.0
2023-04-24,155275.99180001856,155275.99180001856,0.0,0.0,376,1.0
2023-04-25,155275.99180001856,156304.90780001858,1028.9160000000393,0.006626368880806588,378,1.0
2023-04-26,156304.90780001858,155963.9158000186,-340.9919999999654,-0.002181582170383556,384,1.0
2023-04-27,155963.9158000186,157153.89680001864,1189.9810000000145,0.007629848185690902,383,1.0
2023-04-28,157153.89680001864,157421.3588000187,267.4620000000464,0.0017019113457963364,381,1.0
2023-05-01,157421.3588000187,157421.3588000187,0.0,0.0,378,1.0
2023-05-02,157421.3588000187,158874.06580001872,1452.7070000000374,0.00922814420529483,379,1.0
2023-05-03,158874.06580001872,158569.51180001875,-304.5539999999712,-0.0019169522632053182,386,1.0
2023-05-04,158569.51180001875,158636.03080001878,66.51900000002105,0.0004194942599300422,389,1.0
2023-05-05,158636.03080001878,159596.1778000188,960.1470000000219,0.0060525152776320645,387,1.0
2023-05-08,159596.1778000188,159596.1778000188,0.0,0.0,386,1.0
2023-05-09,159596.1778000188,159596.1778000188,0.0,0.0,388,1.0
2023-05-10,159596.1778000188,159596.1778000188,0.0,0.0,385,1.0
2023-05-11,159596.1778000188,159372.10480001883,-224.07299999997906,-0.0014039997892728584,387,1.0
2023-05-12,159372.10480001883,158864.67480001887,-507.42999999996795,-0.003183932348993501,385,1.0
2023-05-15,158864.67480001887,158864.67480001887,0.0,0.0,385,1.0
2023-05-16,158864.67480001887,158864.67480001887,0.0,0.0,385,1.0
2023-05-17,158864.67480001887,159161.5098000189,296.8350000000077,0.0018684770568011544,385,1.0
2023-05-18,159161.5098000189,159713.79580001894,552.2860000000501,0.0034699721100532877,383,1.0
2023-05-19,159713.79580001894,159713.79580001894,0.0,0.0,380,1.0
2023-05-22,159713.79580001894,159713.79580001894,0.0,0.0,381,1.0
2023-05-23,159713.79580001894,159809.67780001898,95.8820000000363,0.0006003363674362827,382,1.0
2023-05-24,159809.67780001898,158816.24880001904,-993.428999999931,-0.0062163256548398715,387,1.0
2023-05-25,158816.24880001904,158816.24880001904,0.0,0.0,382,1.0
2023-05-26,158816.24880001904,159951.17080001906,1134.922000000025,0.007146132770262659,382,1.0
2023-05-30,159951.17080001906,159951.17080001906,0.0,0.0,379,1.0
2023-05-31,159951.17080001906,159882.79280001906,-68.37799999998802,-0.0004274929633711899,382,1.0
2023-06-01,159882.79280001906,160807.61480001907,924.8220000000207,0.005784374814848059,382,1.0
2023-06-02,160807.61480001907,161210.5628000191,402.94800000003505,0.0025057768595171392,378,1.0
2023-06-06,161210.5628000191,161210.5628000191,0.0,0.0,377,1.0
2023-06-07,161210.5628000191,160863.1388000191,-347.4239999999899,-0.0021550945171686653,376,1.0
2023-06-08,160863.1388000191,160555.12980001915,-308.00899999995426,-0.001914727030055463,377,1.0
2023-06-09,160555.12980001915,160615.18280001916,60.05300000002358,0.0003740335178004095,373,1.0
2023-06-12,160615.18280001916,160816.43480001917,201.2520000000218,0.0012530073215468729,372,1.0
2023-06-13,160816.43480001917,160816.43480001917,0.0,0.0,369,1.0
2023-06-14,160816.43480001917,159974.9405000192,-841.4942999999661,-0.005232638697943992,367,1.0
2023-06-15,159974.9405000192,161391.72650001923,1416.7860000000157,0.008856299590246364,366,1.0
2023-06-16,161391.72650001923,161050.6585000193,-341.0679999999368,-0.0021132929636259457,364,1.0
2023-06-20,161050.6585000193,160826.54650001932,-224.11199999997004,-0.0013915621462667893,368,1.0
2023-06-21,160826.54650001932,160779.07450001934,-47.47199999998427,-0.00029517515007992934,368,1.0
2023-06-22,160779.07450001934,160779.07450001934,0.0,0.0,370,1.0
2023-06-23,160779.07450001934,160779.07450001934,0.0,0.0,371,1.0
2023-06-26,160779.07450001934,160671.85550001936,-107.21899999997233,-0.0006668716083445547,371,1.0
2023-06-27,160671.85550001936,161527.38150001937,855.5260000000167,0.005324678658484183,371,1.0
2023-06-28,161527.38150001937,161527.38150001937,0.0,0.0,371,1.0
2023-06-29,161527.38150001937,161399.13950001943,-128.24199999994192,-0.0007939335040847428,370,1.0
2023-06-30,161399.13950001943,161618.86950001947,219.73000000003617,0.0013614075061409991,365,1.0
2023-07-05,161618.86950001947,161618.86950001947,0.0,0.0,365,1.0
2023-07-06,161618.86950001947,161760.53150001948,141.6620000000107,0.0008765189388977301,367,1.0
2023-07-07,161760.53150001948,161367.1395000195,-393.39199999998345,-0.002431940575071234,368,1.0
2023-07-10,161367.1395000195,161367.1395000195,0.0,0.0,368,1.0
2023-07-11,161367.1395000195,161367.1395000195,0.0,0.0,366,1.0
2023-07-12,161367.1395000195,161367.1395000195,0.0,0.0,361,1.0
2023-07-13,161367.1395000195,161455.69950001952,88.56000000001539,0.0005488106207647281,360,1.0
2023-07-14,161455.69950001952,161455.69950001952,0.0,0.0,358,1.0
2023-07-17,161455.69950001952,161367.74450001956,-87.95499999995542,-0.0005447624349733671,359,1.0
2023-07-18,161367.74450001956,162055.46250001958,687.7180000000194,0.004261805865421575,358,1.0
2023-07-19,162055.46250001958,161977.4985000196,-77.96399999997588,-0.00048109455119393907,356,1.0
2023-07-20,161977.4985000196,161951.15450001962,-26.343999999982355,-0.00016263987432785232,356,1.0
2023-07-21,161951.15450001962,161951.15450001962,0.0,0.0,356,1.0
2023-07-24,161951.15450001962,161894.7485000197,-56.40599999994107,-0.0003482902000548904,357,1.0
2023-07-25,161894.7485000197,161900.44450001972,5.696000000028978,3.518335247321147e-05,356,1.0
2023-07-26,161900.44450001972,161900.44450001972,0.0,0.0,356,1.0
2023-07-27,161900.44450001972,162409.4365000197,508.99200000001105,0.003143857952780049,352,1.0
2023-07-28,162409.4365000197,162178.39250001972,-231.04399999999853,-0.0014226020665982775,356,1.0
2023-07-31,162178.39250001972,162178.39250001972,0.0,0.0,354,1.0
2023-08-01,162178.39250001972,162178.39250001972,0.0,0.0,355,1.0
2023-08-02,162178.39250001972,162828.48950001976,650.0970000000315,0.004008530297893831,357,1.0
2023-08-03,162828.48950001976,162828.48950001976,0.0,0.0,363,1.0
2023-08-04,162828.48950001976,162522.00050001979,-306.4889999999739,-0.0018822811716860954,361,1.0
2023-08-07,162522.00050001979,162111.8545000198,-410.1459999999896,-0.002523633715669993,362,1.0
2023-08-08,162111.8545000198,162027.74150001982,-84.11299999997735,-0.0005188577988908261,361,1.0
2023-08-09,162027.74150001982,161657.66150001984,-370.0799999999831,-0.0022840533144130593,360,1.0
2023-08-10,161657.66150001984,161049.62150001986,-608.0399999999854,-0.003761281676092465,360,1.0
2023-08-11,161049.62150001986,161049.62150001986,0.0,0.0,362,1.0
2023-08-14,161049.62150001986,160697.3955000199,-352.22599999998056,-0.002187065059323534,362,1.0
2023-08-15,160697.3955000199,161457.71550001996,760.3200000000529,0.004731377242513934,360,1.0
2023-08-16,161457.71550001996,161640.07950001996,182.3640000000139,0.0011294845801281816,364,1.0
2023-08-17,161640.07950001996,161975.33550001998,335.25600000002146,0.0020740895515334312,366,1.0
2023-08-18,161975.33550001998,161975.33550001998,0.0,0.0,373,1.0
2023-08-21,161975.33550001998,161206.10550001997,-769.230000000001,-0.004749056377166272,370,1.0
2023-08-22,161206.10550001997,161206.10550001997,0.0,0.0,365,1.0
2023-08-23,161206.10550001997,162157.00250002,950.8970000000257,0.005898641351396616,367,1.0
2023-08-24,162157.00250002,163684.34650002,1527.3440000000114,0.009418921023776505,364,1.0
2023-08-25,163684.34650002,163684.34650002,0.0,0.0,373,1.0
2023-08-28,163684.34650002,163684.34650002,0.0,0.0,370,1.0
2023-08-29,163684.34650002,165647.79550002003,1963.4490000000114,0.011995337623807334,369,1.0
2023-08-30,165647.79550002003,164926.88350002005,-720.9119999999784,-0.004352077236065011,368,1.0
2023-08-31,164926.88350002005,164926.88350002005,0.0,0.0,365,1.0
2023-09-01,164926.88350002005,164926.88350002005,0.0,0.0,363,1.0
2023-09-05,164926.88350002005,164814.09850002007,-112.7849999999869,-0.0006838484885332008,365,1.0
2023-09-06,164814.09850002007,164869.5155000201,55.41700000002653,0.0003362394388852774,367,1.0
2023-09-07,164869.5155000201,164869.5155000201,0.0,0.0,372,1.0
2023-09-08,164869.5155000201,164514.6855000201,-354.82999999997827,-0.00215218683043894,370,1.0
2023-09-11,164514.6855000201,164514.6855000201,0.0,0.0,367,1.0
2023-09-12,164514.6855000201,164514.6855000201,0.0,0.0,368,1.0
2023-09-13,164514.6855000201,164514.6855000201,0.0,0.0,368,1.0
2023-09-14,164514.6855000201,164514.6855000201,0.0,0.0,366,1.0
2023-09-15,164514.6855000201,165505.95250002012,991.2670000000098,0.0060254013007239315,367,1.0
2023-09-18,165505.95250002012,165505.95250002012,0.0,0.0,373,1.0
2023-09-19,165505.95250002012,165696.55550002013,190.60300000001087,0.0011516383375997918,373,1.0
2023-09-20,165696.55550002013,166551.09850002016,854.5430000000218,0.005157276790825893,373,1.0
2023-09-21,166551.09850002016,167103.85250002018,552.7540000000049,0.003318825303334494,382,1.0
2023-09-22,167103.85250002018,166731.7485000202,-372.1039999999756,-0.0022267828923927535,386,1.0
2023-09-25,166731.7485000202,166417.85650002025,-313.891999999964,-0.0018826168550611921,388,1.0
2023-09-26,166417.85650002025,166724.7475000203,306.8910000000523,0.0018440989834527244,387,1.0
2023-09-27,166724.7475000203,166064.08750002034,-660.6599999999825,-0.003962579100621477,390,1.0
2023-09-28,166064.08750002034,166384.66750002035,320.58000000000493,0.0019304595281623982,390,1.0
2023-09-29,166384.66750002035,165595.8025000204,-788.8649999999678,-0.004741212107178483,385,1.0
2023-10-02,165595.8025000204,165274.15050002042,-321.651999999979,-0.0019423922294161677,388,1.0
2023-10-03,165274.15050002042,165600.45850002044,326.3080000000051,0.001974343834246328,388,1.0
2023-10-04,165600.45850002044,165554.5945000205,-45.86399999995686,-0.0002769557549259227,392,1.0
2023-10-05,165554.5945000205,165650.5345000205,95.94000000001667,0.0005795067197607029,390,1.0
2023-10-06,165650.5345000205,165897.8865000205,247.3520000000132,0.0014932158278062602,392,1.0
2023-10-09,165897.8865000205,165944.71350002053,46.82700000001654,0.00028226399376118927,387,1.0
2023-10-10,165944.71350002053,166630.62820002055,685.9147000000321,0.00413339289654413,383,1.0
2023-10-11,166630.62820002055,166630.62820002055,0.0,0.0,382,1.0
2023-10-12,166630.62820002055,166332.3052000206,-298.32299999995877,-0.001790325123433134,381,1.0
2023-10-13,166332.3052000206,165866.64720002064,-465.6579999999741,-0.002799564398749843,382,1.0
2023-10-16,165866.64720002064,165878.48920002065,11.84200000000417,7.139470291295247e-05,382,1.0
2023-10-17,165878.48920002065,165878.48920002065,0.0,0.0,383,1.0
2023-10-18,165878.48920002065,165959.0912000207,80.60200000002848,0.0004859098994014488,382,1.0
2023-10-19,165959.0912000207,166155.8262000207,196.7350000000112,0.0011854427412048008,385,1.0
2023-10-20,166155.8262000207,167002.90620002075,847.0800000000581,0.005098105912821449,390,1.0
2023-10-23,167002.90620002075,166387.95320002077,-614.9529999999893,-0.003682289212760481,397,1.0
2023-10-24,166387.95320002077,166521.9662000208,134.01300000002752,0.0008054248965905231,393,1.0
2023-10-25,166521.9662000208,167164.97420002084,643.0080000000282,0.0038614004787072,394,1.0
2023-10-26,167164.97420002084,166897.10620002088,-267.867999999953,-0.001602417021160485,401,1.0
2023-10-27,166897.10620002088,166662.3382000209,-234.7679999999764,-0.0014066630952763726,402,1.0
2023-10-30,166662.3382000209,165625.41920002093,-1036.9189999999646,-0.0062216755818912395,403,1.0
2023-10-31,165625.41920002093,165625.41920002093,0.0,0.0,397,1.0
2023-11-01,165625.41920002093,165266.75920002096,-358.6599999999797,-0.0021654888587290255,395,1.0
2023-11-02,165266.75920002096,166240.45120002097,973.6920000000096,0.005891638492296902,387,1.0
2023-11-03,166240.45120002097,165902.64520002104,-337.8059999999308,-0.0020320325020862784,383,1.0
2023-11-06,165902.64520002104,165902.64520002104,0.0,0.0,380,1.0
2023-11-07,165902.64520002104,165849.82520002106,-52.8199999999803,-0.00031837949260116183,380,1.0
2023-11-08,165849.82520002106,165849.82520002106,0.0,0.0,379,1.0
2023-11-09,165849.82520002106,166194.1832000211,344.3580000000239,0.0020763241660624043,378,1.0
2023-11-10,166194.1832000211,166880.3642000211,686.1810000000188,0.004128790712092378,381,1.0
2023-11-13,166880.3642000211,166880.3642000211,0.0,0.0,379,1.0
2023-11-14,166880.3642000211,166485.73020002115,-394.63399999994925,-0.002364771924436626,373,1.0
2023-11-15,166485.73020002115,166485.73020002115,0.0,0.0,369,1.0
2023-11-16,166485.73020002115,166485.73020002115,0.0,0.0,370,1.0
2023-11-17,166485.73020002115,166485.73020002115,0.0,0.0,369,1.0
2023-11-20,166485.73020002115,167248.08420002117,762.3540000000133,0.00457909515178323,369,1.0
2023-11-21,167248.08420002117,167248.08420002117,0.0,0.0,369,1.0
2023-11-22,167248.08420002117,167248.08420002117,0.0,0.0,367,1.0
2023-11-27,167248.08420002117,167248.08420002117,0.0,0.0,367,1.0
2023-11-28,167248.08420002117,167001.8922000212,-246.19199999997088,-0.0014720168615237617,368,1.0
2023-11-29,167001.8922000212,166400.0072000212,-601.8849999999777,-0.0036040609604536256,365,1.0
2023-11-30,166400.0072000212,166199.62220002123,-200.3849999999902,-0.001204236726739527,365,1.0
2023-12-01,166199.62220002123,166769.64620002126,570.0240000000338,0.0034297550888173767,364,1.0
2023-12-04,166769.64620002126,166675.10840002127,-94.53779999998459,-0.0005668765399106102,366,1.0
2023-12-05,166675.10840002127,166675.10840002127,0.0,0.0,366,1.0
2023-12-06,166675.10840002127,166773.4814000213,98.3730000000279,0.000590208105723411,363,1.0
2023-12-07,166773.4814000213,166376.72640002132,-396.7549999999698,-0.0023790053230844377,365,1.0
2023-12-08,166376.72640002132,166196.85990002134,-179.8664999999731,-0.0010810796912034126,363,1.0
2023-12-11,166196.85990002134,166220.68590002134,23.826000000012968,0.00014336010929638654,361,1.0
2023-12-12,166220.68590002134,166429.84590002138,209.16000000002848,0.0012583271382109462,360,1.0
2023-12-13,166429.84590002138,167497.0439000214,1067.19800000002,0.006412299393950827,358,1.0
2023-12-14,167497.0439000214,167497.0439000214,0.0,0.0,354,1.0
2023-12-15,167497.0439000214,167497.0439000214,0.0,0.0,356,1.0
2023-12-18,167497.0439000214,167490.29890002144,-6.7449999999799815,-4.0269367404421885e-05,355,1.0
2023-12-19,167490.29890002144,167696.3269000215,206.02800000004154,0.0012300891535397263,354,1.0
2023-12-20,167696.3269000215,168582.7099000215,886.3830000000103,0.005285643498491588,353,1.0
2023-12-21,168582.7099000215,168582.7099000215,0.0,0.0,357,1.0
2023-12-22,168582.7099000215,168307.9399000215,-274.76999999999856,-0.0016298824485793117,355,1.0
2023-12-26,168307.9399000215,168081.44990002154,-226.48999999996806,-0.0013456881483695504,355,1.0
2023-12-27,168081.44990002154,168081.44990002154,0.0,0.0,353,1.0
2023-12-28,168081.44990002154,168081.44990002154,0.0,0.0,352,1.0
2023-12-29,168081.44990002154,168219.08190002156,137.63200000000865,0.0008188411040117582,352,1.0
2024-01-02,168219.08190002156,168219.08190002156,0.0,0.0,356,1.0
2024-01-03,168219.08190002156,168187.6659000216,-31.415999999963788,-0.00018675645857246792,357,1.0
2024-01-04,168187.6659000216,168130.1541000216,-57.51179999998916,-0.0003419501643727729,359,1.0
2024-01-05,168130.1541000216,167976.50210002167,-153.65199999995457,-0.0009138872251822638,359,1.0
2024-01-08,167976.50210002167,169702.42010002167,1725.9180000000113,0.01027475854314619,358,1.0
2024-01-09,169702.42010002167,169702.42010002167,0.0,0.0,359,1.0
2024-01-10,169702.42010002167,169778.46110002173,76.04100000005388,0.00044808435822685233,357,1.0
2024-01-11,169778.46110002173,169856.91610002174,78.45500000002325,0.00046210219772113703,355,1.0
2024-01-12,169856.91610002174,169856.91610002174,0.0,0.0,355,1.0
2024-01-16,169856.91610002174,168886.9471000218,-969.9689999999486,-0.005710506361888634,357,1.0
2024-01-17,168886.9471000218,168886.9471000218,0.0,0.0,357,1.0
2024-01-18,168886.9471000218,169182.7831000218,295.8360000000079,0.001751680666148836,356,1.0
2024-01-19,169182.7831000218,170255.75710002182,1072.9740000000238,0.006342099239292409,354,1.0
2024-01-22,170255.75710002182,170027.99320002183,-227.76389999998742,-0.0013377750266980737,351,1.0
2024-01-23,170027.99320002183,170027.99320002183,0.0,0.0,351,1.0
2024-01-24,170027.99320002183,170027.99320002183,0.0,0.0,348,1.0
2024-01-25,170027.99320002183,170027.99320002183,0.0,0.0,348,1.0
2024-01-26,170027.99320002183,170027.99320002183,0.0,0.0,348,1.0
2024-01-29,170027.99320002183,170136.22120002183,108.22800000001408,0.0006365304792645965,348,1.0
2024-01-30,170136.22120002183,170136.22120002183,0.0,0.0,346,1.0
2024-01-31,170136.22120002183,171358.39720002186,1222.1760000000236,0.007183514429670801,348,1.0
2024-02-01,171358.39720002186,171851.5382000219,493.14100000004066,0.0028778338736701325,353,1.0
2024-02-02,171851.5382000219,173192.3882000219,1340.8500000000079,0.007802374154133984,350,1.0
2024-02-05,173192.3882000219,172930.2382000219,-262.1499999999866,-0.001513634650601614,350,1.0
2024-02-06,172930.2382000219,172930.2382000219,0.0,0.0,350,1.0
2024-02-07,172930.2382000219,172653.23020002196,-277.00799999993103,-0.0016018482532796918,348,1.0
2024-02-08,172653.23020002196,172653.23020002196,0.0,0.0,346,1.0
2024-02-09,172653.23020002196,172989.88820002202,336.65800000004907,0.0019499084935163946,346,1.0
2024-02-12,172989.88820002202,172707.33320002203,-282.5549999999845,-0.001633361365453223,345,1.0
2024-02-13,172707.33320002203,171615.66120002206,-1091.6719999999518,-0.006320936000648203,349,1.0
2024-02-14,171615.66120002206,171001.90620002206,-613.7549999999969,-0.003576334442371598,345,1.0
2024-02-15,171001.90620002206,171021.4002000221,19.49400000002845,0.00011399872921424858,342,1.0
2024-02-16,171021.4002000221,170583.1402000221,-438.25999999999397,-0.0025626032735517335,340,1.0
2024-02-20,170583.1402000221,170128.96420002214,-454.17599999996844,-0.0026624905571993596,342,1.0
2024-02-21,170128.96420002214,170128.96420002214,0.0,0.0,343,1.0
2024-02-22,170128.96420002214,170520.89520002218,391.931000000047,0.002303728832083296,337,1.0
2024-02-23,170520.89520002218,170520.89520002218,0.0,0.0,334,1.0
2024-02-26,170520.89520002218,170520.89520002218,0.0,0.0,335,1.0
2024-02-27,170520.89520002218,170520.89520002218,0.0,0.0,336,1.0
2024-02-28,170520.89520002218,170520.89520002218,0.0,0.0,337,1.0
2024-02-29,170520.89520002218,170520.89520002218,0.0,0.0,335,1.0
2024-03-01,170520.89520002218,171347.0052000222,826.1100000000234,0.004844626220328996,335,1.0
2024-03-04,171347.0052000222,171347.0052000222,0.0,0.0,334,1.0
2024-03-05,171347.0052000222,171766.0902000222,419.0850000000318,0.0024458262314581702,335,1.0
2024-03-06,171766.0902000222,171766.0902000222,0.0,0.0,336,1.0
2024-03-07,171766.0902000222,171875.3082000223,109.21800000007869,0.0006358530945944629,334,1.0
2024-03-08,171875.3082000223,170617.5672000223,-1257.7409999999718,-0.007317752696252677,333,1.0
2024-03-11,170617.5672000223,170227.12120002235,-390.4459999999736,-0.0022884278940762393,334,1.0
2024-03-12,170227.12120002235,170403.21320002235,176.09200000001624,0.001034453257263701,331,1.0
2024-03-13,170403.21320002235,170288.39220002238,-114.82099999995751,-0.0006738194535403919,329,1.0
2024-03-14,170288.39220002238,169516.55820002247,-771.8339999999198,-0.0045325109364665606,329,1.0
2024-03-15,169516.55820002247,169228.0502000225,-288.50799999996997,-0.001701945833866847,332,1.0
2024-03-18,169228.0502000225,169211.9292000225,-16.120999999972472,-9.526198511966566e-05,329,1.0
2024-03-19,169211.9292000225,169159.45920002254,-52.46999999997689,-0.0003100845209201841,330,1.0
2024-03-20,169159.45920002254,170059.03620002256,899.5770000000125,0.0053179231256368364,327,1.0
2024-03-21,170059.03620002256,170059.03620002256,0.0,0.0,324,1.0
2024-03-22,170059.03620002256,169846.48620002254,-212.55000000001567,-0.0012498600765326051,325,1.0
2024-03-25,169846.48620002254,169846.48620002254,0.0,0.0,326,1.0
2024-03-26,169846.48620002254,169846.48620002254,0.0,0.0,325,1.0
2024-03-27,169846.48620002254,169846.48620002254,0.0,0.0,325,1.0
2024-03-28,169846.48620002254,169846.48620002254,0.0,0.0,324,1.0
2024-04-01,169846.48620002254,169911.61020002258,65.12400000002711,0.00038342859753570657,324,1.0
2024-04-02,169911.61020002258,169797.8142000226,-113.79599999998246,-0.0006697364580678933,327,1.0
2024-04-03,169797.8142000226,169644.45120002265,-153.36299999995924,-0.0009032095066859869,327,1.0
2024-04-04,169644.45120002265,171251.81520002268,1607.3640000000241,0.009474898758137673,324,1.0
2024-04-05,171251.81520002268,172072.18720002272,820.3720000000218,0.004790442653362925,332,1.0
2024-04-08,172072.18720002272,172072.18720002272,0.0,0.0,331,1.0
2024-04-09,172072.18720002272,171442.87720002278,-629.3099999999516,-0.0036572441499125308,330,1.0
2024-04-10,171442.87720002278,171442.87720002278,0.0,0.0,333,1.0
2024-04-11,171442.87720002278,171393.7412000228,-49.13599999996711,-0.0002866027495714851,332,1.0
2024-04-12,171393.7412000228,171307.82720002285,-85.91399999997157,-0.0005012668455594005,333,1.0
2024-04-15,171307.82720002285,171995.39920002286,687.5720000000105,0.0040136636558771865,332,1.0
2024-04-16,171995.39920002286,171995.39920002286,0.0,0.0,340,1.0
2024-04-17,171995.39920002286,171961.83820002287,-33.560999999994756,-0.00019512731245185932,339,1.0
2024-04-18,171961.83820002287,171961.83820002287,0.0,0.0,342,1.0
2024-04-19,171961.83820002287,172010.68620002287,48.84800000000203,0.00028406302532757444,344,1.0
2024-04-22,172010.68620002287,171714.3312000229,-296.35499999999155,-0.001722887144670615,345,1.0
2024-04-23,171714.3312000229,172586.7732000229,872.442000000017,0.005080775692412942,342,1.0
2024-04-24,172586.7732000229,172464.71320002293,-122.05999999997232,-0.0007072384385939934,340,1.0
2024-04-25,172464.71320002293,171975.15820002294,-489.55499999999233,-0.0028385806633511868,345,1.0
2024-04-26,171975.15820002294,171742.265200023,-232.8929999999411,-0.0013542246591747853,339,1.0
2024-04-29,171742.265200023,171742.265200023,0.0,0.0,336,1.0
2024-04-30,171742.265200023,172493.10120002303,750.8360000000465,0.004371876655554496,337,1.0
