date,side,entry_time,exit_time,entry_price,exit_price,shares,leverage,gross_pnl,commission,net_pnl,exit_reason
2018-01-23,LONG,2018-01-23 11:00:00,2018-01-23 12:00:00,283.44599999999997,283.059,353,1.0,-136.6109999999801,2.471,-139.0819999999801,band_vwap
2018-01-26,LONG,2018-01-26 11:30:00,2018-01-26 12:00:00,284.77099999999996,284.67900000000003,351,1.0,-32.29199999997462,2.457,-34.74899999997462,band_vwap
2018-01-26,LONG,2018-01-26 12:30:00,2018-01-26 15:59:00,284.881,286.569,351,1.0,592.4880000000157,2.457,590.0310000000158,market_close
2018-01-29,SHORT,2018-01-29 11:00:00,2018-01-29 12:00:00,285.249,285.46099999999996,351,1.0,-74.41199999997622,2.457,-76.86899999997621,band_vwap
2018-01-30,SHORT,2018-01-30 10:00:00,2018-01-30 10:30:00,281.98900000000003,282.251,355,1.0,-93.00999999997998,2.485,-95.49499999997998,band_vwap
2018-01-30,SHORT,2018-01-30 12:00:00,2018-01-30 13:00:00,281.96900000000005,281.881,355,1.0,31.24000000002809,2.485,28.75500000002809,band_vwap
2018-01-30,SHORT,2018-01-30 13:30:00,2018-01-30 14:00:00,281.47400000000005,282.131,355,1.0,-233.23499999997352,2.485,-235.71999999997354,band_vwap
2018-01-30,SHORT,2018-01-30 15:00:00,2018-01-30 15:30:00,281.639,282.08099999999996,355,1.0,-156.9099999999824,2.485,-159.39499999998242,band_vwap
2018-02-01,LONG,2018-02-01 12:00:00,2018-02-01 14:00:00,282.85639999999995,282.029,355,1.0,-293.7269999999839,2.485,-296.2119999999839,band_vwap
2018-02-02,SHORT,2018-02-02 10:00:00,2018-02-02 15:59:00,279.38910000000004,275.52099999999996,355,1.0,1373.1755000000296,2.485,1370.6905000000297,market_close
2018-02-05,SHORT,2018-02-05 13:30:00,2018-02-05 14:00:00,271.519,272.65099999999995,369,1.0,-417.70799999998087,2.583,-420.2909999999809,band_vwap
2018-02-05,SHORT,2018-02-05 14:30:00,2018-02-05 15:59:00,270.90900000000005,264.181,369,1.0,2482.632000000024,2.583,2480.049000000024,market_close
2018-02-06,LONG,2018-02-06 10:00:00,2018-02-06 10:30:00,265.82099999999997,263.319,396,1.0,-990.7919999999813,2.7720000000000002,-993.5639999999813,band_vwap
2018-02-06,LONG,2018-02-06 12:30:00,2018-02-06 13:30:00,265.36589999999995,264.66900000000004,396,1.0,-275.972399999966,2.7720000000000002,-278.744399999966,band_vwap
2018-02-06,LONG,2018-02-06 15:00:00,2018-02-06 15:59:00,266.76099999999997,269.17900000000003,396,1.0,957.528000000025,2.7720000000000002,954.756000000025,market_close
2018-02-07,LONG,2018-02-07 10:00:00,2018-02-07 13:00:00,270.061,270.199,382,1.0,52.716000000012855,2.674,50.042000000012855,band_vwap
2018-02-08,SHORT,2018-02-08 10:30:00,2018-02-08 15:59:00,266.059,257.721,383,1.0,3193.4540000000084,2.681,3190.7730000000083,market_close
2018-02-09,SHORT,2018-02-09 12:30:00,2018-02-09 13:00:00,254.8392,256.361,406,1.0,-617.8507999999938,2.842,-620.6927999999938,band_vwap
2018-02-09,SHORT,2018-02-09 13:30:00,2018-02-09 14:30:00,253.989,258.731,406,1.0,-1925.251999999996,2.842,-1928.0939999999962,band_vwap
2018-02-12,LONG,2018-02-12 14:00:00,2018-02-12 15:00:00,266.311,265.91900000000004,391,1.0,-153.27199999997617,2.737,-156.00899999997617,band_vwap
2018-02-12,LONG,2018-02-12 15:30:00,2018-02-12 15:59:00,266.441,265.259,391,1.0,-462.1619999999842,2.737,-464.8989999999842,market_close
2018-02-14,LONG,2018-02-14 11:30:00,2018-02-14 12:00:00,267.39099999999996,266.959,388,1.0,-167.6159999999843,2.716,-170.3319999999843,band_vwap
2018-02-14,LONG,2018-02-14 13:00:00,2018-02-14 15:59:00,268.121,269.709,388,1.0,616.1440000000086,2.716,613.4280000000086,market_close
2018-03-01,SHORT,2018-03-01 10:00:00,2018-03-01 10:30:00,270.21900000000005,272.001,380,1.0,-677.1599999999717,2.66,-679.8199999999716,band_vwap
2018-03-01,SHORT,2018-03-01 13:30:00,2018-03-01 15:59:00,269.069,267.731,380,1.0,508.44000000000847,2.66,505.78000000000844,market_close
2018-03-05,LONG,2018-03-05 11:30:00,2018-03-05 15:59:00,270.78099999999995,272.209,384,1.0,548.3520000000208,2.688,545.6640000000208,market_close
2018-03-09,LONG,2018-03-09 10:30:00,2018-03-09 15:59:00,276.421,278.819,375,1.0,899.2500000000092,2.625,896.6250000000092,market_close
2018-03-12,LONG,2018-03-12 10:00:00,2018-03-12 10:30:00,279.566,279.384,374,1.0,-68.06799999998486,2.618,-70.68599999998486,band_vwap
2018-03-13,SHORT,2018-03-13 15:30:00,2018-03-13 15:59:00,276.48900000000003,276.691,373,1.0,-75.34599999997812,2.611,-77.95699999997812,market_close
2018-03-14,SHORT,2018-03-14 12:00:00,2018-03-14 12:30:00,275.329,275.421,375,1.0,-34.4999999999942,2.625,-37.1249999999942,band_vwap
2018-03-14,SHORT,2018-03-14 13:30:00,2018-03-14 14:00:00,275.2289,276.231,375,1.0,-375.78749999999417,2.625,-378.41249999999417,band_vwap
2018-03-19,SHORT,2018-03-19 10:00:00,2018-03-19 15:59:00,272.709,270.491,380,1.0,842.8400000000067,2.66,840.1800000000068,market_close
2018-03-22,SHORT,2018-03-22 11:00:00,2018-03-22 12:30:00,266.71900000000005,267.441,390,1.0,-281.57999999997,2.73,-284.30999999997005,band_vwap
2018-03-22,SHORT,2018-03-22 14:30:00,2018-03-22 15:59:00,266.329,263.671,390,1.0,1036.620000000006,2.73,1033.890000000006,market_close
2018-03-23,SHORT,2018-03-23 12:00:00,2018-03-23 12:30:00,261.829,263.041,399,1.0,-483.58799999999565,2.793,-486.38099999999565,band_vwap
2018-03-23,SHORT,2018-03-23 13:00:00,2018-03-23 13:30:00,262.069,263.26099999999997,399,1.0,-475.6079999999802,2.793,-478.40099999998023,band_vwap
2018-03-23,SHORT,2018-03-23 15:00:00,2018-03-23 15:59:00,260.209,258.01099999999997,399,1.0,877.0020000000143,2.793,874.2090000000143,market_close
2018-03-26,LONG,2018-03-26 10:00:00,2018-03-26 10:30:00,262.631,261.509,402,1.0,-451.0439999999828,2.814,-453.85799999998284,band_vwap
2018-03-26,LONG,2018-03-26 14:30:00,2018-03-26 15:00:00,263.481,263.589,402,1.0,43.416000000001645,2.814,40.602000000001645,band_vwap
2018-03-26,LONG,2018-03-26 15:30:00,2018-03-26 15:59:00,264.541,265.16900000000004,402,1.0,252.45600000001718,2.814,249.6420000000172,market_close
2018-03-27,SHORT,2018-03-27 15:00:00,2018-03-27 15:59:00,263.03900000000004,260.53099999999995,395,1.0,990.6600000000376,2.765,987.8950000000376,market_close
2018-03-28,LONG,2018-03-28 10:00:00,2018-03-28 10:30:00,261.221,260.509,407,1.0,-289.78399999999556,2.849,-292.63299999999555,band_vwap
2018-03-28,SHORT,2018-03-28 11:00:00,2018-03-28 11:30:00,259.769,259.59099999999995,407,1.0,72.44600000002202,2.849,69.59700000002202,band_vwap
2018-03-29,LONG,2018-03-29 11:00:00,2018-03-29 15:59:00,262.731,263.48900000000003,406,1.0,307.7480000000155,2.842,304.9060000000155,market_close
2018-04-02,SHORT,2018-04-02 10:00:00,2018-04-02 15:59:00,261.73900000000003,257.53099999999995,404,1.0,1700.0320000000338,2.828,1697.2040000000338,market_close
2018-04-04,LONG,2018-04-04 15:30:00,2018-04-04 15:59:00,263.501,263.829,420,1.0,137.76000000001318,2.94,134.82000000001318,market_close
2018-04-06,SHORT,2018-04-06 12:30:00,2018-04-06 13:00:00,261.819,263.351,410,1.0,-628.1199999999927,2.87,-630.9899999999927,band_vwap
2018-04-06,SHORT,2018-04-06 14:00:00,2018-04-06 15:59:00,260.389,259.801,410,1.0,241.08000000000914,2.87,238.21000000000913,market_close
2018-04-09,LONG,2018-04-09 10:00:00,2018-04-09 15:00:00,262.101,263.85900000000004,412,1.0,724.2960000000157,2.884,721.4120000000157,band_vwap
2018-04-12,LONG,2018-04-12 10:00:00,2018-04-12 11:00:00,266.481,265.829,408,1.0,-266.0159999999946,2.856,-268.8719999999946,band_vwap
2018-04-19,SHORT,2018-04-19 13:30:00,2018-04-19 14:00:00,267.759,268.291,401,1.0,-213.3319999999929,2.807,-216.13899999999288,band_vwap
2018-04-20,SHORT,2018-04-20 11:00:00,2018-04-20 14:30:00,267.459,266.851,401,1.0,243.80800000000164,2.807,241.00100000000165,band_vwap
2018-04-20,SHORT,2018-04-20 15:00:00,2018-04-20 15:59:00,266.54900000000004,266.631,401,1.0,-32.88199999997465,2.807,-35.688999999974655,market_close
2018-04-24,SHORT,2018-04-24 12:30:00,2018-04-24 15:59:00,264.899,263.03099999999995,404,1.0,754.672000000021,2.828,751.844000000021,market_close
2018-04-25,SHORT,2018-04-25 10:00:00,2018-04-25 10:30:00,261.04900000000004,262.03099999999995,414,1.0,-406.5479999999644,2.898,-409.44599999996444,band_vwap
2018-04-26,LONG,2018-04-26 11:00:00,2018-04-26 11:30:00,265.981,265.47900000000004,409,1.0,-205.31799999998066,2.863,-208.18099999998066,band_vwap
2018-04-26,LONG,2018-04-26 13:30:00,2018-04-26 15:30:00,266.421,266.459,409,1.0,15.542000000004464,2.863,12.679000000004464,band_vwap
2018-04-30,SHORT,2018-04-30 15:30:00,2018-04-30 15:59:00,264.934,264.45099999999996,405,1.0,195.61500000002468,2.835,192.78000000002467,market_close
2018-05-01,SHORT,2018-05-01 11:00:00,2018-05-01 12:30:00,262.96900000000005,263.101,411,1.0,-54.25199999997869,2.8770000000000002,-57.128999999978696,band_vwap
2018-05-01,SHORT,2018-05-01 13:30:00,2018-05-01 14:00:00,262.319,263.666,411,1.0,-553.6169999999918,2.8770000000000002,-556.4939999999917,band_vwap
2018-05-02,SHORT,2018-05-02 10:00:00,2018-05-02 10:30:00,264.149,264.27099999999996,407,1.0,-49.6539999999826,2.849,-52.502999999982606,band_vwap
2018-05-03,SHORT,2018-05-03 10:30:00,2018-05-03 12:00:00,260.46900000000005,260.51099999999997,411,1.0,-17.26199999996561,2.8770000000000002,-20.13899999996561,band_vwap
2018-05-03,SHORT,2018-05-03 12:30:00,2018-05-03 13:00:00,260.029,262.58099999999996,411,1.0,-1048.8719999999853,2.8770000000000002,-1051.7489999999852,band_vwap
2018-05-04,LONG,2018-05-04 10:30:00,2018-05-04 15:59:00,263.751,265.999,408,1.0,917.1840000000193,2.856,914.3280000000193,market_close
2018-05-07,LONG,2018-05-07 10:00:00,2018-05-07 10:30:00,267.741,267.41400000000004,403,1.0,-131.78099999997636,2.821,-134.60199999997636,band_vwap
2018-05-09,LONG,2018-05-09 13:00:00,2018-05-09 15:30:00,269.046,269.309,401,1.0,105.4630000000135,2.807,102.65600000001349,band_vwap
2018-05-10,LONG,2018-05-10 11:30:00,2018-05-10 14:00:00,271.40099999999995,271.72900000000004,398,1.0,130.5440000000351,2.786,127.75800000003511,band_vwap
2018-05-11,LONG,2018-05-11 10:00:00,2018-05-11 10:30:00,272.731,272.74580000000003,396,1.0,5.860800000014478,2.7720000000000002,3.088800000014478,band_vwap
2018-05-11,LONG,2018-05-11 11:00:00,2018-05-11 11:30:00,273.121,272.589,396,1.0,-210.67199999999298,2.7720000000000002,-213.44399999999297,band_vwap
2018-05-15,SHORT,2018-05-15 10:00:00,2018-05-15 11:00:00,270.34900000000005,270.941,396,1.0,-234.43199999997137,2.7720000000000002,-237.20399999997136,band_vwap
2018-05-15,SHORT,2018-05-15 14:00:00,2018-05-15 14:30:00,270.10900000000004,270.611,396,1.0,-198.79199999998127,2.7720000000000002,-201.56399999998126,band_vwap
2018-05-15,SHORT,2018-05-15 15:30:00,2018-05-15 15:59:00,270.21900000000005,271.03099999999995,396,1.0,-321.55199999995966,2.7720000000000002,-324.32399999995965,market_close
2018-05-16,LONG,2018-05-16 10:00:00,2018-05-16 10:30:00,271.83099999999996,271.54900000000004,394,1.0,-111.10799999997062,2.758,-113.86599999997061,band_vwap
2018-05-16,LONG,2018-05-16 12:30:00,2018-05-16 15:30:00,272.376,272.16900000000004,394,1.0,-81.5579999999751,2.758,-84.31599999997509,band_vwap
2018-05-17,LONG,2018-05-17 11:00:00,2018-05-17 11:30:00,273.14099999999996,272.90900000000005,392,1.0,-90.94399999996631,2.744,-93.68799999996631,band_vwap
2018-05-24,SHORT,2018-05-24 10:00:00,2018-05-24 11:30:00,271.874,271.916,390,1.0,-16.379999999989536,2.73,-19.109999999989537,band_vwap
2018-05-29,SHORT,2018-05-29 12:00:00,2018-05-29 15:59:00,268.91900000000004,269.101,394,1.0,-71.70799999998405,2.758,-74.46599999998405,market_close
2018-05-30,LONG,2018-05-30 11:00:00,2018-05-30 15:59:00,271.76099999999997,272.579,393,1.0,321.4740000000159,2.751,318.72300000001593,market_close
2018-05-31,SHORT,2018-05-31 11:00:00,2018-05-31 11:30:00,271.199,271.871,392,1.0,-263.4239999999877,2.744,-266.1679999999877,band_vwap
2018-05-31,SHORT,2018-05-31 12:30:00,2018-05-31 13:00:00,271.41900000000004,271.64099999999996,392,1.0,-87.02399999996987,2.744,-89.76799999996987,band_vwap
2018-05-31,SHORT,2018-05-31 13:30:00,2018-05-31 15:59:00,271.35900000000004,270.741,392,1.0,242.25600000002032,2.744,239.51200000002032,market_close
2018-06-01,LONG,2018-06-01 10:00:00,2018-06-01 15:59:00,272.95099999999996,273.649,391,1.0,272.91800000001405,2.737,270.181000000014,market_close
2018-06-04,LONG,2018-06-04 10:00:00,2018-06-04 10:30:00,275.036,274.50910000000005,389,1.0,-204.96409999998252,2.723,-207.68709999998254,band_vwap
2018-06-06,LONG,2018-06-06 14:30:00,2018-06-06 15:59:00,276.621,277.499,386,1.0,338.9080000000165,2.702,336.2060000000165,market_close
2018-06-07,SHORT,2018-06-07 13:30:00,2018-06-07 14:30:00,276.809,277.02099999999996,385,1.0,-81.61999999997391,2.695,-84.3149999999739,band_vwap
2018-06-11,LONG,2018-06-11 12:00:00,2018-06-11 14:00:00,279.09099999999995,279.149,384,1.0,22.272000000019034,2.688,19.584000000019035,band_vwap
2018-06-15,SHORT,2018-06-15 10:30:00,2018-06-15 11:00:00,276.10900000000004,276.21599999999995,386,1.0,-41.301999999966824,2.702,-44.00399999996682,band_vwap
2018-06-15,SHORT,2018-06-15 11:30:00,2018-06-15 12:00:00,276.019,276.351,386,1.0,-128.15199999999754,2.702,-130.85399999999754,band_vwap
2018-06-21,SHORT,2018-06-21 10:00:00,2018-06-21 12:00:00,275.509,275.041,387,1.0,181.11600000000686,2.709,178.40700000000686,band_vwap
2018-06-21,SHORT,2018-06-21 12:30:00,2018-06-21 14:00:00,274.589,274.89099999999996,387,1.0,-116.8739999999861,2.709,-119.5829999999861,band_vwap
2018-06-21,SHORT,2018-06-21 14:30:00,2018-06-21 15:59:00,274.71900000000005,274.231,387,1.0,188.85600000002182,2.709,186.14700000002182,market_close
2018-06-25,SHORT,2018-06-25 10:00:00,2018-06-25 15:59:00,272.019,271.01099999999997,391,1.0,394.12800000001494,2.737,391.3910000000149,market_close
2018-06-26,LONG,2018-06-26 13:30:00,2018-06-26 14:00:00,272.431,272.35900000000004,395,1.0,-28.439999999978625,2.765,-31.204999999978625,band_vwap
2018-06-27,LONG,2018-06-27 10:00:00,2018-06-27 11:30:00,273.28099999999995,272.279,394,1.0,-394.78799999998137,2.758,-397.54599999998135,band_vwap
2018-06-27,SHORT,2018-06-27 14:30:00,2018-06-27 15:59:00,270.47900000000004,269.27099999999996,394,1.0,475.95200000003297,2.758,473.194000000033,market_close
2018-06-28,LONG,2018-06-28 11:00:00,2018-06-28 12:30:00,269.931,269.42900000000003,399,1.0,-200.29799999998113,2.793,-203.09099999998114,band_vwap
2018-06-28,LONG,2018-06-28 13:30:00,2018-06-28 15:59:00,270.186,270.949,399,1.0,304.4370000000134,2.793,301.6440000000134,market_close
2018-06-29,LONG,2018-06-29 10:00:00,2018-06-29 12:00:00,272.756,272.92400000000004,395,1.0,66.36000000002497,2.765,63.59500000002497,band_vwap
2018-06-29,LONG,2018-06-29 12:30:00,2018-06-29 13:00:00,273.171,272.839,395,1.0,-131.13999999999749,2.765,-133.90499999999747,band_vwap
2018-06-29,LONG,2018-06-29 13:30:00,2018-06-29 14:00:00,273.041,272.949,395,1.0,-36.33999999999389,2.765,-39.10499999999389,band_vwap
2018-07-06,LONG,2018-07-06 10:00:00,2018-07-06 15:59:00,273.721,275.369,393,1.0,647.6640000000097,2.751,644.9130000000097,market_close
2018-07-09,LONG,2018-07-09 12:00:00,2018-07-09 13:30:00,277.501,277.34900000000005,390,1.0,-59.27999999997269,2.73,-62.009999999972685,band_vwap
2018-07-12,LONG,2018-07-12 13:00:00,2018-07-12 14:00:00,279.181,278.92780000000005,388,1.0,-98.24159999997505,2.716,-100.95759999997505,band_vwap
2018-07-17,LONG,2018-07-17 12:00:00,2018-07-17 15:00:00,280.186,280.34900000000005,387,1.0,63.08100000002622,2.709,60.37200000002622,band_vwap
2018-07-17,LONG,2018-07-17 15:30:00,2018-07-17 15:59:00,280.751,280.499,387,1.0,-97.5239999999817,2.709,-100.2329999999817,market_close
2018-07-19,SHORT,2018-07-19 10:00:00,2018-07-19 10:30:00,279.769,279.89099999999996,385,1.0,-46.96999999998354,2.695,-49.66499999998354,band_vwap
2018-07-24,LONG,2018-07-24 10:30:00,2018-07-24 11:00:00,282.411,282.249,382,1.0,-61.88399999999149,2.674,-64.5579999999915,band_vwap
2018-07-25,LONG,2018-07-25 10:00:00,2018-07-25 10:30:00,281.881,281.649,383,1.0,-88.85599999998885,2.681,-91.53699999998885,band_vwap
2018-07-25,LONG,2018-07-25 13:00:00,2018-07-25 13:30:00,282.431,282.129,383,1.0,-115.66599999998624,2.681,-118.34699999998624,band_vwap
2018-07-25,LONG,2018-07-25 14:00:00,2018-07-25 15:59:00,282.52599999999995,284.129,383,1.0,613.9490000000251,2.681,611.268000000025,market_close
2018-07-27,SHORT,2018-07-27 11:30:00,2018-07-27 15:59:00,282.67400000000004,281.46099999999996,381,1.0,462.15300000003015,2.6670000000000003,459.4860000000302,market_close
2018-07-30,SHORT,2018-07-30 10:00:00,2018-07-30 10:30:00,280.91900000000004,281.161,386,1.0,-93.41199999998526,2.702,-96.11399999998525,band_vwap
2018-07-30,SHORT,2018-07-30 11:00:00,2018-07-30 14:00:00,280.589,280.481,386,1.0,41.68800000000158,2.702,38.98600000000158,band_vwap
2018-07-30,SHORT,2018-07-30 14:30:00,2018-07-30 15:59:00,280.269,279.89099999999996,386,1.0,145.9080000000165,2.702,143.2060000000165,market_close
2018-07-31,LONG,2018-07-31 12:00:00,2018-07-31 14:30:00,281.601,281.55400000000003,387,1.0,-18.188999999987857,2.709,-20.897999999987857,band_vwap
2018-08-02,LONG,2018-08-02 12:30:00,2018-08-02 13:00:00,281.751,281.79900000000004,389,1.0,18.67200000002282,2.723,15.94900000002282,band_vwap
2018-08-02,LONG,2018-08-02 13:30:00,2018-08-02 15:59:00,282.07099999999997,282.339,389,1.0,104.25200000001132,2.723,101.52900000001132,market_close
2018-08-03,LONG,2018-08-03 10:30:00,2018-08-03 11:00:00,283.0668,282.73900000000003,385,1.0,-126.20299999998764,2.695,-128.89799999998763,band_vwap
2018-08-06,LONG,2018-08-06 12:30:00,2018-08-06 14:00:00,284.691,284.459,383,1.0,-88.85599999998885,2.681,-91.53699999998885,band_vwap
2018-08-06,LONG,2018-08-06 15:00:00,2018-08-06 15:30:00,284.681,284.639,383,1.0,-16.085999999989724,2.681,-18.766999999989725,band_vwap
2018-08-13,LONG,2018-08-13 10:00:00,2018-08-13 11:00:00,283.90099999999995,283.78650000000005,383,1.0,-43.85349999996447,2.681,-46.53449999996447,band_vwap
2018-08-13,SHORT,2018-08-13 12:00:00,2018-08-13 13:30:00,282.41900000000004,282.53099999999995,383,1.0,-42.89599999996534,2.681,-45.57699999996534,band_vwap
2018-08-14,LONG,2018-08-14 11:00:00,2018-08-14 12:00:00,283.741,283.589,383,1.0,-58.21599999999495,2.681,-60.89699999999495,band_vwap
2018-08-14,LONG,2018-08-14 12:30:00,2018-08-14 13:00:00,283.991,283.66900000000004,383,1.0,-123.32599999997927,2.681,-126.00699999997927,band_vwap
2018-08-14,LONG,2018-08-14 14:00:00,2018-08-14 14:30:00,284.051,283.85900000000004,383,1.0,-73.53599999998102,2.681,-76.21699999998101,band_vwap
2018-08-14,LONG,2018-08-14 15:00:00,2018-08-14 15:59:00,284.006,283.85900000000004,383,1.0,-56.30099999997492,2.681,-58.98199999997492,market_close
2018-08-15,SHORT,2018-08-15 10:00:00,2018-08-15 12:30:00,281.34400000000005,281.33099999999996,383,1.0,4.9790000000346595,2.681,2.2980000000346594,band_vwap
2018-08-15,SHORT,2018-08-15 13:30:00,2018-08-15 15:00:00,281.2228,281.256,383,1.0,-12.715599999986694,2.681,-15.396599999986694,band_vwap
2018-08-16,LONG,2018-08-16 11:00:00,2018-08-16 14:30:00,283.95099999999996,284.274,381,1.0,123.06300000001369,2.6670000000000003,120.39600000001369,band_vwap
2018-08-16,LONG,2018-08-16 15:30:00,2018-08-16 15:59:00,284.441,284.09900000000005,381,1.0,-130.30199999997245,2.6670000000000003,-132.96899999997245,market_close
2018-08-17,LONG,2018-08-17 14:30:00,2018-08-17 15:59:00,285.191,285.019,381,1.0,-65.53199999998805,2.6670000000000003,-68.19899999998805,market_close
2018-08-21,LONG,2018-08-21 10:00:00,2018-08-21 10:30:00,286.83099999999996,286.67400000000004,377,1.0,-59.188999999971884,2.6390000000000002,-61.82799999997189,band_vwap
2018-08-21,LONG,2018-08-21 12:00:00,2018-08-21 14:00:00,286.971,287.10900000000004,377,1.0,52.02600000001269,2.6390000000000002,49.387000000012684,band_vwap
2018-08-23,LONG,2018-08-23 10:30:00,2018-08-23 11:00:00,286.86969999999997,286.369,377,1.0,-188.76389999997662,2.6390000000000002,-191.40289999997663,band_vwap
2018-08-24,LONG,2018-08-24 11:00:00,2018-08-24 15:59:00,287.20099999999996,287.499,376,1.0,112.04800000002206,2.632,109.41600000002205,market_close
2018-08-27,LONG,2018-08-27 10:00:00,2018-08-27 15:59:00,289.311,289.71900000000005,373,1.0,152.18400000002697,2.611,149.57300000002698,market_close
2018-08-29,LONG,2018-08-29 11:00:00,2018-08-29 15:59:00,290.881,291.46900000000005,372,1.0,218.73600000002943,2.604,216.13200000002942,market_close
2018-08-30,SHORT,2018-08-30 15:00:00,2018-08-30 15:59:00,290.089,290.241,372,1.0,-56.543999999995094,2.604,-59.14799999999509,market_close
2018-09-04,SHORT,2018-09-04 10:00:00,2018-09-04 10:30:00,289.269,289.681,373,1.0,-153.6759999999917,2.611,-156.28699999999168,band_vwap
2018-09-04,SHORT,2018-09-04 12:30:00,2018-09-04 13:00:00,288.96900000000005,289.26099999999997,373,1.0,-108.91599999996879,2.611,-111.5269999999688,band_vwap
2018-09-05,SHORT,2018-09-05 10:00:00,2018-09-05 12:00:00,288.869,288.69599999999997,373,1.0,64.52900000002188,2.611,61.918000000021884,band_vwap
2018-09-06,LONG,2018-09-06 10:00:00,2018-09-06 10:30:00,289.46099999999996,288.6591,373,1.0,-299.10869999997476,2.611,-301.71969999997475,band_vwap
2018-09-06,SHORT,2018-09-06 11:00:00,2018-09-06 15:30:00,287.73900000000003,288.556,373,1.0,-304.7409999999815,2.611,-307.3519999999815,band_vwap
2018-09-11,LONG,2018-09-11 12:00:00,2018-09-11 15:59:00,289.39099999999996,289.10900000000004,374,1.0,-105.46799999997211,2.618,-108.0859999999721,market_close
2018-09-13,LONG,2018-09-13 10:00:00,2018-09-13 10:30:00,290.676,290.459,369,1.0,-80.0729999999943,2.583,-82.6559999999943,band_vwap
2018-09-17,SHORT,2018-09-17 10:00:00,2018-09-17 10:30:00,290.47900000000004,290.3395,369,1.0,51.475500000020304,2.583,48.892500000020306,band_vwap
2018-09-17,SHORT,2018-09-17 11:00:00,2018-09-17 12:00:00,289.829,290.171,369,1.0,-126.1979999999943,2.583,-128.7809999999943,band_vwap
2018-09-17,SHORT,2018-09-17 13:30:00,2018-09-17 15:59:00,289.839,289.34099999999995,369,1.0,183.76200000001745,2.583,181.17900000001745,market_close
2018-09-18,LONG,2018-09-18 10:00:00,2018-09-18 15:59:00,290.28099999999995,290.899,370,1.0,228.66000000001918,2.59,226.07000000001918,market_close
2018-09-20,LONG,2018-09-20 12:00:00,2018-09-20 15:59:00,293.46599999999995,293.54900000000004,367,1.0,30.461000000030708,2.569,27.89200000003071,market_close
2018-09-21,SHORT,2018-09-21 15:00:00,2018-09-21 15:59:00,292.199,292.01099999999997,367,1.0,68.99600000001652,2.569,66.42700000001652,market_close
2018-09-26,LONG,2018-09-26 14:30:00,2018-09-26 15:00:00,291.941,291.389,370,1.0,-204.2399999999867,2.59,-206.8299999999867,band_vwap
2018-09-27,LONG,2018-09-27 10:30:00,2018-09-27 14:30:00,291.191,291.21900000000005,370,1.0,10.360000000028435,2.59,7.7700000000284355,band_vwap
2018-10-01,LONG,2018-10-01 10:00:00,2018-10-01 11:00:00,292.57599999999996,292.67900000000003,368,1.0,37.9040000000241,2.576,35.3280000000241,band_vwap
2018-10-04,SHORT,2018-10-04 10:00:00,2018-10-04 15:59:00,290.72900000000004,289.471,369,1.0,464.2020000000141,2.583,461.61900000001407,market_close
2018-10-05,SHORT,2018-10-05 11:30:00,2018-10-05 15:59:00,288.16900000000004,287.89099999999996,372,1.0,103.41600000002859,2.604,100.81200000002859,market_close
2018-10-08,SHORT,2018-10-08 12:00:00,2018-10-08 12:30:00,286.13570000000004,286.491,376,1.0,-133.59279999997852,2.632,-136.22479999997853,band_vwap
2018-10-08,SHORT,2018-10-08 13:00:00,2018-10-08 14:00:00,285.589,286.3837,376,1.0,-298.80719999999155,2.632,-301.43919999999156,band_vwap
2018-10-09,LONG,2018-10-09 10:30:00,2018-10-09 11:00:00,288.51099999999997,288.019,374,1.0,-184.0079999999857,2.618,-186.6259999999857,band_vwap
2018-10-10,SHORT,2018-10-10 10:00:00,2018-10-10 15:59:00,284.73400000000004,278.171,374,1.0,2454.5620000000167,2.618,2451.944000000017,market_close
2018-10-11,LONG,2018-10-11 10:00:00,2018-10-11 10:30:00,278.77099999999996,277.249,396,1.0,-602.7119999999741,2.7720000000000002,-605.4839999999741,band_vwap
2018-10-11,SHORT,2018-10-11 11:00:00,2018-10-11 12:00:00,275.809,276.101,396,1.0,-115.63199999998938,2.7720000000000002,-118.40399999998938,band_vwap
2018-10-11,SHORT,2018-10-11 14:00:00,2018-10-11 15:59:00,275.96900000000005,272.251,396,1.0,1472.3280000000295,2.7720000000000002,1469.5560000000296,market_close
2018-10-16,LONG,2018-10-16 11:00:00,2018-10-16 15:59:00,278.07099999999997,280.29900000000004,400,1.0,891.2000000000262,2.8000000000000003,888.4000000000262,market_close
2018-10-17,SHORT,2018-10-17 10:00:00,2018-10-17 11:30:00,279.139,279.231,397,1.0,-36.52399999999386,2.779,-39.30299999999386,band_vwap
2018-10-18,SHORT,2018-10-18 10:00:00,2018-10-18 10:30:00,278.71900000000005,279.171,399,1.0,-180.3479999999766,2.793,-183.1409999999766,band_vwap
2018-10-18,SHORT,2018-10-18 11:30:00,2018-10-18 15:59:00,278.22900000000004,276.471,399,1.0,701.4420000000152,2.793,698.6490000000152,market_close
2018-10-19,LONG,2018-10-19 10:00:00,2018-10-19 11:30:00,278.45099999999996,277.939,404,1.0,-206.84799999997722,2.828,-209.67599999997722,band_vwap
2018-10-22,SHORT,2018-10-22 10:00:00,2018-10-22 11:00:00,275.35900000000004,276.381,403,1.0,-411.8659999999736,2.821,-414.68699999997364,band_vwap
2018-10-23,SHORT,2018-10-23 10:30:00,2018-10-23 11:00:00,269.47900000000004,269.95099999999996,411,1.0,-193.9919999999684,2.8770000000000002,-196.86899999996842,band_vwap
2018-10-24,SHORT,2018-10-24 10:30:00,2018-10-24 12:00:00,272.189,271.991,407,1.0,80.58600000001462,2.849,77.73700000001462,band_vwap
2018-10-24,SHORT,2018-10-24 12:30:00,2018-10-24 15:59:00,271.399,265.221,407,1.0,2514.445999999999,2.849,2511.596999999999,market_close
2018-10-25,LONG,2018-10-25 10:30:00,2018-10-25 15:59:00,268.71099999999996,270.139,425,1.0,606.900000000023,2.975,603.925000000023,market_close
2018-10-26,SHORT,2018-10-26 10:30:00,2018-10-26 11:30:00,264.399,265.07099999999997,430,1.0,-288.9599999999865,3.0100000000000002,-291.9699999999865,band_vwap
2018-10-29,SHORT,2018-10-29 15:30:00,2018-10-29 15:59:00,262.48900000000003,263.801,424,1.0,-556.2879999999809,2.968,-559.2559999999809,market_close
2018-10-30,LONG,2018-10-30 10:00:00,2018-10-30 11:00:00,266.70099999999996,264.59900000000005,430,1.0,-903.859999999965,3.0100000000000002,-906.869999999965,band_vwap
2018-10-30,LONG,2018-10-30 11:30:00,2018-10-30 13:00:00,265.861,264.689,430,1.0,-503.9599999999865,3.0100000000000002,-506.9699999999865,band_vwap
2018-10-30,LONG,2018-10-30 15:30:00,2018-10-30 15:59:00,267.111,267.809,430,1.0,300.14000000001545,3.0100000000000002,297.13000000001546,market_close
2018-10-31,LONG,2018-10-31 10:30:00,2018-10-31 11:00:00,271.991,271.47900000000004,415,1.0,-212.4799999999766,2.9050000000000002,-215.3849999999766,band_vwap
2018-10-31,LONG,2018-10-31 14:30:00,2018-10-31 15:00:00,272.911,272.85900000000004,415,1.0,-21.57999999998509,2.9050000000000002,-24.484999999985092,band_vwap
2018-11-02,SHORT,2018-11-02 11:30:00,2018-11-02 14:30:00,271.839,272.191,408,1.0,-143.61599999998998,2.856,-146.47199999998998,band_vwap
2018-11-06,LONG,2018-11-06 10:00:00,2018-11-06 10:30:00,274.59099999999995,274.259,410,1.0,-136.11999999997408,2.87,-138.9899999999741,band_vwap
2018-11-07,LONG,2018-11-07 12:00:00,2018-11-07 14:00:00,279.39099999999996,279.23900000000003,403,1.0,-61.25599999997178,2.821,-64.07699999997178,band_vwap
2018-11-07,LONG,2018-11-07 14:30:00,2018-11-07 15:00:00,279.981,280.069,403,1.0,35.46400000000898,2.821,32.64300000000898,band_vwap
2018-11-07,LONG,2018-11-07 15:30:00,2018-11-07 15:59:00,280.64349999999996,280.91900000000004,403,1.0,111.02650000003189,2.821,108.20550000003189,market_close
2018-11-09,SHORT,2018-11-09 12:00:00,2018-11-09 15:00:00,277.139,277.566,401,1.0,-171.2269999999856,2.807,-174.03399999998558,band_vwap
2018-11-12,SHORT,2018-11-12 10:00:00,2018-11-12 15:59:00,275.6091,272.491,403,1.0,1256.5943000000107,2.821,1253.7733000000107,market_close
2018-11-14,SHORT,2018-11-14 13:00:00,2018-11-14 15:00:00,270.22900000000004,271.361,412,1.0,-466.38399999997864,2.884,-469.26799999997866,band_vwap
2018-11-15,LONG,2018-11-15 13:30:00,2018-11-15 15:30:00,271.8209,271.74150000000003,419,1.0,-33.268599999984986,2.9330000000000003,-36.201599999984985,band_vwap
2018-11-19,SHORT,2018-11-19 10:30:00,2018-11-19 15:59:00,271.28900000000004,269.121,412,1.0,893.216000000026,2.884,890.332000000026,market_close
2018-11-20,SHORT,2018-11-20 10:00:00,2018-11-20 10:30:00,264.60920000000004,265.02599999999995,427,1.0,-177.97359999996144,2.989,-180.96259999996144,band_vwap
2018-11-26,LONG,2018-11-26 10:00:00,2018-11-26 11:30:00,267.181,266.65900000000005,426,1.0,-222.3719999999721,2.982,-225.3539999999721,band_vwap
2018-11-28,LONG,2018-11-28 12:30:00,2018-11-28 15:59:00,272.351,274.48900000000003,419,1.0,895.8220000000141,2.9330000000000003,892.8890000000141,market_close
2018-11-30,LONG,2018-11-30 15:30:00,2018-11-30 15:59:00,275.88599999999997,275.759,416,1.0,-52.831999999980326,2.912,-55.743999999980325,market_close
2018-12-04,SHORT,2018-12-04 10:00:00,2018-12-04 10:30:00,277.759,277.59099999999995,409,1.0,68.71200000002585,2.863,65.84900000002585,band_vwap
2018-12-04,SHORT,2018-12-04 11:30:00,2018-12-04 15:59:00,277.04900000000004,270.491,409,1.0,2682.22200000002,2.863,2679.3590000000204,market_close
2018-12-06,SHORT,2018-12-06 10:00:00,2018-12-06 10:30:00,265.069,265.861,438,1.0,-346.89599999998825,3.0660000000000003,-349.9619999999882,band_vwap
2018-12-06,SHORT,2018-12-06 11:00:00,2018-12-06 12:00:00,264.259,264.861,438,1.0,-263.67599999998924,3.0660000000000003,-266.7419999999892,band_vwap
2018-12-07,SHORT,2018-12-07 10:30:00,2018-12-07 15:59:00,268.269,263.65099999999995,430,1.0,1985.7400000000223,3.0100000000000002,1982.7300000000223,market_close
2018-12-10,SHORT,2018-12-10 10:00:00,2018-12-10 13:00:00,261.65900000000005,262.291,448,1.0,-283.1359999999768,3.136,-286.2719999999768,band_vwap
2018-12-14,SHORT,2018-12-14 12:00:00,2018-12-14 12:30:00,261.22560000000004,261.92109999999997,447,1.0,-310.88849999996626,3.129,-314.0174999999663,band_vwap
2018-12-14,SHORT,2018-12-14 15:00:00,2018-12-14 15:59:00,260.73400000000004,260.491,447,1.0,108.62100000002317,3.129,105.49200000002317,market_close
2018-12-17,SHORT,2018-12-17 10:00:00,2018-12-17 10:30:00,258.439,258.851,453,1.0,-186.6359999999899,3.1710000000000003,-189.8069999999899,band_vwap
2018-12-17,SHORT,2018-12-17 13:00:00,2018-12-17 15:59:00,257.65900000000005,255.281,453,1.0,1077.2340000000195,3.1710000000000003,1074.0630000000194,market_close
2018-12-18,LONG,2018-12-18 10:00:00,2018-12-18 10:30:00,257.78099999999995,257.449,460,1.0,-152.71999999997092,3.22,-155.93999999997092,band_vwap
2018-12-19,LONG,2018-12-19 10:00:00,2018-12-19 13:30:00,256.911,257.139,463,1.0,105.564000000004,3.241,102.323000000004,band_vwap
2018-12-19,LONG,2018-12-19 14:00:00,2018-12-19 14:30:00,258.871,256.309,463,1.0,-1186.2059999999792,3.241,-1189.4469999999792,band_vwap
2018-12-19,SHORT,2018-12-19 15:00:00,2018-12-19 15:59:00,252.239,251.201,463,1.0,480.59400000000505,3.241,477.35300000000507,market_close
2018-12-20,SHORT,2018-12-20 12:00:00,2018-12-20 12:30:00,247.659,249.0311,470,1.0,-644.8870000000081,3.29,-648.1770000000081,band_vwap
2018-12-20,SHORT,2018-12-20 13:30:00,2018-12-20 15:00:00,247.674,247.921,470,1.0,-116.08999999999327,3.29,-119.37999999999327,band_vwap
2018-12-21,LONG,2018-12-21 10:30:00,2018-12-21 11:00:00,248.481,247.209,473,1.0,-601.6559999999959,3.311,-604.9669999999959,band_vwap
2018-12-21,SHORT,2018-12-21 12:30:00,2018-12-21 15:59:00,243.529,240.691,473,1.0,1342.373999999997,3.311,1339.0629999999971,market_close
2018-12-26,SHORT,2018-12-26 10:30:00,2018-12-26 11:30:00,235.144,236.501,498,1.0,-675.7859999999996,3.486,-679.2719999999996,band_vwap
2018-12-27,SHORT,2018-12-27 10:30:00,2018-12-27 11:00:00,240.989,241.631,482,1.0,-309.443999999998,3.374,-312.81799999999805,band_vwap
2018-12-27,SHORT,2018-12-27 14:30:00,2018-12-27 15:00:00,239.829,242.066,482,1.0,-1078.2339999999974,3.374,-1081.6079999999974,band_vwap
2019-01-03,SHORT,2019-01-03 10:00:00,2019-01-03 12:00:00,247.179,247.1125,465,1.0,30.922499999995665,3.255,27.667499999995666,band_vwap
2019-01-03,SHORT,2019-01-03 12:30:00,2019-01-03 13:00:00,246.619,247.031,465,1.0,-191.58000000000285,3.255,-194.83500000000285,band_vwap
2019-01-03,SHORT,2019-01-03 13:30:00,2019-01-03 14:30:00,245.709,246.30100000000002,465,1.0,-275.280000000006,3.255,-278.535000000006,band_vwap
2019-01-03,SHORT,2019-01-03 15:00:00,2019-01-03 15:59:00,244.899,244.131,465,1.0,357.12000000000035,3.255,353.86500000000035,market_close
2019-01-04,LONG,2019-01-04 10:00:00,2019-01-04 15:59:00,249.126,252.469,466,1.0,1557.837999999995,3.262,1554.575999999995,market_close
2019-01-07,LONG,2019-01-07 11:30:00,2019-01-07 14:00:00,254.041,254.839,463,1.0,369.47400000000084,3.241,366.23300000000086,band_vwap
2019-01-15,LONG,2019-01-15 10:00:00,2019-01-15 10:30:00,259.14099999999996,258.96900000000005,455,1.0,-78.25999999995986,3.185,-81.44499999995986,band_vwap
2019-01-15,LONG,2019-01-15 11:00:00,2019-01-15 13:30:00,259.53099999999995,260.079,455,1.0,249.3400000000267,3.185,246.1550000000267,band_vwap
2019-01-18,LONG,2019-01-18 12:30:00,2019-01-18 13:00:00,266.801,266.72900000000004,443,1.0,-31.895999999976027,3.101,-34.996999999976026,band_vwap
2019-01-22,SHORT,2019-01-22 12:00:00,2019-01-22 13:00:00,262.879,262.941,443,1.0,-27.465999999980056,3.101,-30.566999999980055,band_vwap
2019-01-22,SHORT,2019-01-22 13:30:00,2019-01-22 15:59:00,262.209,262.931,443,1.0,-319.84599999999114,3.101,-322.94699999999114,market_close
2019-01-28,SHORT,2019-01-28 10:00:00,2019-01-28 10:30:00,262.709,263.241,444,1.0,-236.20799999999213,3.108,-239.31599999999213,band_vwap
2019-01-29,SHORT,2019-01-29 11:00:00,2019-01-29 11:30:00,262.72900000000004,263.051,443,1.0,-142.64599999997603,3.101,-145.74699999997603,band_vwap
2019-01-30,LONG,2019-01-30 14:30:00,2019-01-30 15:59:00,267.471,267.589,440,1.0,51.9199999999978,3.08,48.8399999999978,market_close
2019-01-31,LONG,2019-01-31 10:30:00,2019-01-31 15:59:00,269.061,269.889,436,1.0,361.0080000000137,3.052,357.95600000001366,market_close
2019-02-01,LONG,2019-02-01 10:30:00,2019-02-01 11:00:00,270.991,270.139,433,1.0,-368.91599999998937,3.031,-371.9469999999894,band_vwap
2019-02-04,LONG,2019-02-04 14:00:00,2019-02-04 15:00:00,271.39099999999996,271.40900000000005,432,1.0,7.776000000037129,3.024,4.752000000037129,band_vwap
2019-02-07,SHORT,2019-02-07 11:00:00,2019-02-07 15:59:00,269.879,270.191,431,1.0,-134.4719999999806,3.017,-137.4889999999806,market_close
2019-02-12,LONG,2019-02-12 10:00:00,2019-02-12 15:59:00,273.02099999999996,274.119,428,1.0,469.94400000003,2.996,466.94800000003,market_close
2019-02-13,LONG,2019-02-13 10:00:00,2019-02-13 10:30:00,275.52099999999996,275.53900000000004,425,1.0,7.650000000036528,2.975,4.675000000036528,band_vwap
2019-02-21,SHORT,2019-02-21 10:00:00,2019-02-21 11:00:00,277.29900000000004,277.171,421,1.0,53.888000000017996,2.947,50.94100000001799,band_vwap
2019-02-21,SHORT,2019-02-21 15:00:00,2019-02-21 15:59:00,276.61150000000004,277.46099999999996,421,1.0,-357.6394999999667,2.947,-360.5864999999667,market_close
2019-02-22,LONG,2019-02-22 11:00:00,2019-02-22 14:30:00,278.741,278.749,420,1.0,3.3600000000160435,2.94,0.42000000001604354,band_vwap
2019-02-27,SHORT,2019-02-27 10:30:00,2019-02-27 11:00:00,277.829,278.101,419,1.0,-113.96799999999638,2.9330000000000003,-116.90099999999639,band_vwap
2019-03-04,SHORT,2019-03-04 11:30:00,2019-03-04 15:59:00,279.55400000000003,279.411,414,1.0,59.20200000001205,2.898,56.304000000012046,market_close
2019-03-05,SHORT,2019-03-05 10:00:00,2019-03-05 11:30:00,278.71900000000005,279.291,417,1.0,-238.52399999997743,2.919,-241.44299999997745,band_vwap
2019-03-06,SHORT,2019-03-06 10:00:00,2019-03-06 15:59:00,278.569,277.301,417,1.0,528.7560000000121,2.919,525.8370000000122,market_close
2019-03-07,SHORT,2019-03-07 10:00:00,2019-03-07 11:30:00,275.269,275.351,422,1.0,-34.60399999999731,2.954,-37.557999999997314,band_vwap
2019-03-07,SHORT,2019-03-07 12:00:00,2019-03-07 12:30:00,275.509,275.541,422,1.0,-13.503999999992516,2.954,-16.457999999992516,band_vwap
2019-03-07,SHORT,2019-03-07 13:30:00,2019-03-07 14:00:00,275.92900000000003,275.53099999999995,422,1.0,167.95600000003435,2.954,165.00200000003434,band_vwap
2019-03-07,SHORT,2019-03-07 14:30:00,2019-03-07 15:59:00,275.16400000000004,275.08099999999996,422,1.0,35.02600000003531,2.954,32.07200000003531,market_close
2019-03-11,LONG,2019-03-11 10:00:00,2019-03-11 15:59:00,276.291,278.499,425,1.0,938.4000000000115,2.975,935.4250000000114,market_close
2019-03-12,LONG,2019-03-12 11:00:00,2019-03-12 11:30:00,279.751,279.34900000000005,423,1.0,-170.04599999997038,2.961,-173.0069999999704,band_vwap
2019-03-13,LONG,2019-03-13 11:00:00,2019-03-13 15:30:00,281.34099999999995,281.329,420,1.0,-5.039999999976317,2.94,-7.979999999976316,band_vwap
2019-03-18,LONG,2019-03-18 10:00:00,2019-03-18 11:30:00,282.426,281.65900000000005,418,1.0,-320.60599999997453,2.926,-323.5319999999745,band_vwap
2019-03-20,SHORT,2019-03-20 10:00:00,2019-03-20 11:00:00,281.29900000000004,281.631,416,1.0,-138.1119999999737,2.912,-141.0239999999737,band_vwap
2019-03-20,SHORT,2019-03-20 12:00:00,2019-03-20 12:30:00,280.759,281.14099999999996,416,1.0,-158.91199999997843,2.912,-161.82399999997844,band_vwap
2019-03-20,SHORT,2019-03-20 13:00:00,2019-03-20 14:00:00,280.899,281.241,416,1.0,-142.27199999999357,2.912,-145.18399999999357,band_vwap
2019-03-21,LONG,2019-03-21 10:00:00,2019-03-21 15:59:00,282.131,284.66900000000004,417,1.0,1058.3460000000282,2.919,1055.427000000028,market_close
2019-03-22,SHORT,2019-03-22 10:00:00,2019-03-22 15:00:00,281.939,281.191,417,1.0,311.9160000000197,2.919,308.99700000001974,band_vwap
2019-03-22,SHORT,2019-03-22 15:30:00,2019-03-22 15:59:00,280.309,279.251,417,1.0,441.18600000002067,2.919,438.2670000000207,market_close
2019-03-25,SHORT,2019-03-25 10:00:00,2019-03-25 10:30:00,277.999,278.361,426,1.0,-154.21199999998566,2.982,-157.19399999998566,band_vwap
2019-03-26,LONG,2019-03-26 10:00:00,2019-03-26 10:30:00,281.981,281.699,422,1.0,-119.00399999999252,2.954,-121.95799999999251,band_vwap
2019-03-26,LONG,2019-03-26 11:00:00,2019-03-26 11:30:00,282.09099999999995,281.529,422,1.0,-237.163999999981,2.954,-240.117999999981,band_vwap
2019-03-27,SHORT,2019-03-27 11:30:00,2019-03-27 13:30:00,278.889,279.721,421,1.0,-350.2719999999973,2.947,-353.2189999999973,band_vwap
2019-03-27,SHORT,2019-03-27 14:00:00,2019-03-27 14:30:00,279.769,279.881,421,1.0,-47.15199999998583,2.947,-50.098999999985836,band_vwap
2019-03-27,SHORT,2019-03-27 15:00:00,2019-03-27 15:30:00,279.699,279.991,421,1.0,-122.9319999999887,2.947,-125.87899999998871,band_vwap
2019-04-01,LONG,2019-04-01 15:30:00,2019-04-01 15:59:00,285.77099999999996,285.889,414,1.0,48.85200000002146,2.898,45.95400000002146,market_close
2019-04-11,SHORT,2019-04-11 14:30:00,2019-04-11 15:00:00,287.619,287.791,408,1.0,-70.1759999999872,2.856,-73.03199999998719,band_vwap
2019-04-15,SHORT,2019-04-15 10:30:00,2019-04-15 13:30:00,289.5205,289.76099999999997,406,1.0,-97.64299999997581,2.842,-100.48499999997581,band_vwap
2019-04-17,SHORT,2019-04-17 11:00:00,2019-04-17 15:59:00,289.829,289.481,404,1.0,140.59200000000533,2.828,137.76400000000532,market_close
2019-04-18,SHORT,2019-04-18 10:30:00,2019-04-18 11:00:00,288.97900000000004,289.32599999999996,406,1.0,-140.8819999999688,2.842,-143.7239999999688,band_vwap
2019-04-23,LONG,2019-04-23 10:30:00,2019-04-23 15:59:00,291.51099999999997,292.84900000000005,405,1.0,541.890000000032,2.835,539.055000000032,market_close
2019-04-25,SHORT,2019-04-25 10:30:00,2019-04-25 11:00:00,291.16900000000004,291.681,405,1.0,-207.35999999997716,2.835,-210.19499999997717,band_vwap
2019-04-26,SHORT,2019-04-26 10:00:00,2019-04-26 10:30:00,291.514,292.142,404,1.0,-253.7119999999943,2.828,-256.5399999999943,band_vwap
2019-04-26,LONG,2019-04-26 15:30:00,2019-04-26 15:59:00,292.856,293.439,404,1.0,235.53200000001084,2.828,232.70400000001084,market_close
2019-04-29,LONG,2019-04-29 12:30:00,2019-04-29 15:00:00,294.181,294.189,402,1.0,3.216000000015356,2.814,0.40200000001535585,band_vwap
2019-04-30,SHORT,2019-04-30 10:00:00,2019-04-30 12:00:00,293.019,293.08099999999996,402,1.0,-24.923999999981902,2.814,-27.737999999981902,band_vwap
2019-05-02,SHORT,2019-05-02 11:30:00,2019-05-02 13:30:00,290.47900000000004,291.0234,404,1.0,-219.93759999997542,2.828,-222.76559999997542,band_vwap
2019-05-02,SHORT,2019-05-02 15:00:00,2019-05-02 15:30:00,290.749,291.171,404,1.0,-170.48799999998732,2.828,-173.31599999998733,band_vwap
2019-05-03,LONG,2019-05-03 12:30:00,2019-05-03 15:59:00,293.91589999999997,294.019,401,1.0,41.34310000001619,2.807,38.53610000001619,market_close
2019-05-07,SHORT,2019-05-07 11:00:00,2019-05-07 15:59:00,288.46900000000005,288.041,405,1.0,173.34000000002192,2.835,170.5050000000219,market_close
2019-05-09,SHORT,2019-05-09 10:00:00,2019-05-09 12:00:00,284.579,284.561,413,1.0,7.43400000001202,2.891,4.54300000001202,band_vwap
2019-05-10,SHORT,2019-05-10 10:30:00,2019-05-10 12:30:00,284.329,284.89599999999996,412,1.0,-233.60399999997958,2.884,-236.48799999997956,band_vwap
2019-05-10,LONG,2019-05-10 15:30:00,2019-05-10 15:59:00,288.681,288.019,412,1.0,-272.7439999999908,2.884,-275.62799999999083,market_close
2019-05-13,SHORT,2019-05-13 10:30:00,2019-05-13 11:00:00,281.709,281.851,415,1.0,-58.9299999999983,2.9050000000000002,-61.8349999999983,band_vwap
2019-05-13,SHORT,2019-05-13 11:30:00,2019-05-13 12:00:00,281.2277,281.491,415,1.0,-109.26949999998271,2.9050000000000002,-112.17449999998271,band_vwap
2019-05-13,SHORT,2019-05-13 12:30:00,2019-05-13 14:30:00,280.709,281.561,415,1.0,-353.5799999999898,2.9050000000000002,-356.4849999999898,band_vwap
2019-05-13,SHORT,2019-05-13 15:30:00,2019-05-13 15:59:00,280.809,280.96099999999996,415,1.0,-63.07999999997094,2.9050000000000002,-65.98499999997094,market_close
2019-05-14,LONG,2019-05-14 10:30:00,2019-05-14 15:59:00,283.441,283.329,414,1.0,-46.36799999998607,2.898,-49.26599999998607,market_close
2019-05-15,LONG,2019-05-15 11:30:00,2019-05-15 15:59:00,284.941,285.059,414,1.0,48.85200000002146,2.898,45.95400000002146,market_close
2019-05-16,LONG,2019-05-16 10:00:00,2019-05-16 14:00:00,287.631,288.124,408,1.0,201.14400000002115,2.856,198.28800000002116,band_vwap
2019-05-16,LONG,2019-05-16 14:30:00,2019-05-16 15:30:00,288.59349999999995,287.959,408,1.0,-258.8759999999779,2.856,-261.7319999999779,band_vwap
2019-05-23,SHORT,2019-05-23 10:00:00,2019-05-23 10:30:00,282.019,282.221,412,1.0,-83.22399999999925,2.884,-86.10799999999925,band_vwap
2019-05-23,SHORT,2019-05-23 12:00:00,2019-05-23 15:30:00,281.29900000000004,282.07099999999997,412,1.0,-318.063999999973,2.884,-320.94799999997304,band_vwap
2019-05-28,LONG,2019-05-28 10:00:00,2019-05-28 10:30:00,283.881,283.309,410,1.0,-234.5199999999778,2.87,-237.38999999997782,band_vwap
2019-05-29,SHORT,2019-05-29 12:00:00,2019-05-29 12:30:00,276.999,277.756,416,1.0,-314.91199999997843,2.912,-317.8239999999784,band_vwap
2019-05-29,SHORT,2019-05-29 13:00:00,2019-05-29 13:30:00,277.43890000000005,278.25399999999996,416,1.0,-339.08159999996496,2.912,-341.99359999996494,band_vwap
2019-05-30,LONG,2019-05-30 10:00:00,2019-05-30 10:30:00,279.741,279.708,413,1.0,-13.62899999998291,2.891,-16.519999999982907,band_vwap
2019-06-03,SHORT,2019-06-03 10:00:00,2019-06-03 10:30:00,274.579,276.08099999999996,419,1.0,-629.3379999999802,2.9330000000000003,-632.2709999999802,band_vwap
2019-06-03,SHORT,2019-06-03 12:30:00,2019-06-03 13:00:00,273.92400000000004,274.03099999999995,419,1.0,-44.83299999996399,2.9330000000000003,-47.76599999996399,band_vwap
2019-06-03,SHORT,2019-06-03 15:30:00,2019-06-03 15:59:00,273.60900000000004,274.58099999999996,419,1.0,-407.2679999999678,2.9330000000000003,-410.2009999999678,market_close
2019-06-04,LONG,2019-06-04 11:30:00,2019-06-04 15:59:00,278.96099999999996,280.519,412,1.0,641.8960000000204,2.884,639.0120000000204,market_close
2019-06-06,LONG,2019-06-06 15:30:00,2019-06-06 15:59:00,284.991,284.73900000000003,405,1.0,-102.05999999998085,2.835,-104.89499999998084,market_close
2019-06-07,LONG,2019-06-07 10:00:00,2019-06-07 15:59:00,287.061,287.629,401,1.0,227.76800000001623,2.807,224.96100000001624,market_close
2019-06-10,LONG,2019-06-10 12:00:00,2019-06-10 12:30:00,290.70099999999996,290.139,397,1.0,-223.11399999998213,2.779,-225.89299999998212,band_vwap
2019-06-14,SHORT,2019-06-14 10:00:00,2019-06-14 10:30:00,288.639,288.791,397,1.0,-60.343999999994764,2.779,-63.12299999999476,band_vwap
2019-06-18,LONG,2019-06-18 10:00:00,2019-06-18 12:00:00,292.76099999999997,292.319,393,1.0,-173.70599999998052,2.751,-176.45699999998052,band_vwap
2019-06-18,LONG,2019-06-18 12:30:00,2019-06-18 13:00:00,292.541,292.509,393,1.0,-12.57599999999303,2.751,-15.32699999999303,band_vwap
2019-06-18,LONG,2019-06-18 14:00:00,2019-06-18 15:00:00,292.431,292.48400000000004,393,1.0,20.829000000021267,2.751,18.078000000021266,band_vwap
2019-06-25,SHORT,2019-06-25 10:00:00,2019-06-25 15:59:00,293.079,290.791,390,1.0,892.3200000000043,2.73,889.5900000000042,market_close
2019-06-27,LONG,2019-06-27 10:00:00,2019-06-27 10:30:00,291.791,291.629,396,1.0,-64.15199999999118,2.7720000000000002,-66.92399999999118,band_vwap
2019-07-02,SHORT,2019-07-02 12:30:00,2019-07-02 13:00:00,294.98900000000003,295.08099999999996,390,1.0,-35.8799999999718,2.73,-38.6099999999718,band_vwap
2019-07-05,LONG,2019-07-05 15:00:00,2019-07-05 15:59:00,298.621,298.35900000000004,387,1.0,-101.39399999997818,2.709,-104.10299999997818,market_close
2019-07-08,SHORT,2019-07-08 12:30:00,2019-07-08 13:00:00,296.389,296.59099999999995,388,1.0,-78.37599999997724,2.716,-81.09199999997723,band_vwap
2019-07-10,LONG,2019-07-10 10:00:00,2019-07-10 10:30:00,299.39099999999996,298.639,386,1.0,-290.27199999998174,2.702,-292.97399999998174,band_vwap
2019-07-16,SHORT,2019-07-16 12:00:00,2019-07-16 13:30:00,300.069,300.1577,382,1.0,-33.88339999998482,2.674,-36.55739999998482,band_vwap
2019-07-16,SHORT,2019-07-16 14:00:00,2019-07-16 15:59:00,299.589,299.741,382,1.0,-58.06399999999496,2.674,-60.73799999999496,market_close
2019-07-17,SHORT,2019-07-17 10:30:00,2019-07-17 12:00:00,299.03900000000004,299.08099999999996,383,1.0,-16.085999999967953,2.681,-18.766999999967954,band_vwap
2019-07-17,SHORT,2019-07-17 12:30:00,2019-07-17 14:00:00,298.8489,298.981,383,1.0,-50.5942999999923,2.681,-53.2752999999923,band_vwap
2019-07-17,SHORT,2019-07-17 14:30:00,2019-07-17 15:59:00,298.66400000000004,297.77099999999996,383,1.0,342.0190000000329,2.681,339.33800000003293,market_close
2019-07-18,LONG,2019-07-18 15:00:00,2019-07-18 15:59:00,298.921,298.84900000000005,387,1.0,-27.863999999979058,2.709,-30.572999999979057,market_close
2019-07-19,SHORT,2019-07-19 15:30:00,2019-07-19 15:59:00,297.79400000000004,297.121,383,1.0,257.75900000002247,2.681,255.07800000002246,market_close
2019-07-22,LONG,2019-07-22 10:00:00,2019-07-22 10:30:00,298.08099999999996,297.649,387,1.0,-167.18399999998434,2.709,-169.89299999998434,band_vwap
2019-07-24,LONG,2019-07-24 14:30:00,2019-07-24 15:59:00,300.691,301.379,384,1.0,264.1920000000173,2.688,261.5040000000173,market_close
2019-07-25,SHORT,2019-07-25 10:00:00,2019-07-25 10:30:00,300.004,300.35769999999997,383,1.0,-135.46709999997955,2.681,-138.14809999997956,band_vwap
2019-07-25,SHORT,2019-07-25 11:30:00,2019-07-25 15:59:00,300.41900000000004,299.97119999999995,383,1.0,171.507400000033,2.681,168.82640000003298,market_close
2019-07-26,LONG,2019-07-26 10:00:00,2019-07-26 10:30:00,301.231,301.089,383,1.0,-54.38599999999843,2.681,-57.06699999999843,band_vwap
2019-07-26,LONG,2019-07-26 11:30:00,2019-07-26 15:59:00,301.45099999999996,301.98900000000003,383,1.0,206.05400000002595,2.681,203.37300000002594,market_close
2019-07-29,SHORT,2019-07-29 10:00:00,2019-07-29 11:30:00,301.124,301.541,382,1.0,-159.29399999998975,2.674,-161.96799999998976,band_vwap
2019-07-31,SHORT,2019-07-31 15:00:00,2019-07-31 15:59:00,297.60900000000004,297.381,383,1.0,87.32400000002508,2.681,84.64300000002508,market_close
2019-08-01,LONG,2019-08-01 10:00:00,2019-08-01 13:30:00,298.661,298.22900000000004,388,1.0,-167.6159999999843,2.716,-170.3319999999843,band_vwap
2019-08-01,SHORT,2019-08-01 14:00:00,2019-08-01 15:59:00,296.399,294.881,388,1.0,588.9840000000113,2.716,586.2680000000113,market_close
2019-08-02,SHORT,2019-08-02 10:00:00,2019-08-02 12:30:00,292.92900000000003,292.82099999999997,394,1.0,42.55200000002401,2.758,39.794000000024006,band_vwap
2019-08-02,SHORT,2019-08-02 13:00:00,2019-08-02 14:30:00,291.819,292.221,394,1.0,-158.3879999999948,2.758,-161.1459999999948,band_vwap
2019-08-02,SHORT,2019-08-02 15:00:00,2019-08-02 15:30:00,292.274,292.84099999999995,394,1.0,-223.39799999998047,2.758,-226.15599999998048,band_vwap
2019-08-05,SHORT,2019-08-05 10:00:00,2019-08-05 15:59:00,287.28900000000004,284.041,401,1.0,1302.448000000019,2.807,1299.641000000019,market_close
2019-08-06,LONG,2019-08-06 14:30:00,2019-08-06 15:00:00,287.53099999999995,286.999,408,1.0,-217.05599999996957,2.856,-219.91199999996957,band_vwap
2019-08-07,SHORT,2019-08-07 10:00:00,2019-08-07 10:30:00,283.41900000000004,284.546,410,1.0,-462.0699999999806,2.87,-464.9399999999806,band_vwap
2019-08-08,LONG,2019-08-08 10:30:00,2019-08-08 15:59:00,290.601,293.54900000000004,401,1.0,1182.1480000000145,2.807,1179.3410000000144,market_close
2019-08-09,SHORT,2019-08-09 10:30:00,2019-08-09 13:30:00,291.009,291.95099999999996,401,1.0,-377.7419999999801,2.807,-380.54899999998014,band_vwap
2019-08-13,LONG,2019-08-13 10:00:00,2019-08-13 11:00:00,292.931,292.319,406,1.0,-248.47199999998634,2.842,-251.31399999998635,band_vwap
2019-08-13,LONG,2019-08-13 12:00:00,2019-08-13 13:00:00,292.911,292.65900000000005,406,1.0,-102.3119999999808,2.842,-105.1539999999808,band_vwap
2019-08-14,SHORT,2019-08-14 11:00:00,2019-08-14 15:59:00,286.59400000000005,283.921,404,1.0,1079.8920000000237,2.828,1077.0640000000237,market_close
2019-08-16,LONG,2019-08-16 11:00:00,2019-08-16 15:00:00,288.96599999999995,288.649,410,1.0,-129.96999999997968,2.87,-132.83999999997968,band_vwap
2019-08-20,SHORT,2019-08-20 10:00:00,2019-08-20 10:30:00,290.709,291.28099999999995,402,1.0,-229.94399999997825,2.814,-232.75799999997824,band_vwap
2019-08-22,SHORT,2019-08-22 11:00:00,2019-08-22 11:30:00,290.579,291.311,400,1.0,-292.79999999998836,2.8000000000000003,-295.59999999998837,band_vwap
2019-08-23,SHORT,2019-08-23 11:30:00,2019-08-23 15:59:00,288.149,284.811,402,1.0,1341.8760000000088,2.814,1339.0620000000088,market_close
2019-08-28,LONG,2019-08-28 11:30:00,2019-08-28 12:00:00,288.501,288.494,413,1.0,-2.8909999999785896,2.891,-5.78199999997859,band_vwap
2019-08-28,LONG,2019-08-28 15:00:00,2019-08-28 15:30:00,288.941,288.519,413,1.0,-174.28599999998704,2.891,-177.17699999998703,band_vwap
2019-09-05,LONG,2019-09-05 10:00:00,2019-09-05 12:00:00,297.811,297.869,398,1.0,23.084000000019728,2.786,20.298000000019726,band_vwap
2019-09-05,LONG,2019-09-05 15:30:00,2019-09-05 15:59:00,298.221,297.819,398,1.0,-159.99599999999475,2.786,-162.78199999999475,market_close
2019-09-10,SHORT,2019-09-10 10:00:00,2019-09-10 10:30:00,296.319,296.731,397,1.0,-163.56399999999115,2.779,-166.34299999999115,band_vwap
2019-09-10,SHORT,2019-09-10 11:00:00,2019-09-10 12:00:00,296.244,296.911,397,1.0,-264.79899999998935,2.779,-267.57799999998934,band_vwap
2019-09-12,LONG,2019-09-12 10:30:00,2019-09-12 11:00:00,302.02099999999996,300.839,390,1.0,-460.9799999999842,2.73,-463.70999999998423,band_vwap
2019-09-18,SHORT,2019-09-18 14:30:00,2019-09-18 15:30:00,298.779,300.006,389,1.0,-477.30299999999045,2.723,-480.02599999999046,band_vwap
2019-09-19,LONG,2019-09-19 10:30:00,2019-09-19 12:30:00,302.221,301.649,386,1.0,-220.79200000000105,2.702,-223.49400000000105,band_vwap
2019-09-20,SHORT,2019-09-20 13:30:00,2019-09-20 15:59:00,298.689,298.131,387,1.0,215.94600000001918,2.709,213.23700000001918,market_close
2019-09-23,LONG,2019-09-23 12:30:00,2019-09-23 13:00:00,298.58099999999996,298.449,392,1.0,-51.74399999997968,2.744,-54.48799999997968,band_vwap
2019-09-23,LONG,2019-09-23 15:30:00,2019-09-23 15:59:00,298.881,298.249,392,1.0,-247.74399999997968,2.744,-250.48799999997968,market_close
2019-09-24,SHORT,2019-09-24 12:00:00,2019-09-24 15:59:00,297.48920000000004,295.811,388,1.0,651.1416000000236,2.716,648.4256000000236,market_close
2019-09-25,SHORT,2019-09-25 10:00:00,2019-09-25 10:30:00,295.199,295.52599999999995,395,1.0,-129.16499999997683,2.765,-131.92999999997681,band_vwap
2019-09-25,LONG,2019-09-25 14:30:00,2019-09-25 15:59:00,297.231,297.59900000000005,395,1.0,145.36000000002048,2.765,142.5950000000205,market_close
2019-09-26,SHORT,2019-09-26 10:00:00,2019-09-26 12:30:00,296.749,296.661,393,1.0,34.58400000000876,2.751,31.833000000008756,band_vwap
2019-09-26,SHORT,2019-09-26 13:00:00,2019-09-26 14:00:00,296.60900000000004,296.881,393,1.0,-106.89599999997426,2.751,-109.64699999997427,band_vwap
2019-09-27,SHORT,2019-09-27 12:30:00,2019-09-27 15:59:00,296.09900000000005,295.361,392,1.0,289.2960000000221,2.744,286.5520000000221,market_close
2019-09-30,LONG,2019-09-30 10:00:00,2019-09-30 10:30:00,296.471,296.30400000000003,396,1.0,-66.13199999998938,2.7720000000000002,-68.90399999998938,band_vwap
2019-09-30,LONG,2019-09-30 11:00:00,2019-09-30 15:00:00,296.58099999999996,297.069,396,1.0,193.24800000002233,2.7720000000000002,190.47600000002234,band_vwap
2019-10-01,LONG,2019-10-01 10:00:00,2019-10-01 10:30:00,298.181,296.209,394,1.0,-776.9679999999921,2.758,-779.7259999999922,band_vwap
2019-10-01,SHORT,2019-10-01 10:30:00,2019-10-01 15:59:00,296.209,293.21099999999996,394,1.0,1181.2120000000186,2.758,1178.4540000000186,market_close
2019-10-02,SHORT,2019-10-02 10:00:00,2019-10-02 15:00:00,289.78400000000005,288.481,403,1.0,525.1090000000218,2.821,522.2880000000217,band_vwap
2019-10-02,SHORT,2019-10-02 15:30:00,2019-10-02 15:59:00,288.41900000000004,288.041,403,1.0,152.33400000001723,2.821,149.51300000001723,market_close
2019-10-03,SHORT,2019-10-03 10:30:00,2019-10-03 11:00:00,287.079,287.371,411,1.0,-120.01199999998897,2.8770000000000002,-122.88899999998897,band_vwap
2019-10-03,LONG,2019-10-03 14:00:00,2019-10-03 15:30:00,289.986,289.57370000000003,411,1.0,-169.45529999998325,2.8770000000000002,-172.33229999998326,band_vwap
2019-10-04,LONG,2019-10-04 10:00:00,2019-10-04 10:30:00,292.28099999999995,291.90900000000005,405,1.0,-150.65999999995967,2.835,-153.49499999995967,band_vwap
2019-10-04,LONG,2019-10-04 11:30:00,2019-10-04 15:59:00,292.506,294.369,405,1.0,754.5150000000228,2.835,751.6800000000228,market_close
2019-10-08,SHORT,2019-10-08 10:00:00,2019-10-08 11:00:00,289.65900000000005,290.15099999999995,407,1.0,-200.24399999996132,2.849,-203.0929999999613,band_vwap
2019-10-08,SHORT,2019-10-08 11:30:00,2019-10-08 12:30:00,289.4542,289.991,407,1.0,-218.47759999998823,2.849,-221.32659999998822,band_vwap
2019-10-10,LONG,2019-10-10 10:00:00,2019-10-10 13:30:00,293.191,293.03900000000004,406,1.0,-61.71199999997157,2.842,-64.55399999997157,band_vwap
2019-10-10,LONG,2019-10-10 14:00:00,2019-10-10 14:30:00,293.40099999999995,292.85900000000004,406,1.0,-220.05199999996603,2.842,-222.89399999996604,band_vwap
2019-10-10,LONG,2019-10-10 15:30:00,2019-10-10 15:59:00,293.306,293.23900000000003,406,1.0,-27.201999999979876,2.842,-30.043999999979874,market_close
2019-10-11,LONG,2019-10-11 10:00:00,2019-10-11 12:00:00,297.291,297.759,398,1.0,186.26400000000706,2.786,183.47800000000706,band_vwap
2019-10-11,LONG,2019-10-11 14:30:00,2019-10-11 15:59:00,298.20099999999996,296.259,398,1.0,-772.9159999999803,2.786,-775.7019999999802,market_close
2019-10-15,LONG,2019-10-15 10:30:00,2019-10-15 15:59:00,298.416,298.899,395,1.0,190.78500000000162,2.765,188.02000000000163,market_close
2019-10-25,LONG,2019-10-25 11:00:00,2019-10-25 15:59:00,301.33099999999996,301.639,392,1.0,120.73600000001943,2.744,117.99200000001943,market_close
2019-10-31,SHORT,2019-10-31 10:00:00,2019-10-31 15:59:00,303.269,303.26099999999997,387,1.0,3.096000000014783,2.709,0.38700000001478285,market_close
2019-11-01,LONG,2019-11-01 10:30:00,2019-11-01 11:00:00,305.58599999999996,305.629,386,1.0,16.5980000000244,2.702,13.896000000024399,band_vwap
2019-11-01,LONG,2019-11-01 13:30:00,2019-11-01 15:59:00,305.671,306.17900000000003,386,1.0,196.08800000001474,2.702,193.38600000001475,market_close
2019-11-07,LONG,2019-11-07 10:00:00,2019-11-07 10:30:00,309.041,308.96900000000005,382,1.0,-27.503999999979328,2.674,-30.177999999979328,band_vwap
2019-11-07,LONG,2019-11-07 12:00:00,2019-11-07 12:30:00,309.38599999999997,309.119,382,1.0,-101.99399999997672,2.674,-104.66799999997673,band_vwap
2019-11-08,SHORT,2019-11-08 10:00:00,2019-11-08 10:30:00,307.329,308.01099999999997,382,1.0,-260.52399999998454,2.674,-263.1979999999845,band_vwap
2019-11-12,LONG,2019-11-12 10:00:00,2019-11-12 12:00:00,309.46099999999996,309.389,380,1.0,-27.359999999979436,2.66,-30.019999999979436,band_vwap
2019-11-19,SHORT,2019-11-19 11:00:00,2019-11-19 11:30:00,311.35900000000004,311.851,375,1.0,-184.49999999998568,2.625,-187.12499999998568,band_vwap
2019-11-20,SHORT,2019-11-20 13:00:00,2019-11-20 15:59:00,310.16900000000004,310.791,376,1.0,-233.87199999998393,2.632,-236.50399999998393,market_close
2019-11-21,SHORT,2019-11-21 10:00:00,2019-11-21 11:00:00,310.29900000000004,310.07489999999996,376,1.0,84.26160000002938,2.632,81.62960000002937,band_vwap
2019-11-21,SHORT,2019-11-21 11:30:00,2019-11-21 12:30:00,310.0231,310.251,376,1.0,-85.69039999999131,2.632,-88.32239999999132,band_vwap
2019-11-25,LONG,2019-11-25 10:00:00,2019-11-25 15:59:00,312.70599999999996,313.34900000000005,375,1.0,241.12500000003223,2.625,238.50000000003223,market_close
2019-11-26,LONG,2019-11-26 12:30:00,2019-11-26 13:00:00,314.121,314.03400000000005,374,1.0,-32.53799999997466,2.618,-35.15599999997466,band_vwap
2019-11-27,LONG,2019-11-27 13:30:00,2019-11-27 15:59:00,315.27509999999995,315.439,372,1.0,60.97080000002575,2.604,58.36680000002575,market_close
2019-12-02,SHORT,2019-12-02 10:00:00,2019-12-02 14:30:00,313.069,312.411,372,1.0,244.77600000000575,2.604,242.17200000000574,band_vwap
2019-12-02,SHORT,2019-12-02 15:00:00,2019-12-02 15:59:00,312.389,311.601,372,1.0,293.13600000000406,2.604,290.5320000000041,market_close
2019-12-04,LONG,2019-12-04 10:00:00,2019-12-04 12:30:00,311.65099999999995,311.42900000000003,379,1.0,-84.13799999997087,2.653,-86.79099999997088,band_vwap
2019-12-04,LONG,2019-12-04 13:00:00,2019-12-04 15:59:00,311.676,311.46900000000005,379,1.0,-78.45299999997604,2.653,-81.10599999997605,market_close
2019-12-06,LONG,2019-12-06 11:00:00,2019-12-06 15:59:00,314.921,314.819,374,1.0,-38.147999999990816,2.618,-40.76599999999082,market_close
2019-12-12,LONG,2019-12-12 10:00:00,2019-12-12 11:30:00,316.851,316.40900000000005,374,1.0,-165.30799999998146,2.618,-167.92599999998146,band_vwap
2019-12-12,LONG,2019-12-12 12:00:00,2019-12-12 12:30:00,316.171,315.571,374,1.0,-224.39999999998724,2.618,-227.01799999998724,band_vwap
2019-12-12,LONG,2019-12-12 13:00:00,2019-12-12 13:30:00,316.001,316.309,374,1.0,115.19200000001854,2.618,112.57400000001854,band_vwap
2019-12-12,LONG,2019-12-12 14:00:00,2019-12-12 14:30:00,316.21099999999996,316.009,374,1.0,-75.54799999997806,2.618,-78.16599999997806,band_vwap
2019-12-12,LONG,2019-12-12 15:00:00,2019-12-12 15:59:00,316.71099999999996,317.139,374,1.0,160.07200000002024,2.618,157.45400000002024,market_close
2019-12-16,LONG,2019-12-16 12:00:00,2019-12-16 13:00:00,320.006,319.97400000000005,367,1.0,-11.74399999997263,2.569,-14.312999999972629,band_vwap
2019-12-16,LONG,2019-12-16 13:30:00,2019-12-16 14:30:00,319.976,319.72900000000004,367,1.0,-90.64899999998431,2.569,-93.21799999998431,band_vwap
2019-12-19,LONG,2019-12-19 12:00:00,2019-12-19 13:00:00,320.501,320.53900000000004,366,1.0,13.9080000000248,2.562,11.3460000000248,band_vwap
2019-12-19,LONG,2019-12-19 13:30:00,2019-12-19 15:59:00,320.64099999999996,320.90900000000005,366,1.0,98.08800000003146,2.562,95.52600000003146,market_close
2019-12-26,LONG,2019-12-26 12:00:00,2019-12-26 12:30:00,322.28099999999995,322.04900000000004,365,1.0,-84.67999999996863,2.555,-87.23499999996864,band_vwap
2019-12-26,LONG,2019-12-26 13:30:00,2019-12-26 14:30:00,322.316,322.29900000000004,365,1.0,-6.204999999977758,2.555,-8.759999999977758,band_vwap
2019-12-30,SHORT,2019-12-30 10:00:00,2019-12-30 12:00:00,321.46950000000004,321.46099999999996,363,1.0,3.0855000000302084,2.541,0.5445000000302085,band_vwap
2019-12-30,SHORT,2019-12-30 12:30:00,2019-12-30 13:00:00,321.879,321.83099999999996,363,1.0,17.424000000021294,2.541,14.883000000021294,band_vwap
2019-12-30,SHORT,2019-12-30 13:30:00,2019-12-30 14:00:00,321.589,321.736,363,1.0,-53.360999999996864,2.541,-55.90199999999686,band_vwap
2019-12-30,SHORT,2019-12-30 14:30:00,2019-12-30 15:59:00,321.269,321.101,363,1.0,60.98400000000231,2.541,58.443000000002314,market_close
2020-01-08,LONG,2020-01-08 10:00:00,2020-01-08 10:30:00,323.731,323.40900000000005,363,1.0,-116.88599999998036,2.541,-119.42699999998035,band_vwap
2020-01-08,LONG,2020-01-08 11:30:00,2020-01-08 15:59:00,324.03099999999995,324.41900000000004,363,1.0,140.84400000003285,2.541,138.30300000003285,market_close
2020-01-13,LONG,2020-01-13 12:00:00,2020-01-13 14:00:00,327.27099999999996,327.22900000000004,359,1.0,-15.077999999969961,2.513,-17.59099999996996,band_vwap
2020-01-13,LONG,2020-01-13 14:30:00,2020-01-13 15:30:00,327.491,327.369,359,1.0,-43.797999999984654,2.513,-46.31099999998465,band_vwap
2020-01-15,LONG,2020-01-15 10:00:00,2020-01-15 13:00:00,328.611,328.15900000000005,358,1.0,-161.815999999979,2.5060000000000002,-164.321999999979,band_vwap
2020-01-15,LONG,2020-01-15 14:30:00,2020-01-15 15:00:00,328.64099999999996,328.259,358,1.0,-136.75599999998144,2.5060000000000002,-139.26199999998144,band_vwap
2020-01-23,SHORT,2020-01-23 11:30:00,2020-01-23 12:00:00,329.67900000000003,330.161,353,1.0,-170.14599999998973,2.471,-172.61699999998973,band_vwap
2020-01-24,SHORT,2020-01-24 10:30:00,2020-01-24 15:59:00,330.97900000000004,328.751,351,1.0,782.028000000023,2.457,779.571000000023,market_close
2020-01-28,LONG,2020-01-28 10:30:00,2020-01-28 15:59:00,326.34099999999995,326.889,361,1.0,197.82800000002118,2.527,195.3010000000212,market_close
2020-01-30,SHORT,2020-01-30 11:00:00,2020-01-30 11:30:00,323.72900000000004,324.941,363,1.0,-439.9559999999754,2.541,-442.4969999999754,band_vwap
2020-01-31,SHORT,2020-01-31 10:00:00,2020-01-31 15:59:00,326.029,321.741,358,1.0,1535.104000000004,2.5060000000000002,1532.5980000000038,market_close
2020-02-03,LONG,2020-02-03 10:00:00,2020-02-03 11:30:00,325.171,324.689,367,1.0,-176.89399999998932,2.569,-179.4629999999893,band_vwap
2020-02-03,LONG,2020-02-03 12:30:00,2020-02-03 13:00:00,324.561,324.84900000000005,367,1.0,105.69600000002487,2.569,103.12700000002486,band_vwap
2020-02-03,LONG,2020-02-03 14:00:00,2020-02-03 14:30:00,324.621,324.29400000000004,367,1.0,-120.00899999997847,2.569,-122.57799999997847,band_vwap
2020-02-03,LONG,2020-02-03 15:30:00,2020-02-03 15:59:00,324.95099999999996,324.139,367,1.0,-298.0039999999835,2.569,-300.5729999999835,market_close
2020-02-04,LONG,2020-02-04 10:30:00,2020-02-04 11:00:00,329.121,328.959,360,1.0,-58.31999999999198,2.52,-60.83999999999198,band_vwap
2020-02-04,LONG,2020-02-04 11:30:00,2020-02-04 15:59:00,329.39099999999996,329.079,360,1.0,-112.31999999998379,2.52,-114.83999999998379,market_close
2020-02-10,LONG,2020-02-10 10:30:00,2020-02-10 12:30:00,333.311,333.149,356,1.0,-57.67199999999207,2.492,-60.163999999992065,band_vwap
2020-02-10,LONG,2020-02-10 15:00:00,2020-02-10 15:59:00,333.801,334.689,356,1.0,316.128000000012,2.492,313.63600000001196,market_close
2020-02-18,SHORT,2020-02-18 12:00:00,2020-02-18 12:30:00,335.259,335.801,352,1.0,-190.78399999999056,2.464,-193.24799999999055,band_vwap
2020-02-19,LONG,2020-02-19 11:30:00,2020-02-19 12:00:00,338.78099999999995,338.65900000000005,350,1.0,-42.699999999965144,2.45,-45.14999999996515,band_vwap
2020-02-19,LONG,2020-02-19 13:30:00,2020-02-19 14:00:00,338.76099999999997,338.639,350,1.0,-42.69999999998504,2.45,-45.14999999998504,band_vwap
2020-02-20,SHORT,2020-02-20 11:30:00,2020-02-20 13:30:00,335.96900000000005,336.231,349,1.0,-91.43799999998032,2.443,-93.88099999998032,band_vwap
2020-02-20,SHORT,2020-02-20 14:00:00,2020-02-20 14:30:00,335.85400000000004,336.39099999999996,349,1.0,-187.41299999997239,2.443,-189.8559999999724,band_vwap
2020-02-21,SHORT,2020-02-21 10:00:00,2020-02-21 11:30:00,334.089,334.27099999999996,351,1.0,-63.881999999985794,2.457,-66.33899999998579,band_vwap
2020-02-21,SHORT,2020-02-21 12:30:00,2020-02-21 15:59:00,334.154,333.491,351,1.0,232.71300000000383,2.457,230.25600000000384,market_close
2020-02-25,SHORT,2020-02-25 10:30:00,2020-02-25 15:59:00,320.269,312.70099999999996,364,1.0,2754.752000000015,2.548,2752.204000000015,market_close
2020-02-26,LONG,2020-02-26 10:00:00,2020-02-26 12:00:00,315.51099999999997,315.41900000000004,384,1.0,-35.327999999972235,2.688,-38.01599999997224,band_vwap
2020-02-26,SHORT,2020-02-26 14:00:00,2020-02-26 14:30:00,311.089,312.21099999999996,384,1.0,-430.8479999999836,2.688,-433.5359999999836,band_vwap
2020-02-27,SHORT,2020-02-27 10:30:00,2020-02-27 11:00:00,302.54900000000004,305.53099999999995,394,1.0,-1174.9079999999663,2.758,-1177.6659999999663,band_vwap
2020-02-27,SHORT,2020-02-27 15:00:00,2020-02-27 15:59:00,303.199,297.551,394,1.0,2225.31200000001,2.758,2222.55400000001,market_close
2020-02-28,SHORT,2020-02-28 10:00:00,2020-02-28 11:00:00,287.559,289.96099999999996,420,1.0,-1008.8399999999706,2.94,-1011.7799999999706,band_vwap
2020-03-02,LONG,2020-03-02 11:30:00,2020-03-02 15:00:00,301.601,300.059,403,1.0,-621.4259999999892,2.821,-624.2469999999893,band_vwap
2020-03-02,LONG,2020-03-02 15:30:00,2020-03-02 15:59:00,303.351,309.079,403,1.0,2308.3840000000037,2.821,2305.5630000000037,market_close
2020-03-03,SHORT,2020-03-03 10:00:00,2020-03-03 10:30:00,305.939,309.501,394,1.0,-1403.4279999999821,2.758,-1406.1859999999822,band_vwap
2020-03-03,SHORT,2020-03-03 11:30:00,2020-03-03 15:59:00,303.35900000000004,300.34099999999995,394,1.0,1189.0920000000337,2.758,1186.3340000000337,market_close
2020-03-04,LONG,2020-03-04 13:30:00,2020-03-04 15:59:00,308.89099999999996,312.90900000000005,398,1.0,1599.1640000000343,2.786,1596.3780000000343,market_close
2020-03-05,SHORT,2020-03-05 14:30:00,2020-03-05 15:00:00,301.40900000000005,302.361,404,1.0,-384.6079999999763,2.828,-387.4359999999763,band_vwap
2020-03-05,SHORT,2020-03-05 15:30:00,2020-03-05 15:59:00,300.639,302.45099999999996,404,1.0,-732.0479999999818,2.828,-734.8759999999818,market_close
2020-03-10,SHORT,2020-03-10 10:00:00,2020-03-10 13:30:00,282.629,279.26099999999997,429,1.0,1444.8720000000221,3.003,1441.8690000000222,band_vwap
2020-03-10,SHORT,2020-03-10 14:00:00,2020-03-10 14:30:00,277.1952,278.881,429,1.0,-723.208199999988,3.003,-726.211199999988,band_vwap
2020-03-11,SHORT,2020-03-11 10:30:00,2020-03-11 15:59:00,278.829,274.361,438,1.0,1956.9840000000077,3.0660000000000003,1953.9180000000076,market_close
2020-03-13,SHORT,2020-03-13 10:00:00,2020-03-13 10:30:00,256.559,259.28099999999995,475,1.0,-1292.9499999999634,3.325,-1296.2749999999635,band_vwap
2020-03-13,SHORT,2020-03-13 11:00:00,2020-03-13 13:30:00,254.439,258.65099999999995,475,1.0,-2000.6999999999814,3.325,-2004.0249999999814,band_vwap
2020-03-13,SHORT,2020-03-13 14:00:00,2020-03-13 15:00:00,259.28900000000004,256.981,475,1.0,1096.3000000000236,3.325,1092.9750000000236,band_vwap
2020-03-13,SHORT,2020-03-13 15:30:00,2020-03-13 15:59:00,258.96900000000005,270.931,475,1.0,-5681.949999999968,3.325,-5685.274999999968,market_close
2020-03-17,SHORT,2020-03-17 10:00:00,2020-03-17 10:30:00,238.159,243.761,477,1.0,-2672.154000000002,3.339,-2675.4930000000018,band_vwap
2020-03-20,SHORT,2020-03-20 10:00:00,2020-03-20 10:30:00,239.099,241.781,471,1.0,-1263.2220000000077,3.297,-1266.5190000000077,band_vwap
2020-03-20,SHORT,2020-03-20 12:30:00,2020-03-20 14:00:00,235.299,237.836,471,1.0,-1194.9270000000029,3.297,-1198.224000000003,band_vwap
2020-03-20,SHORT,2020-03-20 14:30:00,2020-03-20 15:59:00,234.93529999999998,228.941,471,1.0,2823.315299999991,3.297,2820.018299999991,market_close
2020-03-23,SHORT,2020-03-23 11:00:00,2020-03-23 13:00:00,223.519,227.401,502,1.0,-1948.7640000000024,3.5140000000000002,-1952.2780000000023,band_vwap
2020-03-23,SHORT,2020-03-23 13:30:00,2020-03-23 15:59:00,225.379,222.511,502,1.0,1439.7359999999976,3.5140000000000002,1436.2219999999977,market_close
2020-03-24,LONG,2020-03-24 10:30:00,2020-03-24 11:30:00,238.471,238.369,487,1.0,-49.67400000000188,3.4090000000000003,-53.08300000000188,band_vwap
2020-03-24,LONG,2020-03-24 12:00:00,2020-03-24 14:00:00,240.431,237.239,487,1.0,-1554.5040000000035,3.4090000000000003,-1557.9130000000036,band_vwap
2020-03-24,LONG,2020-03-24 15:00:00,2020-03-24 15:59:00,240.561,243.589,487,1.0,1474.6359999999959,3.4090000000000003,1471.2269999999958,market_close
2020-03-25,LONG,2020-03-25 12:30:00,2020-03-25 15:59:00,249.731,246.769,466,1.0,-1380.291999999995,3.262,-1383.5539999999949,market_close
2020-03-26,LONG,2020-03-26 10:00:00,2020-03-26 15:59:00,253.711,261.389,451,1.0,3462.777999999999,3.157,3459.6209999999987,market_close
2020-03-30,LONG,2020-03-30 13:00:00,2020-03-30 14:00:00,260.33099999999996,259.089,454,1.0,-563.8679999999827,3.178,-567.0459999999827,band_vwap
2020-04-02,LONG,2020-04-02 10:30:00,2020-04-02 11:30:00,249.02100000000002,249.19899999999998,471,1.0,83.83799999998533,3.297,80.54099999998533,band_vwap
2020-04-02,LONG,2020-04-02 12:00:00,2020-04-02 12:30:00,250.80100000000002,250.549,471,1.0,-118.6920000000045,3.297,-121.9890000000045,band_vwap
2020-04-02,LONG,2020-04-02 13:00:00,2020-04-02 13:30:00,251.001,247.999,471,1.0,-1413.9420000000046,3.297,-1417.2390000000046,band_vwap
2020-04-03,SHORT,2020-04-03 13:30:00,2020-04-03 14:30:00,246.689,246.821,455,1.0,-60.060000000002276,3.185,-63.24500000000228,band_vwap
2020-04-06,LONG,2020-04-06 13:00:00,2020-04-06 14:30:00,262.38599999999997,261.65900000000005,442,1.0,-321.333999999964,3.094,-324.427999999964,band_vwap
2020-04-08,LONG,2020-04-08 14:30:00,2020-04-08 15:30:00,272.816,273.84900000000005,424,1.0,437.99200000003066,2.968,435.02400000003064,band_vwap
2020-04-09,LONG,2020-04-09 10:00:00,2020-04-09 10:30:00,280.51099999999997,279.149,411,1.0,-559.7819999999862,2.8770000000000002,-562.6589999999861,band_vwap
2020-04-13,SHORT,2020-04-13 10:00:00,2020-04-13 12:00:00,274.149,273.601,410,1.0,224.68000000000075,2.87,221.81000000000074,band_vwap
2020-04-13,SHORT,2020-04-13 13:30:00,2020-04-13 14:00:00,272.90900000000005,274.08099999999996,410,1.0,-480.51999999996383,2.87,-483.38999999996383,band_vwap
2020-04-14,LONG,2020-04-14 10:00:00,2020-04-14 10:30:00,282.861,283.009,403,1.0,59.644000000009896,2.821,56.8230000000099,band_vwap
2020-04-21,SHORT,2020-04-21 11:00:00,2020-04-21 13:30:00,274.15900000000005,274.491,409,1.0,-135.78799999997415,2.863,-138.65099999997415,band_vwap
2020-04-21,SHORT,2020-04-21 14:00:00,2020-04-21 14:30:00,274.019,274.96099999999996,409,1.0,-385.2779999999797,2.863,-388.1409999999797,band_vwap
2020-04-21,SHORT,2020-04-21 15:00:00,2020-04-21 15:30:00,273.48900000000003,274.291,409,1.0,-328.0179999999853,2.863,-330.8809999999853,band_vwap
2020-04-23,LONG,2020-04-23 10:30:00,2020-04-23 12:00:00,282.441,282.309,401,1.0,-52.93199999997921,2.807,-55.738999999979214,band_vwap
2020-04-29,LONG,2020-04-29 13:00:00,2020-04-29 15:59:00,293.95099999999996,293.189,386,1.0,-294.13199999997823,2.702,-296.83399999997823,market_close
2020-04-30,SHORT,2020-04-30 12:00:00,2020-04-30 13:00:00,289.584,289.96099999999996,384,1.0,-144.76799999998184,2.688,-147.45599999998183,band_vwap
2020-04-30,SHORT,2020-04-30 13:30:00,2020-04-30 15:30:00,289.749,290.551,384,1.0,-307.9679999999862,2.688,-310.6559999999862,band_vwap
2020-05-01,SHORT,2020-05-01 12:00:00,2020-05-01 15:59:00,282.71900000000005,282.731,391,1.0,-4.691999999977952,2.737,-7.428999999977952,market_close
2020-05-05,LONG,2020-05-05 10:00:00,2020-05-05 10:30:00,288.161,287.499,389,1.0,-257.51799999999133,2.723,-260.24099999999135,band_vwap
2020-05-05,LONG,2020-05-05 11:30:00,2020-05-05 12:30:00,288.52099999999996,288.78900000000004,389,1.0,104.25200000003343,2.723,101.52900000003343,band_vwap
2020-05-05,LONG,2020-05-05 13:00:00,2020-05-05 15:30:00,288.411,287.15900000000005,389,1.0,-487.0279999999816,2.723,-489.7509999999816,band_vwap
2020-05-07,LONG,2020-05-07 10:00:00,2020-05-07 10:30:00,288.631,288.019,386,1.0,-236.231999999987,2.702,-238.933999999987,band_vwap
2020-05-12,SHORT,2020-05-12 13:30:00,2020-05-12 14:00:00,290.79900000000004,291.4752,377,1.0,-254.92739999997644,2.6390000000000002,-257.56639999997645,band_vwap
2020-05-12,SHORT,2020-05-12 14:30:00,2020-05-12 15:00:00,290.839,291.041,377,1.0,-76.15399999999931,2.6390000000000002,-78.79299999999931,band_vwap
2020-05-12,SHORT,2020-05-12 15:30:00,2020-05-12 15:59:00,289.634,286.621,377,1.0,1135.9010000000126,2.6390000000000002,1133.2620000000127,market_close
2020-05-13,SHORT,2020-05-13 10:00:00,2020-05-13 10:30:00,284.839,286.33099999999996,390,1.0,-581.8799999999851,2.73,-584.6099999999851,band_vwap
2020-05-13,SHORT,2020-05-13 11:00:00,2020-05-13 15:59:00,284.759,281.671,390,1.0,1204.3200000000088,2.73,1201.5900000000088,market_close
2020-05-14,SHORT,2020-05-14 10:00:00,2020-05-14 11:00:00,276.889,279.871,402,1.0,-1198.7639999999883,2.814,-1201.5779999999884,band_vwap
2020-05-18,LONG,2020-05-18 11:00:00,2020-05-18 12:00:00,294.52599999999995,295.029,379,1.0,190.6370000000162,2.653,187.9840000000162,band_vwap
2020-05-18,LONG,2020-05-18 13:30:00,2020-05-18 15:30:00,295.77599999999995,295.78400000000005,379,1.0,3.032000000036021,2.653,0.37900000003602097,band_vwap
2020-05-20,LONG,2020-05-20 10:30:00,2020-05-20 12:00:00,297.32099999999997,297.572,376,1.0,94.37600000001248,2.632,91.74400000001248,band_vwap
2020-05-21,SHORT,2020-05-21 11:00:00,2020-05-21 12:30:00,295.824,295.371,375,1.0,169.87500000001177,2.625,167.25000000001177,band_vwap
2020-05-22,SHORT,2020-05-22 11:00:00,2020-05-22 11:30:00,293.42900000000003,293.721,378,1.0,-110.37599999998986,2.646,-113.02199999998986,band_vwap
2020-05-27,SHORT,2020-05-27 11:00:00,2020-05-27 11:30:00,298.029,298.931,368,1.0,-331.93599999999515,2.576,-334.51199999999517,band_vwap
2020-05-29,SHORT,2020-05-29 11:00:00,2020-05-29 11:30:00,301.019,301.371,367,1.0,-129.183999999991,2.569,-131.75299999999098,band_vwap
2020-06-03,LONG,2020-06-03 15:00:00,2020-06-03 15:59:00,312.131,312.21070000000003,357,1.0,28.452900000021202,2.499,25.953900000021203,market_close
2020-06-05,LONG,2020-06-05 11:00:00,2020-06-05 15:59:00,319.171,319.269,349,1.0,34.2020000000046,2.443,31.7590000000046,market_close
2020-06-08,LONG,2020-06-08 14:00:00,2020-06-08 15:59:00,321.77099999999996,323.249,346,1.0,511.38800000002266,2.422,508.96600000002263,market_close
2020-06-10,SHORT,2020-06-10 10:30:00,2020-06-10 11:30:00,319.009,319.65099999999995,347,1.0,-222.77399999997886,2.4290000000000003,-225.20299999997886,band_vwap
2020-06-11,SHORT,2020-06-11 10:30:00,2020-06-11 15:59:00,310.17400000000004,300.621,357,1.0,3410.4210000000194,2.499,3407.9220000000196,market_close
2020-06-15,LONG,2020-06-15 14:30:00,2020-06-15 15:30:00,307.921,305.85900000000004,384,1.0,-791.8079999999827,2.688,-794.4959999999827,band_vwap
2020-06-17,SHORT,2020-06-17 10:30:00,2020-06-17 11:00:00,311.649,312.811,362,1.0,-420.64399999999193,2.5340000000000003,-423.1779999999919,band_vwap
2020-06-19,SHORT,2020-06-19 12:30:00,2020-06-19 13:00:00,309.204,310.431,361,1.0,-442.94699999999114,2.527,-445.4739999999911,band_vwap
2020-06-19,SHORT,2020-06-19 13:30:00,2020-06-19 15:00:00,308.889,309.431,361,1.0,-195.66199999999031,2.527,-198.1889999999903,band_vwap
2020-06-24,SHORT,2020-06-24 10:00:00,2020-06-24 15:59:00,307.749,304.121,364,1.0,1320.5920000000156,2.548,1318.0440000000156,market_close
2020-06-26,SHORT,2020-06-26 10:00:00,2020-06-26 15:59:00,305.22900000000004,300.01099999999997,372,1.0,1941.0960000000277,2.604,1938.4920000000277,market_close
2020-06-30,LONG,2020-06-30 11:30:00,2020-06-30 12:00:00,306.89099999999996,306.78900000000004,381,1.0,-38.86199999996899,2.6670000000000003,-41.52899999996899,band_vwap
2020-07-02,LONG,2020-07-02 10:00:00,2020-07-02 10:30:00,315.38599999999997,313.61100000000005,369,1.0,-654.9749999999706,2.583,-657.5579999999705,band_vwap
2020-07-08,LONG,2020-07-08 10:00:00,2020-07-08 10:30:00,316.101,315.249,366,1.0,-311.831999999991,2.562,-314.393999999991,band_vwap
2020-07-09,SHORT,2020-07-09 11:00:00,2020-07-09 13:00:00,311.949,313.4994,363,1.0,-562.7951999999883,2.541,-565.3361999999884,band_vwap
2020-07-09,SHORT,2020-07-09 13:30:00,2020-07-09 14:30:00,313.91400000000004,314.551,363,1.0,-231.23099999997953,2.541,-233.77199999997953,band_vwap
2020-07-10,LONG,2020-07-10 15:00:00,2020-07-10 15:59:00,316.921,317.60900000000004,363,1.0,249.74400000001634,2.541,247.20300000001635,market_close
2020-07-13,LONG,2020-07-13 11:30:00,2020-07-13 12:00:00,322.246,321.72900000000004,357,1.0,-184.56899999997825,2.499,-187.06799999997824,band_vwap
2020-07-13,LONG,2020-07-13 13:30:00,2020-07-13 14:00:00,322.26599999999996,321.90900000000005,357,1.0,-127.44899999996932,2.499,-129.9479999999693,band_vwap
2020-07-14,LONG,2020-07-14 14:30:00,2020-07-14 15:59:00,317.241,318.889,364,1.0,599.8720000000089,2.548,597.3240000000089,market_close
2020-07-20,LONG,2020-07-20 13:00:00,2020-07-20 15:59:00,323.03099999999995,324.35900000000004,357,1.0,474.0960000000315,2.499,471.59700000003147,market_close
2020-07-22,LONG,2020-07-22 10:00:00,2020-07-22 10:30:00,325.721,325.30400000000003,355,1.0,-148.03499999999048,2.485,-150.5199999999905,band_vwap
2020-07-23,SHORT,2020-07-23 13:00:00,2020-07-23 15:59:00,325.249,322.936,352,1.0,814.1760000000158,2.464,811.7120000000158,market_close
2020-07-27,LONG,2020-07-27 10:00:00,2020-07-27 11:00:00,322.621,322.589,360,1.0,-11.519999999993615,2.52,-14.039999999993615,band_vwap
2020-07-29,LONG,2020-07-29 10:00:00,2020-07-29 15:59:00,322.811,325.089,359,1.0,817.8020000000072,2.513,815.2890000000071,market_close
2020-07-30,SHORT,2020-07-30 10:00:00,2020-07-30 11:00:00,320.129,321.421,362,1.0,-467.7039999999903,2.5340000000000003,-470.2379999999903,band_vwap
2020-07-31,SHORT,2020-07-31 10:30:00,2020-07-31 11:00:00,322.7389,323.32099999999997,356,1.0,-207.2275999999888,2.492,-209.7195999999888,band_vwap
2020-07-31,SHORT,2020-07-31 12:30:00,2020-07-31 13:30:00,322.889,322.721,356,1.0,59.80800000000227,2.492,57.31600000000227,band_vwap
2020-07-31,SHORT,2020-07-31 14:30:00,2020-07-31 15:00:00,322.589,323.881,356,1.0,-459.95199999999045,2.492,-462.44399999999047,band_vwap
2020-08-06,LONG,2020-08-06 14:30:00,2020-08-06 15:59:00,333.6311,334.309,348,1.0,235.9092000000078,2.436,233.47320000000778,market_close
2020-08-10,SHORT,2020-08-10 11:00:00,2020-08-10 11:30:00,333.189,334.361,345,1.0,-404.3399999999892,2.415,-406.7549999999892,band_vwap
2020-08-12,LONG,2020-08-12 10:00:00,2020-08-12 13:30:00,336.39099999999996,336.66900000000004,344,1.0,95.63200000002644,2.408,93.22400000002644,band_vwap
2020-08-12,LONG,2020-08-12 14:00:00,2020-08-12 15:59:00,337.881,337.41900000000004,344,1.0,-158.9279999999767,2.408,-161.33599999997668,market_close
2020-08-18,SHORT,2020-08-18 10:30:00,2020-08-18 11:00:00,336.79900000000004,337.77099999999996,341,1.0,-331.4519999999738,2.387,-333.8389999999738,band_vwap
2020-08-20,LONG,2020-08-20 15:00:00,2020-08-20 15:30:00,338.221,338.029,343,1.0,-65.8560000000025,2.4010000000000002,-68.25700000000249,band_vwap
2020-08-21,LONG,2020-08-21 15:00:00,2020-08-21 15:59:00,339.34099999999995,339.439,340,1.0,33.32000000002381,2.38,30.94000000002381,market_close
2020-08-26,LONG,2020-08-26 11:30:00,2020-08-26 15:59:00,345.441,347.559,333,1.0,705.2940000000173,2.331,702.9630000000172,market_close
2020-08-27,LONG,2020-08-27 10:00:00,2020-08-27 10:30:00,349.26099999999997,349.209,332,1.0,-17.263999999988073,2.324,-19.58799999998807,band_vwap
2020-08-27,LONG,2020-08-27 11:00:00,2020-08-27 11:30:00,349.53099999999995,348.97900000000004,332,1.0,-183.2639999999692,2.324,-185.5879999999692,band_vwap
2020-08-27,LONG,2020-08-27 12:00:00,2020-08-27 12:30:00,349.541,348.21900000000005,332,1.0,-438.90399999998203,2.324,-441.22799999998205,band_vwap
2020-08-31,SHORT,2020-08-31 11:30:00,2020-08-31 12:00:00,349.48900000000003,350.15099999999995,328,1.0,-217.13599999997405,2.2960000000000003,-219.43199999997404,band_vwap
2020-09-01,LONG,2020-09-01 10:30:00,2020-09-01 11:00:00,351.39099999999996,350.66900000000004,328,1.0,-236.8159999999748,2.2960000000000003,-239.11199999997478,band_vwap
2020-09-01,LONG,2020-09-01 13:00:00,2020-09-01 15:59:00,351.202,352.559,328,1.0,445.0960000000091,2.2960000000000003,442.8000000000091,market_close
2020-09-02,LONG,2020-09-02 12:30:00,2020-09-02 15:59:00,355.431,357.67900000000003,324,1.0,728.3520000000153,2.2680000000000002,726.0840000000153,market_close
2020-09-03,SHORT,2020-09-03 10:30:00,2020-09-03 15:59:00,352.73900000000003,345.411,325,1.0,2381.6000000000104,2.275,2379.3250000000103,market_close
2020-09-04,SHORT,2020-09-04 10:00:00,2020-09-04 12:30:00,343.54900000000004,340.491,341,1.0,1042.7780000000168,2.387,1040.391000000017,band_vwap
2020-09-04,SHORT,2020-09-04 13:00:00,2020-09-04 14:00:00,340.889,340.356,341,1.0,181.75300000000527,2.387,179.36600000000527,band_vwap
2020-09-04,SHORT,2020-09-04 14:30:00,2020-09-04 15:00:00,341.48900000000003,344.561,341,1.0,-1047.5519999999815,2.387,-1049.9389999999814,band_vwap
2020-09-08,SHORT,2020-09-08 15:00:00,2020-09-08 15:30:00,334.48900000000003,335.001,351,1.0,-179.7119999999802,2.457,-182.1689999999802,band_vwap
2020-09-09,LONG,2020-09-09 10:00:00,2020-09-09 15:59:00,338.161,339.759,350,1.0,559.3000000000046,2.45,556.8500000000046,market_close
2020-09-10,SHORT,2020-09-10 14:30:00,2020-09-10 15:59:00,334.259,333.921,347,1.0,117.28600000000773,2.4290000000000003,114.85700000000773,market_close
2020-09-11,SHORT,2020-09-11 13:30:00,2020-09-11 14:30:00,331.699,332.411,353,1.0,-251.33599999999615,2.471,-253.80699999999615,band_vwap
2020-09-14,LONG,2020-09-14 10:00:00,2020-09-14 13:00:00,338.94599999999997,339.569,351,1.0,218.6730000000166,2.457,216.2160000000166,band_vwap
2020-09-18,SHORT,2020-09-18 10:00:00,2020-09-18 10:30:00,333.91400000000004,334.4625,354,1.0,-194.16899999997634,2.478,-196.64699999997634,band_vwap
2020-09-18,SHORT,2020-09-18 11:00:00,2020-09-18 15:59:00,332.769,330.691,354,1.0,735.6120000000111,2.478,733.1340000000112,market_close
2020-09-21,SHORT,2020-09-21 10:30:00,2020-09-21 12:00:00,322.699,323.621,366,1.0,-337.4519999999885,2.562,-340.0139999999885,band_vwap
2020-09-23,SHORT,2020-09-23 12:00:00,2020-09-23 13:00:00,327.509,328.65099999999995,359,1.0,-409.9779999999781,2.513,-412.4909999999781,band_vwap
2020-09-23,SHORT,2020-09-23 14:00:00,2020-09-23 15:59:00,326.999,322.661,359,1.0,1557.342000000008,2.513,1554.8290000000081,market_close
2020-09-24,LONG,2020-09-24 13:30:00,2020-09-24 14:30:00,326.32099999999997,324.53900000000004,374,1.0,-666.4679999999721,2.618,-669.0859999999722,band_vwap
2020-09-25,LONG,2020-09-25 13:30:00,2020-09-25 15:59:00,326.19289999999995,328.689,370,1.0,923.5570000000257,2.59,920.9670000000257,market_close
2020-09-29,SHORT,2020-09-29 12:00:00,2020-09-29 13:00:00,332.15900000000005,332.69599999999997,360,1.0,-193.31999999997151,2.52,-195.83999999997152,band_vwap
2020-09-30,LONG,2020-09-30 10:00:00,2020-09-30 15:00:00,335.061,335.884,360,1.0,296.28000000001293,2.52,293.76000000001295,band_vwap
2020-10-05,LONG,2020-10-05 10:30:00,2020-10-05 13:30:00,337.661,338.459,358,1.0,285.68400000000065,2.5060000000000002,283.1780000000007,band_vwap
2020-10-05,LONG,2020-10-05 15:00:00,2020-10-05 15:59:00,339.161,339.72900000000004,358,1.0,203.3440000000145,2.5060000000000002,200.8380000000145,market_close
2020-10-06,SHORT,2020-10-06 15:00:00,2020-10-06 15:59:00,337.019,334.941,355,1.0,737.6900000000112,2.485,735.2050000000112,market_close
2020-10-07,LONG,2020-10-07 14:30:00,2020-10-07 15:59:00,341.20099999999996,340.72900000000004,360,1.0,-169.91999999997233,2.52,-172.43999999997234,market_close
2020-10-12,LONG,2020-10-12 11:30:00,2020-10-12 15:59:00,351.741,352.42900000000003,347,1.0,238.73600000001562,2.4290000000000003,236.30700000001562,market_close
2020-10-14,LONG,2020-10-14 10:00:00,2020-10-14 10:30:00,351.731,350.17900000000003,347,1.0,-538.5439999999876,2.4290000000000003,-540.9729999999876,band_vwap
2020-10-14,SHORT,2020-10-14 12:00:00,2020-10-14 14:00:00,348.189,348.10699999999997,347,1.0,28.454000000017516,2.4290000000000003,26.025000000017513,band_vwap
2020-10-16,LONG,2020-10-16 10:30:00,2020-10-16 11:00:00,350.621,349.879,347,1.0,-257.47399999998675,2.4290000000000003,-259.9029999999867,band_vwap
2020-10-19,SHORT,2020-10-19 14:00:00,2020-10-19 15:59:00,344.819,342.02099999999996,347,1.0,970.9060000000204,2.4290000000000003,968.4770000000204,market_close
2020-10-20,LONG,2020-10-20 10:00:00,2020-10-20 10:30:00,344.82099999999997,344.29900000000004,355,1.0,-185.30999999997675,2.485,-187.79499999997677,band_vwap
2020-10-20,LONG,2020-10-20 13:30:00,2020-10-20 14:30:00,346.411,345.53900000000004,355,1.0,-309.5599999999848,2.485,-312.04499999998484,band_vwap
2020-10-21,LONG,2020-10-21 10:00:00,2020-10-21 11:00:00,345.40599999999995,344.04900000000004,353,1.0,-479.02099999996966,2.471,-481.49199999996966,band_vwap
2020-10-26,SHORT,2020-10-26 11:00:00,2020-10-26 15:59:00,339.649,339.416,353,1.0,82.24900000000144,2.471,79.77800000000144,market_close
2020-10-27,SHORT,2020-10-27 10:30:00,2020-10-27 11:00:00,338.46900000000005,338.78099999999995,356,1.0,-111.07199999996374,2.492,-113.56399999996374,band_vwap
2020-10-28,SHORT,2020-10-28 10:00:00,2020-10-28 15:59:00,331.28900000000004,326.681,364,1.0,1677.3120000000222,2.548,1674.7640000000222,market_close
2020-10-29,LONG,2020-10-29 10:00:00,2020-10-29 15:59:00,327.871,329.98900000000003,375,1.0,794.2500000000194,2.625,791.6250000000194,market_close
2020-10-30,SHORT,2020-10-30 10:30:00,2020-10-30 12:30:00,325.25890000000004,326.496,376,1.0,-465.1495999999779,2.632,-467.7815999999779,band_vwap
2020-10-30,SHORT,2020-10-30 13:00:00,2020-10-30 15:59:00,324.959,326.53099999999995,376,1.0,-591.0719999999797,2.632,-593.7039999999796,market_close
2020-11-03,LONG,2020-11-03 10:00:00,2020-11-03 13:00:00,335.381,336.279,366,1.0,328.668000000009,2.562,326.106000000009,band_vwap
2020-11-03,LONG,2020-11-03 13:30:00,2020-11-03 14:00:00,336.26099999999997,335.029,366,1.0,-450.91199999998935,2.562,-453.47399999998936,band_vwap
2020-11-03,LONG,2020-11-03 15:30:00,2020-11-03 15:59:00,336.431,335.96900000000005,366,1.0,-169.0919999999752,2.562,-171.6539999999752,market_close
2020-11-04,LONG,2020-11-04 10:00:00,2020-11-04 15:30:00,342.491,343.78900000000004,358,1.0,464.684000000021,2.5060000000000002,462.17800000002103,band_vwap
2020-11-05,LONG,2020-11-05 11:00:00,2020-11-05 11:30:00,351.661,351.09900000000005,350,1.0,-196.69999999998424,2.45,-199.14999999998423,band_vwap
2020-11-06,SHORT,2020-11-06 10:00:00,2020-11-06 10:30:00,348.259,349.811,349,1.0,-541.6479999999874,2.443,-544.0909999999874,band_vwap
2020-11-12,SHORT,2020-11-12 13:30:00,2020-11-12 14:00:00,352.249,353.46099999999996,342,1.0,-414.5039999999768,2.394,-416.89799999997683,band_vwap
2020-11-12,SHORT,2020-11-12 14:30:00,2020-11-12 15:59:00,352.67900000000003,353.28099999999995,342,1.0,-205.88399999997216,2.394,-208.27799999997217,market_close
2020-11-17,SHORT,2020-11-17 10:00:00,2020-11-17 10:30:00,358.40900000000005,359.481,336,1.0,-360.1919999999818,2.352,-362.5439999999818,band_vwap
2020-11-24,LONG,2020-11-24 11:30:00,2020-11-24 15:59:00,362.421,363.189,335,1.0,257.28000000000975,2.345,254.93500000000975,market_close
2020-11-25,SHORT,2020-11-25 10:00:00,2020-11-25 12:00:00,362.15900000000005,362.171,333,1.0,-3.9959999999812226,2.331,-6.326999999981222,band_vwap
2020-11-25,SHORT,2020-11-25 12:30:00,2020-11-25 13:00:00,362.089,362.70099999999996,333,1.0,-203.7959999999888,2.331,-206.12699999998878,band_vwap
2020-11-30,SHORT,2020-11-30 10:30:00,2020-11-30 13:00:00,361.209,361.29299999999995,333,1.0,-27.97199999998213,2.331,-30.30299999998213,band_vwap
2020-11-30,SHORT,2020-11-30 13:30:00,2020-11-30 14:00:00,361.199,361.0232,333,1.0,58.54140000001263,2.331,56.210400000012626,band_vwap
2020-12-01,LONG,2020-12-01 10:30:00,2020-12-01 11:00:00,366.981,366.309,330,1.0,-221.75999999998965,2.31,-224.06999999998965,band_vwap
2020-12-01,LONG,2020-12-01 11:30:00,2020-12-01 12:00:00,366.64099999999996,366.249,330,1.0,-129.3599999999799,2.31,-131.6699999999799,band_vwap
2020-12-01,LONG,2020-12-01 13:30:00,2020-12-01 15:00:00,366.981,366.769,330,1.0,-69.9599999999964,2.31,-72.2699999999964,band_vwap
2020-12-03,LONG,2020-12-03 10:30:00,2020-12-03 11:00:00,367.57099999999997,367.499,328,1.0,-23.61599999998225,2.2960000000000003,-25.91199999998225,band_vwap
2020-12-04,LONG,2020-12-04 10:00:00,2020-12-04 14:30:00,368.226,368.639,327,1.0,135.05100000000357,2.289,132.76200000000358,band_vwap
2020-12-04,LONG,2020-12-04 15:00:00,2020-12-04 15:59:00,369.20099999999996,369.829,327,1.0,205.35600000001398,2.289,203.067000000014,market_close
2020-12-08,LONG,2020-12-08 13:00:00,2020-12-08 14:00:00,370.02599999999995,370.069,328,1.0,14.104000000020733,2.2960000000000003,11.808000000020733,band_vwap
2020-12-08,LONG,2020-12-08 14:30:00,2020-12-08 15:00:00,370.611,370.264,328,1.0,-113.81599999999344,2.2960000000000003,-116.11199999999344,band_vwap
2020-12-09,SHORT,2020-12-09 13:00:00,2020-12-09 15:59:00,368.509,366.89099999999996,325,1.0,525.8500000000168,2.275,523.5750000000169,market_close
2020-12-14,LONG,2020-12-14 10:00:00,2020-12-14 11:00:00,369.52099999999996,368.03900000000004,328,1.0,-486.0959999999718,2.2960000000000003,-488.3919999999718,band_vwap
2020-12-15,LONG,2020-12-15 14:00:00,2020-12-15 15:30:00,369.161,368.84900000000005,328,1.0,-102.33599999998523,2.2960000000000003,-104.63199999998524,band_vwap
2020-12-18,SHORT,2020-12-18 10:00:00,2020-12-18 15:59:00,369.639,369.131,325,1.0,165.10000000001241,2.275,162.8250000000124,market_close
2020-12-21,SHORT,2020-12-21 10:30:00,2020-12-21 11:30:00,362.819,364.601,330,1.0,-588.0599999999941,2.31,-590.3699999999941,band_vwap
2020-12-23,LONG,2020-12-23 10:00:00,2020-12-23 10:30:00,368.971,368.504,326,1.0,-152.24199999999496,2.282,-154.52399999999497,band_vwap
2021-01-04,SHORT,2021-01-04 10:30:00,2021-01-04 15:59:00,372.47900000000004,368.851,319,1.0,1157.3320000000135,2.233,1155.0990000000136,market_close
2021-01-05,LONG,2021-01-05 10:00:00,2021-01-05 10:30:00,370.161,369.749,329,1.0,-135.54799999999267,2.303,-137.85099999999267,band_vwap
2021-01-05,LONG,2021-01-05 13:00:00,2021-01-05 15:59:00,370.51099999999997,371.319,329,1.0,265.8320000000163,2.303,263.5290000000163,market_close
2021-01-06,LONG,2021-01-06 10:00:00,2021-01-06 15:30:00,372.2473,374.199,328,1.0,640.1576000000055,2.2960000000000003,637.8616000000054,band_vwap
2021-01-07,LONG,2021-01-07 10:00:00,2021-01-07 15:59:00,378.09099999999995,379.059,324,1.0,313.63200000002416,2.2680000000000002,311.3640000000242,market_close
2021-01-15,SHORT,2021-01-15 10:30:00,2021-01-15 11:00:00,374.589,375.32099999999997,324,1.0,-237.16799999999057,2.2680000000000002,-239.43599999999057,band_vwap
2021-01-20,LONG,2021-01-20 11:00:00,2021-01-20 11:30:00,382.77099999999996,382.601,320,1.0,-54.3999999999869,2.24,-56.639999999986905,band_vwap
2021-01-20,LONG,2021-01-20 12:30:00,2021-01-20 15:59:00,383.366,383.85900000000004,320,1.0,157.7600000000166,2.24,155.52000000001658,market_close
2021-01-25,SHORT,2021-01-25 11:00:00,2021-01-25 12:00:00,381.23900000000003,382.361,318,1.0,-356.7959999999864,2.226,-359.0219999999864,band_vwap
2021-01-27,SHORT,2021-01-27 10:00:00,2021-01-27 10:30:00,377.569,379.221,320,1.0,-528.6399999999958,2.24,-530.8799999999958,band_vwap
2021-01-27,SHORT,2021-01-27 11:30:00,2021-01-27 13:00:00,378.199,378.65099999999995,320,1.0,-144.63999999998123,2.24,-146.87999999998124,band_vwap
2021-01-27,SHORT,2021-01-27 13:30:00,2021-01-27 15:59:00,378.48400000000004,374.441,320,1.0,1293.7600000000202,2.24,1291.5200000000202,market_close
2021-01-28,LONG,2021-01-28 10:00:00,2021-01-28 15:30:00,377.59099999999995,379.319,325,1.0,561.6000000000213,2.275,559.3250000000213,band_vwap
2021-01-29,SHORT,2021-01-29 11:30:00,2021-01-29 15:30:00,372.71900000000005,372.14099999999996,327,1.0,189.00600000002885,2.289,186.71700000002886,band_vwap
2021-02-01,LONG,2021-02-01 12:30:00,2021-02-01 15:59:00,376.14099999999996,376.17900000000003,329,1.0,12.502000000022292,2.303,10.199000000022291,market_close
2021-02-02,LONG,2021-02-02 10:00:00,2021-02-02 15:59:00,380.89099999999996,381.53900000000004,324,1.0,209.95200000002637,2.2680000000000002,207.68400000002637,market_close
2021-02-04,LONG,2021-02-04 10:00:00,2021-02-04 10:30:00,383.90099999999995,383.759,322,1.0,-45.72399999998038,2.254,-47.977999999980376,band_vwap
2021-02-04,LONG,2021-02-04 11:00:00,2021-02-04 12:00:00,384.27099999999996,384.579,322,1.0,99.17600000001596,2.254,96.92200000001596,band_vwap
2021-02-04,LONG,2021-02-04 13:30:00,2021-02-04 15:59:00,385.126,386.16900000000004,322,1.0,335.84600000002035,2.254,333.59200000002033,market_close
2021-02-18,SHORT,2021-02-18 10:30:00,2021-02-18 11:00:00,388.48900000000003,388.986,317,1.0,-157.54899999998645,2.219,-159.76799999998644,band_vwap
2021-02-23,SHORT,2021-02-23 10:00:00,2021-02-23 10:30:00,382.22900000000004,384.371,321,1.0,-687.5819999999804,2.247,-689.8289999999804,band_vwap
2021-02-23,SHORT,2021-02-23 13:00:00,2021-02-23 13:30:00,382.779,385.0999,321,1.0,-745.0088999999982,2.247,-747.2558999999982,band_vwap
2021-02-23,LONG,2021-02-23 15:30:00,2021-02-23 15:59:00,388.8623,387.499,321,1.0,-437.6192999999939,2.247,-439.86629999999394,market_close
2021-02-24,LONG,2021-02-24 11:00:00,2021-02-24 15:59:00,388.351,391.759,314,1.0,1070.1120000000049,2.198,1067.9140000000048,market_close
2021-02-25,SHORT,2021-02-25 11:00:00,2021-02-25 15:59:00,388.97900000000004,382.39099999999996,314,1.0,2068.632000000025,2.198,2066.434000000025,market_close
2021-02-26,SHORT,2021-02-26 10:30:00,2021-02-26 11:00:00,378.48900000000003,382.371,324,1.0,-1257.7679999999832,2.2680000000000002,-1260.0359999999832,band_vwap
2021-03-01,LONG,2021-03-01 10:00:00,2021-03-01 15:59:00,386.941,389.519,320,1.0,824.96000000001,2.24,822.72000000001,market_close
2021-03-02,SHORT,2021-03-02 10:30:00,2021-03-02 12:30:00,387.53900000000004,388.2229,319,1.0,-218.16409999998,2.233,-220.39709999998001,band_vwap
2021-03-03,SHORT,2021-03-03 10:00:00,2021-03-03 11:00:00,384.48900000000003,385.131,321,1.0,-206.08199999998044,2.247,-208.32899999998045,band_vwap
2021-03-03,SHORT,2021-03-03 14:30:00,2021-03-03 15:00:00,383.214,384.041,321,1.0,-265.4669999999994,2.247,-267.71399999999943,band_vwap
2021-03-03,SHORT,2021-03-03 15:30:00,2021-03-03 15:59:00,382.9916,381.45099999999996,321,1.0,494.53260000001296,2.247,492.28560000001295,market_close
2021-03-04,SHORT,2021-03-04 13:00:00,2021-03-04 15:59:00,377.009,376.731,325,1.0,90.3500000000065,2.275,88.0750000000065,market_close
2021-03-05,SHORT,2021-03-05 11:00:00,2021-03-05 12:00:00,375.38,375.84099999999995,326,1.0,-150.28599999998562,2.282,-152.56799999998563,band_vwap
2021-03-05,LONG,2021-03-05 15:00:00,2021-03-05 15:30:00,383.0929,383.279,326,1.0,60.66860000000338,2.282,58.386600000003384,band_vwap
2021-03-08,LONG,2021-03-08 10:30:00,2021-03-08 12:00:00,386.691,385.249,322,1.0,-464.32399999998404,2.254,-466.57799999998406,band_vwap
2021-03-08,LONG,2021-03-08 12:30:00,2021-03-08 13:00:00,386.921,386.73900000000003,322,1.0,-58.60399999998697,2.254,-60.857999999986966,band_vwap
2021-03-08,LONG,2021-03-08 13:30:00,2021-03-08 14:00:00,387.32099999999997,384.339,322,1.0,-960.2039999999906,2.254,-962.4579999999906,band_vwap
2021-03-09,LONG,2021-03-09 10:00:00,2021-03-09 15:30:00,387.26939999999996,389.009,317,1.0,551.4532000000167,2.219,549.2342000000167,band_vwap
2021-03-11,LONG,2021-03-11 11:00:00,2021-03-11 14:00:00,394.051,394.559,314,1.0,159.512000000012,2.198,157.314000000012,band_vwap
2021-03-19,SHORT,2021-03-19 10:00:00,2021-03-19 10:30:00,388.509,388.791,316,1.0,-89.1119999999944,2.212,-91.3239999999944,band_vwap
2021-03-22,LONG,2021-03-22 10:00:00,2021-03-22 15:59:00,391.301,392.53900000000004,316,1.0,391.2080000000178,2.212,388.99600000001783,market_close
2021-03-23,SHORT,2021-03-23 15:30:00,2021-03-23 15:59:00,389.389,389.51099999999997,315,1.0,-38.429999999986535,2.205,-40.63499999998653,market_close
2021-03-25,LONG,2021-03-25 15:30:00,2021-03-25 15:59:00,389.45099999999996,389.649,320,1.0,63.360000000011496,2.24,61.120000000011494,market_close
2021-03-26,LONG,2021-03-26 10:30:00,2021-03-26 11:00:00,392.051,391.519,316,1.0,-168.1119999999944,2.212,-170.32399999999438,band_vwap
2021-03-26,LONG,2021-03-26 13:00:00,2021-03-26 14:00:00,392.4906,391.96900000000005,316,1.0,-164.8255999999751,2.212,-167.0375999999751,band_vwap
2021-03-26,LONG,2021-03-26 15:30:00,2021-03-26 15:59:00,392.82099999999997,395.939,316,1.0,985.2880000000164,2.212,983.0760000000164,market_close
2021-03-29,SHORT,2021-03-29 10:30:00,2021-03-29 11:30:00,393.09900000000005,393.991,315,1.0,-280.9799999999808,2.205,-283.1849999999808,band_vwap
2021-03-31,LONG,2021-03-31 10:00:00,2021-03-31 10:30:00,396.131,396.069,313,1.0,-19.40599999998591,2.191,-21.596999999985908,band_vwap
2021-03-31,LONG,2021-03-31 11:00:00,2021-03-31 15:59:00,396.811,396.249,313,1.0,-175.9059999999859,2.191,-178.0969999999859,market_close
2021-04-01,LONG,2021-04-01 10:30:00,2021-04-01 11:30:00,399.221,399.22900000000004,310,1.0,2.4800000000118416,2.17,0.3100000000118417,band_vwap
2021-04-01,LONG,2021-04-01 12:30:00,2021-04-01 13:30:00,399.746,399.389,310,1.0,-110.66999999999098,2.17,-112.83999999999098,band_vwap
2021-04-01,LONG,2021-04-01 14:00:00,2021-04-01 15:00:00,399.65099999999995,399.9291,310,1.0,86.21100000001604,2.17,84.04100000001604,band_vwap
2021-04-05,LONG,2021-04-05 10:00:00,2021-04-05 15:59:00,404.551,406.309,306,1.0,537.9480000000117,2.142,535.8060000000116,market_close
2021-04-09,LONG,2021-04-09 14:00:00,2021-04-09 15:00:00,409.806,409.709,304,1.0,-29.487999999993917,2.128,-31.615999999993917,band_vwap
2021-04-09,LONG,2021-04-09 15:30:00,2021-04-09 15:59:00,410.561,411.439,304,1.0,266.912000000013,2.128,264.784000000013,market_close
2021-04-13,LONG,2021-04-13 14:30:00,2021-04-13 15:59:00,412.69599999999997,412.82890000000003,302,1.0,40.13580000001912,2.114,38.02180000001912,market_close
2021-04-14,LONG,2021-04-14 10:00:00,2021-04-14 10:30:00,413.82099999999997,413.29900000000004,301,1.0,-157.1219999999803,2.107,-159.2289999999803,band_vwap
2021-04-14,SHORT,2021-04-14 15:00:00,2021-04-14 15:30:00,411.329,411.95099999999996,301,1.0,-187.22199999998713,2.107,-189.32899999998713,band_vwap
2021-04-15,LONG,2021-04-15 10:30:00,2021-04-15 15:30:00,414.561,414.964,300,1.0,120.900000000006,2.1,118.80000000000601,band_vwap
2021-04-19,SHORT,2021-04-19 11:00:00,2021-04-19 11:30:00,415.34400000000005,415.64099999999996,298,1.0,-88.50599999997371,2.086,-90.59199999997371,band_vwap
2021-04-19,SHORT,2021-04-19 12:00:00,2021-04-19 15:00:00,414.819,415.07599999999996,298,1.0,-76.58599999998455,2.086,-78.67199999998455,band_vwap
2021-04-19,SHORT,2021-04-19 15:30:00,2021-04-19 15:59:00,414.319,415.26099999999997,298,1.0,-280.71599999998523,2.086,-282.80199999998524,market_close
2021-04-20,SHORT,2021-04-20 11:00:00,2021-04-20 15:59:00,412.34900000000005,412.241,299,1.0,32.29200000001822,2.093,30.19900000001822,market_close
2021-04-21,LONG,2021-04-21 10:00:00,2021-04-21 15:59:00,413.411,416.089,301,1.0,806.0779999999992,2.107,803.9709999999992,market_close
2021-04-22,SHORT,2021-04-22 14:00:00,2021-04-22 15:59:00,411.829,412.32099999999997,300,1.0,-147.59999999998854,2.1,-149.69999999998853,market_close
2021-04-23,LONG,2021-04-23 10:00:00,2021-04-23 15:59:00,414.191,416.71900000000005,301,1.0,760.9280000000231,2.107,758.8210000000231,market_close
2021-04-27,SHORT,2021-04-27 10:00:00,2021-04-27 10:30:00,416.84900000000005,417.231,300,1.0,-114.59999999998445,2.1,-116.69999999998444,band_vwap
2021-05-04,SHORT,2021-05-04 10:00:00,2021-05-04 13:30:00,413.879,413.68399999999997,301,1.0,58.69500000001506,2.107,56.58800000001506,band_vwap
2021-05-04,SHORT,2021-05-04 14:00:00,2021-05-04 14:30:00,413.499,413.751,301,1.0,-75.85199999998576,2.107,-77.95899999998576,band_vwap
2021-05-04,SHORT,2021-05-04 15:00:00,2021-05-04 15:30:00,414.07090000000005,413.87399999999997,301,1.0,59.26690000002549,2.107,57.15990000002549,band_vwap
2021-05-06,SHORT,2021-05-06 10:30:00,2021-05-06 11:00:00,414.29900000000004,415.131,301,1.0,-250.43199999998097,2.107,-252.53899999998097,band_vwap
2021-05-06,LONG,2021-05-06 12:30:00,2021-05-06 13:00:00,417.52599999999995,416.939,301,1.0,-176.6869999999796,2.107,-178.7939999999796,band_vwap
2021-05-07,LONG,2021-05-07 10:00:00,2021-05-07 13:30:00,420.96099999999996,421.4909,297,1.0,157.38030000001623,2.079,155.30130000001623,band_vwap
2021-05-07,LONG,2021-05-07 14:00:00,2021-05-07 15:59:00,421.69289999999995,422.089,297,1.0,117.64170000001388,2.079,115.56270000001389,market_close
2021-05-10,SHORT,2021-05-10 14:30:00,2021-05-10 15:59:00,419.7748,417.991,296,1.0,528.0048000000124,2.072,525.9328000000124,market_close
2021-05-11,SHORT,2021-05-11 10:30:00,2021-05-11 11:00:00,411.85900000000004,411.82099999999997,304,1.0,11.552000000020598,2.128,9.424000000020598,band_vwap
2021-05-12,SHORT,2021-05-12 11:00:00,2021-05-12 15:59:00,409.42900000000003,405.441,305,1.0,1216.3400000000172,2.1350000000000002,1214.2050000000172,market_close
2021-05-13,LONG,2021-05-13 10:00:00,2021-05-13 11:30:00,410.051,409.839,311,1.0,-65.9319999999966,2.177,-68.10899999999661,band_vwap
2021-05-13,LONG,2021-05-13 12:00:00,2021-05-13 13:00:00,409.671,409.84900000000005,311,1.0,55.35800000001683,2.177,53.18100000001683,band_vwap
2021-05-13,LONG,2021-05-13 13:30:00,2021-05-13 14:00:00,409.061,408.819,311,1.0,-75.26199999998812,2.177,-77.43899999998813,band_vwap
2021-05-13,LONG,2021-05-13 14:30:00,2021-05-13 15:59:00,411.14099999999996,410.249,311,1.0,-277.41199999998105,2.177,-279.58899999998107,market_close
2021-05-14,LONG,2021-05-14 10:00:00,2021-05-14 10:30:00,414.90099999999995,414.42900000000003,306,1.0,-144.43199999997648,2.142,-146.57399999997648,band_vwap
2021-05-14,LONG,2021-05-14 11:00:00,2021-05-14 15:59:00,415.28099999999995,416.54900000000004,306,1.0,388.0080000000263,2.142,385.8660000000263,market_close
2021-05-20,LONG,2021-05-20 10:00:00,2021-05-20 15:59:00,413.09099999999995,415.249,307,1.0,662.5060000000221,2.149,660.3570000000221,market_close
2021-05-21,LONG,2021-05-21 10:00:00,2021-05-21 10:30:00,418.181,416.78900000000004,305,1.0,-424.5599999999814,2.1350000000000002,-426.6949999999814,band_vwap
2021-05-24,LONG,2021-05-24 10:30:00,2021-05-24 12:30:00,419.02099999999996,418.97900000000004,304,1.0,-12.767999999974563,2.128,-14.895999999974563,band_vwap
2021-05-24,LONG,2021-05-24 13:30:00,2021-05-24 15:59:00,419.631,419.129,304,1.0,-152.60799999998562,2.128,-154.7359999999856,market_close
2021-06-04,LONG,2021-06-04 11:00:00,2021-06-04 11:30:00,421.721,421.869,301,1.0,44.54800000000739,2.107,42.44100000000739,band_vwap
2021-06-04,LONG,2021-06-04 15:00:00,2021-06-04 15:30:00,422.496,422.46900000000005,301,1.0,-8.12699999997892,2.107,-10.23399999997892,band_vwap
2021-06-07,SHORT,2021-06-07 10:30:00,2021-06-07 11:00:00,421.60900000000004,421.731,300,1.0,-36.599999999987176,2.1,-38.69999999998718,band_vwap
2021-06-08,SHORT,2021-06-08 11:30:00,2021-06-08 12:00:00,420.934,422.02099999999996,299,1.0,-325.01299999997974,2.093,-327.10599999997976,band_vwap
2021-06-10,LONG,2021-06-10 10:00:00,2021-06-10 10:30:00,424.251,423.759,299,1.0,-147.10799999998858,2.093,-149.20099999998857,band_vwap
2021-06-14,SHORT,2021-06-14 12:30:00,2021-06-14 13:30:00,423.394,423.39099999999996,297,1.0,0.8910000000126956,2.079,-1.1879999999873045,band_vwap
2021-06-14,SHORT,2021-06-14 14:30:00,2021-06-14 15:00:00,423.189,423.541,297,1.0,-104.5439999999927,2.079,-106.6229999999927,band_vwap
2021-06-15,SHORT,2021-06-15 10:30:00,2021-06-15 12:30:00,424.369,424.411,296,1.0,-12.431999999992058,2.072,-14.503999999992057,band_vwap
2021-06-15,SHORT,2021-06-15 13:00:00,2021-06-15 14:00:00,424.22900000000004,424.64599999999996,296,1.0,-123.43199999997523,2.072,-125.50399999997524,band_vwap
2021-06-16,SHORT,2021-06-16 12:30:00,2021-06-16 15:30:00,423.519,422.931,296,1.0,174.0480000000066,2.072,171.9760000000066,band_vwap
2021-06-17,SHORT,2021-06-17 12:30:00,2021-06-17 13:00:00,419.65900000000005,421.116,299,1.0,-435.6429999999811,2.093,-437.7359999999811,band_vwap
2021-06-18,SHORT,2021-06-18 11:00:00,2021-06-18 12:00:00,416.189,416.751,301,1.0,-169.16199999998645,2.107,-171.26899999998645,band_vwap
2021-06-18,SHORT,2021-06-18 15:00:00,2021-06-18 15:30:00,415.869,416.551,301,1.0,-205.28199999998782,2.107,-207.38899999998782,band_vwap
2021-06-21,LONG,2021-06-21 10:00:00,2021-06-21 15:59:00,417.881,420.839,301,1.0,890.3580000000081,2.107,888.2510000000082,market_close
2021-06-22,LONG,2021-06-22 11:00:00,2021-06-22 15:59:00,421.881,423.03900000000004,300,1.0,347.4000000000217,2.1,345.30000000002167,market_close
2021-07-01,LONG,2021-07-01 10:00:00,2021-07-01 10:30:00,429.34099999999995,429.379,295,1.0,11.210000000019988,2.065,9.145000000019989,band_vwap
2021-07-01,LONG,2021-07-01 14:30:00,2021-07-01 15:59:00,430.181,430.46900000000005,295,1.0,84.96000000001999,2.065,82.89500000001999,market_close
2021-07-02,LONG,2021-07-02 13:00:00,2021-07-02 15:59:00,433.2611,433.749,293,1.0,142.95470000000722,2.051,140.90370000000723,market_close
2021-07-06,SHORT,2021-07-06 10:00:00,2021-07-06 14:00:00,432.96900000000005,431.746,292,1.0,357.11600000002045,2.044,355.07200000002047,band_vwap
2021-07-06,SHORT,2021-07-06 14:30:00,2021-07-06 15:00:00,432.199,432.111,292,1.0,25.696000000006507,2.044,23.652000000006506,band_vwap
2021-07-09,LONG,2021-07-09 10:00:00,2021-07-09 15:59:00,433.58099999999996,435.48900000000003,294,1.0,560.9520000000213,2.058,558.8940000000213,market_close
2021-07-12,LONG,2021-07-12 10:30:00,2021-07-12 11:30:00,436.46099999999996,436.389,293,1.0,-21.095999999984144,2.051,-23.146999999984146,band_vwap
2021-07-12,LONG,2021-07-12 14:30:00,2021-07-12 15:00:00,436.96599999999995,436.869,293,1.0,-28.420999999977482,2.051,-30.471999999977484,band_vwap
2021-07-12,LONG,2021-07-12 15:30:00,2021-07-12 15:59:00,437.176,437.079,293,1.0,-28.420999999994137,2.051,-30.47199999999414,market_close
2021-07-15,SHORT,2021-07-15 14:00:00,2021-07-15 14:30:00,432.769,433.931,293,1.0,-340.46599999999347,2.051,-342.51699999999346,band_vwap
2021-07-16,SHORT,2021-07-16 10:30:00,2021-07-16 12:00:00,433.22900000000004,433.65099999999995,292,1.0,-123.22399999997424,2.044,-125.26799999997424,band_vwap
2021-07-16,SHORT,2021-07-16 13:30:00,2021-07-16 15:59:00,433.54900000000004,431.40099999999995,292,1.0,627.2160000000238,2.044,625.1720000000238,market_close
2021-07-19,SHORT,2021-07-19 10:00:00,2021-07-19 12:00:00,424.249,424.921,300,1.0,-201.5999999999906,2.1,-203.69999999999058,band_vwap
2021-07-19,SHORT,2021-07-19 12:30:00,2021-07-19 15:59:00,423.439,424.96099999999996,300,1.0,-456.59999999998035,2.1,-458.6999999999804,market_close
2021-07-20,LONG,2021-07-20 10:00:00,2021-07-20 15:59:00,428.251,431.029,298,1.0,827.844000000006,2.086,825.758000000006,market_close
2021-07-21,LONG,2021-07-21 10:00:00,2021-07-21 10:30:00,433.661,433.029,296,1.0,-187.07200000000148,2.072,-189.14400000000148,band_vwap
2021-07-23,LONG,2021-07-23 11:30:00,2021-07-23 12:00:00,439.236,438.73900000000003,292,1.0,-145.12399999998752,2.044,-147.16799999998753,band_vwap
2021-07-23,LONG,2021-07-23 13:30:00,2021-07-23 15:59:00,439.816,439.889,292,1.0,21.31600000001049,2.044,19.27200000001049,market_close
2021-07-27,SHORT,2021-07-27 11:00:00,2021-07-27 15:00:00,438.559,438.02099999999996,290,1.0,156.02000000001965,2.0300000000000002,153.99000000001965,band_vwap
2021-07-29,LONG,2021-07-29 10:00:00,2021-07-29 11:30:00,440.76099999999997,441.17400000000004,290,1.0,119.77000000001965,2.0300000000000002,117.74000000001965,band_vwap
2021-08-03,SHORT,2021-08-03 10:00:00,2021-08-03 10:30:00,436.399,437.77099999999996,292,1.0,-400.6239999999875,2.044,-402.6679999999875,band_vwap
2021-08-03,LONG,2021-08-03 14:30:00,2021-08-03 15:59:00,440.52099999999996,441.119,292,1.0,174.61600000002045,2.044,172.57200000002044,market_close
2021-08-12,LONG,2021-08-12 15:00:00,2021-08-12 15:59:00,444.851,445.069,288,1.0,62.78400000000511,2.016,60.76800000000511,market_close
2021-08-16,SHORT,2021-08-16 10:00:00,2021-08-16 11:30:00,443.389,443.751,287,1.0,-103.89399999999034,2.009,-105.90299999999034,band_vwap
2021-08-17,SHORT,2021-08-17 12:00:00,2021-08-17 15:30:00,443.059,443.171,287,1.0,-32.14399999999034,2.009,-34.15299999999034,band_vwap
2021-08-18,SHORT,2021-08-18 15:30:00,2021-08-18 15:59:00,441.54900000000004,439.21099999999996,288,1.0,673.3440000000228,2.016,671.3280000000228,market_close
2021-08-19,LONG,2021-08-19 12:00:00,2021-08-19 13:30:00,440.726,439.444,294,1.0,-376.9079999999948,2.058,-378.9659999999948,band_vwap
2021-08-19,LONG,2021-08-19 15:30:00,2021-08-19 15:59:00,440.89599999999996,439.839,294,1.0,-310.7579999999881,2.058,-312.8159999999881,market_close
2021-08-20,LONG,2021-08-20 10:00:00,2021-08-20 15:59:00,441.851,443.329,290,1.0,428.6200000000025,2.0300000000000002,426.59000000000253,market_close
2021-08-23,LONG,2021-08-23 10:00:00,2021-08-23 15:59:00,446.351,447.249,287,1.0,257.72600000000705,2.009,255.71700000000706,market_close
2021-08-25,LONG,2021-08-25 12:30:00,2021-08-25 13:00:00,449.291,449.259,286,1.0,-9.151999999994928,2.0020000000000002,-11.153999999994928,band_vwap
2021-08-25,LONG,2021-08-25 14:30:00,2021-08-25 15:00:00,449.171,449.09900000000005,286,1.0,-20.591999999984523,2.0020000000000002,-22.593999999984522,band_vwap
2021-08-26,SHORT,2021-08-26 10:30:00,2021-08-26 12:30:00,447.54900000000004,447.95099999999996,286,1.0,-114.97199999997997,2.0020000000000002,-116.97399999997997,band_vwap
2021-08-26,SHORT,2021-08-26 13:30:00,2021-08-26 15:59:00,447.399,446.27099999999996,286,1.0,322.6080000000122,2.0020000000000002,320.6060000000122,market_close
2021-08-27,LONG,2021-08-27 10:30:00,2021-08-27 15:59:00,449.311,450.17900000000003,287,1.0,249.11600000001488,2.009,247.1070000000149,market_close
2021-08-30,LONG,2021-08-30 10:30:00,2021-08-30 15:59:00,452.171,452.21900000000005,285,1.0,13.680000000016719,1.995,11.685000000016718,market_close
2021-08-31,SHORT,2021-08-31 10:00:00,2021-08-31 10:30:00,451.10900000000004,451.631,284,1.0,-148.2479999999814,1.988,-150.2359999999814,band_vwap
2021-09-07,SHORT,2021-09-07 10:00:00,2021-09-07 11:00:00,451.73900000000003,451.681,284,1.0,16.472000000014077,1.988,14.484000000014078,band_vwap
2021-09-07,SHORT,2021-09-07 11:30:00,2021-09-07 12:30:00,451.089,451.801,284,1.0,-202.2079999999969,1.988,-204.1959999999969,band_vwap
2021-09-08,SHORT,2021-09-08 11:00:00,2021-09-08 11:30:00,449.42900000000003,450.02099999999996,284,1.0,-168.12799999997947,1.988,-170.11599999997946,band_vwap
2021-09-08,SHORT,2021-09-08 12:00:00,2021-09-08 12:30:00,449.374,450.731,284,1.0,-385.38799999999173,1.988,-387.37599999999173,band_vwap
2021-09-09,LONG,2021-09-09 10:00:00,2021-09-09 11:00:00,451.801,451.869,283,1.0,19.244000000011454,1.981,17.263000000011452,band_vwap
2021-09-10,SHORT,2021-09-10 11:30:00,2021-09-10 12:00:00,447.509,447.916,283,1.0,-115.18099999999498,1.981,-117.16199999999498,band_vwap
2021-09-10,SHORT,2021-09-10 15:30:00,2021-09-10 15:59:00,446.85900000000004,445.5012,283,1.0,384.25740000001537,1.981,382.27640000001537,market_close
2021-09-14,SHORT,2021-09-14 11:00:00,2021-09-14 11:30:00,444.96900000000005,445.70099999999996,286,1.0,-209.35199999997542,2.0020000000000002,-211.35399999997543,band_vwap
2021-09-14,SHORT,2021-09-14 13:00:00,2021-09-14 15:59:00,444.85900000000004,444.181,286,1.0,193.90800000001548,2.0020000000000002,191.90600000001547,market_close
2021-09-15,LONG,2021-09-15 12:30:00,2021-09-15 15:59:00,445.95099999999996,447.85900000000004,288,1.0,549.5040000000208,2.016,547.4880000000209,market_close
2021-09-16,SHORT,2021-09-16 10:00:00,2021-09-16 12:30:00,446.129,445.671,287,1.0,131.4460000000077,2.009,129.4370000000077,band_vwap
2021-09-16,SHORT,2021-09-16 13:00:00,2021-09-16 13:30:00,445.97900000000004,445.991,287,1.0,-3.4439999999838165,2.009,-5.452999999983817,band_vwap
2021-09-17,SHORT,2021-09-17 10:00:00,2021-09-17 15:59:00,443.48900000000003,441.421,289,1.0,597.6520000000116,2.023,595.6290000000116,market_close
2021-09-20,SHORT,2021-09-20 12:00:00,2021-09-20 15:59:00,432.884,434.061,297,1.0,-349.56899999998933,2.079,-351.64799999998934,market_close
2021-09-22,LONG,2021-09-22 10:30:00,2021-09-22 15:00:00,437.39099999999996,437.6286,296,1.0,70.32960000001276,2.072,68.25760000001276,band_vwap
2021-09-22,LONG,2021-09-22 15:30:00,2021-09-22 15:59:00,438.971,437.829,296,1.0,-338.0319999999988,2.072,-340.1039999999988,market_close
2021-09-23,LONG,2021-09-23 10:00:00,2021-09-23 15:59:00,442.21099999999996,443.079,292,1.0,253.45600000001514,2.044,251.41200000001513,market_close
2021-09-28,SHORT,2021-09-28 10:00:00,2021-09-28 15:00:00,438.009,435.84099999999995,293,1.0,635.2240000000186,2.051,633.1730000000185,band_vwap
2021-09-28,SHORT,2021-09-28 15:30:00,2021-09-28 15:59:00,434.78400000000005,433.751,293,1.0,302.6690000000212,2.051,300.6180000000212,market_close
2021-09-30,SHORT,2021-09-30 12:30:00,2021-09-30 14:00:00,430.379,431.871,298,1.0,-444.6159999999886,2.086,-446.70199999998863,band_vwap
2021-10-01,LONG,2021-10-01 14:30:00,2021-10-01 15:59:00,434.04499999999996,434.189,300,1.0,43.20000000001869,2.1,41.10000000001869,market_close
2021-10-04,SHORT,2021-10-04 10:30:00,2021-10-04 15:59:00,429.949,428.691,299,1.0,376.1420000000114,2.093,374.0490000000114,market_close
2021-10-05,LONG,2021-10-05 10:30:00,2021-10-05 15:59:00,433.741,433.04900000000004,302,1.0,-208.98399999998503,2.114,-211.09799999998503,market_close
2021-10-07,LONG,2021-10-07 10:00:00,2021-10-07 13:30:00,440.671,441.199,296,1.0,156.28800000000592,2.072,154.21600000000592,band_vwap
2021-10-11,LONG,2021-10-11 10:00:00,2021-10-11 11:00:00,439.40099999999995,439.649,297,1.0,73.65600000001405,2.079,71.57700000001405,band_vwap
2021-10-14,LONG,2021-10-14 11:30:00,2021-10-14 15:59:00,441.13599999999997,442.46900000000005,296,1.0,394.56800000002477,2.072,392.49600000002476,market_close
2021-10-28,LONG,2021-10-28 10:00:00,2021-10-28 13:00:00,456.77099999999996,456.71900000000005,286,1.0,-14.871999999973468,2.0020000000000002,-16.873999999973467,band_vwap
2021-10-28,LONG,2021-10-28 13:30:00,2021-10-28 15:59:00,457.061,458.259,286,1.0,342.6280000000103,2.0020000000000002,340.62600000001027,market_close
2021-11-02,LONG,2021-11-02 10:00:00,2021-11-02 10:30:00,461.171,461.21900000000005,284,1.0,13.63200000001666,1.988,11.64400000001666,band_vwap
2021-11-02,LONG,2021-11-02 11:00:00,2021-11-02 12:00:00,461.596,461.41900000000004,284,1.0,-50.2679999999898,1.988,-52.2559999999898,band_vwap
2021-11-02,LONG,2021-11-02 12:30:00,2021-11-02 14:30:00,461.70099999999996,461.449,284,1.0,-71.56799999998657,1.988,-73.55599999998657,band_vwap
2021-11-02,LONG,2021-11-02 15:00:00,2021-11-02 15:59:00,461.90099999999995,461.869,284,1.0,-9.08799999997882,1.988,-11.07599999997882,market_close
2021-11-03,LONG,2021-11-03 15:00:00,2021-11-03 15:59:00,463.921,464.73900000000003,283,1.0,231.49400000001145,1.981,229.51300000001146,market_close
2021-11-04,LONG,2021-11-04 10:00:00,2021-11-04 11:30:00,466.356,465.334,281,1.0,-287.1819999999976,1.967,-289.14899999999756,band_vwap
2021-11-05,LONG,2021-11-05 10:00:00,2021-11-05 10:30:00,470.26099999999997,469.96900000000005,278,1.0,-81.17599999997674,1.946,-83.12199999997674,band_vwap
2021-11-09,SHORT,2021-11-09 10:00:00,2021-11-09 15:59:00,466.949,467.39099999999996,277,1.0,-122.43399999998627,1.939,-124.37299999998626,market_close
2021-11-10,SHORT,2021-11-10 14:00:00,2021-11-10 15:59:00,464.21900000000005,463.65099999999995,279,1.0,158.47200000002715,1.953,156.51900000002715,market_close
2021-11-12,LONG,2021-11-12 11:30:00,2021-11-12 15:59:00,466.83099999999996,467.259,280,1.0,119.84000000001515,1.96,117.88000000001516,market_close
2021-11-16,LONG,2021-11-16 10:00:00,2021-11-16 10:30:00,468.52099999999996,468.09900000000005,279,1.0,-117.73799999997539,1.953,-119.69099999997539,band_vwap
2021-11-16,LONG,2021-11-16 11:30:00,2021-11-16 15:59:00,469.751,469.23900000000003,279,1.0,-142.84799999998427,1.953,-144.80099999998427,market_close
2021-11-17,SHORT,2021-11-17 10:00:00,2021-11-17 10:30:00,467.569,468.01099999999997,277,1.0,-122.43399999998627,1.939,-124.37299999998626,band_vwap
2021-11-18,SHORT,2021-11-18 10:30:00,2021-11-18 11:00:00,466.829,467.491,277,1.0,-183.37399999999383,1.939,-185.31299999999382,band_vwap
2021-11-22,LONG,2021-11-22 10:00:00,2021-11-22 11:30:00,472.71099999999996,472.189,276,1.0,-144.07199999998193,1.932,-146.00399999998191,band_vwap
2021-11-23,LONG,2021-11-23 10:00:00,2021-11-23 10:30:00,468.57099999999997,466.079,278,1.0,-692.7759999999894,1.946,-694.7219999999894,band_vwap
2021-11-23,SHORT,2021-11-23 10:30:00,2021-11-23 11:30:00,466.079,466.59099999999995,278,1.0,-142.33599999998432,1.946,-144.28199999998432,band_vwap
2021-11-23,SHORT,2021-11-23 12:00:00,2021-11-23 12:30:00,466.209,466.306,278,1.0,-26.965999999994438,1.946,-28.91199999999444,band_vwap
2021-11-23,SHORT,2021-11-23 13:00:00,2021-11-23 14:00:00,465.459,466.28099999999995,278,1.0,-228.51599999998496,1.946,-230.46199999998495,band_vwap
2021-11-29,SHORT,2021-11-29 10:30:00,2021-11-29 11:30:00,462.59900000000005,463.051,277,1.0,-125.20399999998375,1.939,-127.14299999998374,band_vwap
2021-11-30,SHORT,2021-11-30 11:00:00,2021-11-30 15:59:00,458.029,455.84099999999995,278,1.0,608.2640000000125,1.946,606.3180000000125,market_close
2021-12-01,LONG,2021-12-01 11:00:00,2021-12-01 12:00:00,463.45099999999996,462.67900000000003,280,1.0,-216.15999999998166,1.96,-218.11999999998167,band_vwap
2021-12-01,SHORT,2021-12-01 15:30:00,2021-12-01 15:59:00,453.829,450.51099999999997,280,1.0,929.0400000000113,1.96,927.0800000000113,market_close
2021-12-02,LONG,2021-12-02 10:00:00,2021-12-02 15:59:00,455.871,457.35900000000004,288,1.0,428.54400000001624,2.016,426.5280000000162,market_close
2021-12-03,SHORT,2021-12-03 10:00:00,2021-12-03 15:59:00,455.41900000000004,453.431,284,1.0,564.592000000016,1.988,562.604000000016,market_close
2021-12-06,LONG,2021-12-06 10:30:00,2021-12-06 11:30:00,458.111,457.48900000000003,287,1.0,-178.51399999998773,2.009,-180.52299999998772,band_vwap
2021-12-06,LONG,2021-12-06 12:30:00,2021-12-06 15:00:00,458.71099999999996,458.85900000000004,287,1.0,42.47600000002336,2.009,40.46700000002336,band_vwap
2021-12-07,LONG,2021-12-07 10:00:00,2021-12-07 15:30:00,467.241,467.269,281,1.0,7.8680000000056225,1.967,5.901000000005622,band_vwap
2021-12-13,SHORT,2021-12-13 10:00:00,2021-12-13 12:30:00,468.699,467.851,278,1.0,235.74400000000367,1.946,233.79800000000367,band_vwap
2021-12-13,SHORT,2021-12-13 13:00:00,2021-12-13 14:00:00,467.519,467.741,278,1.0,-61.71599999999444,1.946,-63.661999999994435,band_vwap
2021-12-15,SHORT,2021-12-15 10:00:00,2021-12-15 10:30:00,461.709,461.941,282,1.0,-65.42399999999179,1.974,-67.3979999999918,band_vwap
2021-12-15,LONG,2021-12-15 15:30:00,2021-12-15 15:59:00,469.51099999999997,470.579,282,1.0,301.1760000000114,1.974,299.2020000000114,market_close
2021-12-16,SHORT,2021-12-16 13:00:00,2021-12-16 13:30:00,467.649,468.806,277,1.0,-320.4889999999951,1.939,-322.4279999999951,band_vwap
2021-12-16,SHORT,2021-12-16 14:30:00,2021-12-16 15:30:00,466.889,467.171,277,1.0,-78.11399999999509,1.939,-80.05299999999508,band_vwap
2021-12-17,SHORT,2021-12-17 10:30:00,2021-12-17 11:00:00,459.40900000000005,463.291,283,1.0,-1098.6059999999852,1.981,-1100.5869999999852,band_vwap
2021-12-20,SHORT,2021-12-20 10:30:00,2021-12-20 12:00:00,452.35900000000004,452.871,285,1.0,-145.91999999998393,1.995,-147.91499999998393,band_vwap
2021-12-21,LONG,2021-12-21 13:00:00,2021-12-21 15:59:00,461.871,463.04900000000004,282,1.0,332.19600000001526,1.974,330.22200000001527,market_close
2021-12-22,LONG,2021-12-22 11:00:00,2021-12-22 14:00:00,466.131,465.879,280,1.0,-70.55999999998676,1.96,-72.51999999998675,band_vwap
2021-12-22,LONG,2021-12-22 15:00:00,2021-12-22 15:59:00,466.32099999999997,467.699,280,1.0,385.84000000001197,1.96,383.880000000012,market_close
2021-12-23,LONG,2021-12-23 10:00:00,2021-12-23 11:30:00,470.171,470.91900000000004,277,1.0,207.1960000000131,1.939,205.2570000000131,band_vwap
2021-12-23,LONG,2021-12-23 12:00:00,2021-12-23 12:30:00,471.311,470.93620000000004,277,1.0,-103.81959999998242,1.939,-105.75859999998241,band_vwap
2021-12-23,LONG,2021-12-23 14:30:00,2021-12-23 15:30:00,471.54699999999997,471.439,277,1.0,-29.915999999985388,1.939,-31.854999999985388,band_vwap
2021-12-27,LONG,2021-12-27 10:00:00,2021-12-27 15:59:00,473.191,477.269,276,1.0,1125.5280000000087,1.932,1123.5960000000086,market_close
2022-01-04,SHORT,2022-01-04 14:00:00,2022-01-04 14:30:00,475.71900000000005,476.541,274,1.0,-225.22799999998517,1.9180000000000001,-227.14599999998518,band_vwap
2022-01-05,SHORT,2022-01-05 14:30:00,2022-01-05 15:59:00,473.41900000000004,468.381,274,1.0,1380.4120000000185,1.9180000000000001,1378.4940000000186,market_close
2022-01-06,SHORT,2022-01-06 10:00:00,2022-01-06 10:30:00,467.03900000000004,467.65599999999995,283,1.0,-174.6109999999731,1.981,-176.5919999999731,band_vwap
2022-01-07,SHORT,2022-01-07 11:00:00,2022-01-07 12:00:00,465.269,467.661,282,1.0,-674.5439999999988,1.974,-676.5179999999989,band_vwap
2022-01-10,SHORT,2022-01-10 10:00:00,2022-01-10 11:30:00,459.339,460.061,284,1.0,-205.04799999999432,1.988,-207.03599999999432,band_vwap
2022-01-10,SHORT,2022-01-10 12:00:00,2022-01-10 13:00:00,459.46900000000005,459.241,284,1.0,64.7520000000186,1.988,62.7640000000186,band_vwap
2022-01-10,SHORT,2022-01-10 13:30:00,2022-01-10 14:00:00,460.54540000000003,461.89099999999996,284,1.0,-382.1503999999811,1.988,-384.1383999999811,band_vwap
2022-01-11,SHORT,2022-01-11 10:00:00,2022-01-11 10:30:00,462.85900000000004,464.111,281,1.0,-351.8119999999867,1.967,-353.7789999999867,band_vwap
2022-01-11,SHORT,2022-01-11 11:00:00,2022-01-11 11:30:00,463.439,466.551,281,1.0,-874.4719999999905,1.967,-876.4389999999905,band_vwap
2022-01-11,LONG,2022-01-11 12:00:00,2022-01-11 12:30:00,467.551,466.819,281,1.0,-205.69199999999182,1.967,-207.65899999999183,band_vwap
2022-01-11,LONG,2022-01-11 13:00:00,2022-01-11 15:59:00,467.76099999999997,469.73900000000003,281,1.0,555.8180000000184,1.967,553.8510000000184,market_close
2022-01-12,LONG,2022-01-12 10:00:00,2022-01-12 10:30:00,472.64099999999996,472.379,276,1.0,-72.31199999998444,1.932,-74.24399999998444,band_vwap
2022-01-13,SHORT,2022-01-13 12:30:00,2022-01-13 15:59:00,467.72400000000005,464.541,275,1.0,875.3250000000137,1.925,873.4000000000137,market_close
2022-01-18,SHORT,2022-01-18 10:00:00,2022-01-18 10:30:00,458.09900000000005,459.09099999999995,285,1.0,-282.7199999999729,1.995,-284.7149999999729,band_vwap
2022-01-18,SHORT,2022-01-18 11:00:00,2022-01-18 15:00:00,457.519,458.421,285,1.0,-257.06999999999624,1.995,-259.06499999999625,band_vwap
2022-01-18,SHORT,2022-01-18 15:30:00,2022-01-18 15:59:00,457.03900000000004,456.51099999999997,285,1.0,150.4800000000219,1.995,148.4850000000219,market_close
2022-01-19,LONG,2022-01-19 10:00:00,2022-01-19 10:30:00,459.481,456.394,285,1.0,-879.7949999999969,1.995,-881.7899999999969,band_vwap
2022-01-19,SHORT,2022-01-19 14:30:00,2022-01-19 15:00:00,454.459,455.381,285,1.0,-262.76999999999106,1.995,-264.76499999999106,band_vwap
2022-01-20,LONG,2022-01-20 10:00:00,2022-01-20 13:30:00,456.721,455.699,285,1.0,-291.26999999999754,1.995,-293.26499999999754,band_vwap
2022-01-20,LONG,2022-01-20 14:00:00,2022-01-20 14:30:00,455.301,454.339,285,1.0,-274.1699999999969,1.995,-276.1649999999969,band_vwap
2022-01-21,SHORT,2022-01-21 10:00:00,2022-01-21 11:00:00,443.639,446.0909,289,1.0,-708.5990999999904,2.023,-710.6220999999904,band_vwap
2022-01-21,SHORT,2022-01-21 12:30:00,2022-01-21 15:59:00,443.569,438.02099999999996,289,1.0,1603.372000000017,2.023,1601.349000000017,market_close
2022-01-24,SHORT,2022-01-24 10:00:00,2022-01-24 14:00:00,429.089,431.27099999999996,300,1.0,-654.5999999999879,2.1,-656.6999999999879,band_vwap
2022-01-24,SHORT,2022-01-24 14:30:00,2022-01-24 15:00:00,428.47900000000004,430.311,300,1.0,-549.599999999981,2.1,-551.6999999999811,band_vwap
2022-01-25,SHORT,2022-01-25 10:00:00,2022-01-25 10:30:00,429.129,432.481,297,1.0,-995.5439999999927,2.079,-997.6229999999927,band_vwap
2022-01-25,SHORT,2022-01-25 12:00:00,2022-01-25 12:30:00,429.79900000000004,432.371,297,1.0,-763.8839999999839,2.079,-765.9629999999838,band_vwap
2022-01-27,LONG,2022-01-27 10:00:00,2022-01-27 10:30:00,440.301,437.399,289,1.0,-838.6779999999962,2.023,-840.7009999999963,band_vwap
2022-01-27,SHORT,2022-01-27 13:30:00,2022-01-27 14:00:00,430.329,431.981,289,1.0,-477.4279999999962,2.023,-479.4509999999962,band_vwap
2022-01-27,SHORT,2022-01-27 14:30:00,2022-01-27 15:00:00,430.879,431.161,289,1.0,-81.49799999999487,2.023,-83.52099999999487,band_vwap
2022-01-28,SHORT,2022-01-28 10:00:00,2022-01-28 10:30:00,428.499,430.76099999999997,290,1.0,-655.9799999999836,2.0300000000000002,-658.0099999999836,band_vwap
2022-01-28,LONG,2022-01-28 11:30:00,2022-01-28 13:00:00,435.001,434.569,290,1.0,-125.27999999998826,2.0300000000000002,-127.30999999998826,band_vwap
2022-01-28,LONG,2022-01-28 13:30:00,2022-01-28 14:30:00,435.621,432.619,290,1.0,-870.5799999999863,2.0300000000000002,-872.6099999999863,band_vwap
2022-01-28,LONG,2022-01-28 15:00:00,2022-01-28 15:59:00,436.08099999999996,441.899,290,1.0,1687.2200000000116,2.0300000000000002,1685.1900000000117,market_close
2022-01-31,LONG,2022-01-31 10:30:00,2022-01-31 15:59:00,444.371,449.78900000000004,284,1.0,1538.712000000018,1.988,1536.724000000018,market_close
2022-02-04,LONG,2022-02-04 13:30:00,2022-02-04 15:59:00,449.76099999999997,448.72900000000004,284,1.0,-293.0879999999788,1.988,-295.0759999999788,market_close
2022-02-08,LONG,2022-02-08 11:30:00,2022-02-08 14:30:00,449.01099999999997,448.91900000000004,283,1.0,-26.035999999979538,1.981,-28.01699999997954,band_vwap
2022-02-11,SHORT,2022-02-11 13:00:00,2022-02-11 15:59:00,446.67900000000003,440.51099999999997,282,1.0,1739.376000000018,1.974,1737.402000000018,market_close
2022-02-14,SHORT,2022-02-14 11:00:00,2022-02-14 11:30:00,437.879,439.791,292,1.0,-558.3039999999935,2.044,-560.3479999999935,band_vwap
2022-02-14,SHORT,2022-02-14 14:00:00,2022-02-14 14:30:00,436.259,437.481,292,1.0,-356.82399999999416,2.044,-358.86799999999414,band_vwap
2022-02-15,LONG,2022-02-15 11:00:00,2022-02-15 11:30:00,445.51099999999997,444.98900000000003,287,1.0,-149.8139999999812,2.009,-151.8229999999812,band_vwap
2022-02-15,LONG,2022-02-15 12:00:00,2022-02-15 12:30:00,445.611,444.35900000000004,287,1.0,-359.3239999999864,2.009,-361.33299999998644,band_vwap
2022-02-17,SHORT,2022-02-17 10:00:00,2022-02-17 11:30:00,440.769,441.471,286,1.0,-200.77199999999948,2.0020000000000002,-202.7739999999995,band_vwap
2022-02-17,SHORT,2022-02-17 12:00:00,2022-02-17 12:30:00,441.209,441.411,286,1.0,-57.77199999999948,2.0020000000000002,-59.77399999999948,band_vwap
2022-02-17,SHORT,2022-02-17 13:00:00,2022-02-17 15:59:00,441.139,437.111,286,1.0,1152.0080000000057,2.0020000000000002,1150.0060000000058,market_close
2022-02-18,SHORT,2022-02-18 11:00:00,2022-02-18 14:30:00,435.47900000000004,436.20099999999996,292,1.0,-210.82399999997756,2.044,-212.86799999997757,band_vwap
2022-02-22,SHORT,2022-02-22 13:00:00,2022-02-22 15:00:00,429.449,430.95099999999996,295,1.0,-443.08999999998605,2.065,-445.15499999998605,band_vwap
2022-02-23,SHORT,2022-02-23 11:00:00,2022-02-23 12:00:00,428.139,428.83099999999996,294,1.0,-203.44799999998543,2.058,-205.50599999998542,band_vwap
2022-02-23,SHORT,2022-02-23 13:30:00,2022-02-23 15:59:00,425.72900000000004,421.971,294,1.0,1104.8520000000112,2.058,1102.7940000000112,market_close
2022-02-25,LONG,2022-02-25 10:30:00,2022-02-25 15:59:00,431.861,437.67900000000003,298,1.0,1733.764000000012,2.086,1731.678000000012,market_close
2022-03-01,SHORT,2022-03-01 12:00:00,2022-03-01 15:59:00,429.764,430.01099999999997,298,1.0,-73.60599999998726,2.086,-75.69199999998726,market_close
2022-03-02,LONG,2022-03-02 11:30:00,2022-03-02 15:59:00,436.731,437.829,300,1.0,329.40000000000396,2.1,327.30000000000393,market_close
2022-03-03,SHORT,2022-03-03 11:00:00,2022-03-03 11:30:00,434.899,435.811,295,1.0,-269.0399999999934,2.065,-271.1049999999934,band_vwap
2022-03-04,SHORT,2022-03-04 11:00:00,2022-03-04 11:30:00,428.509,428.971,300,1.0,-138.59999999999673,2.1,-140.69999999999672,band_vwap
2022-03-07,SHORT,2022-03-07 10:00:00,2022-03-07 15:59:00,427.79900000000004,419.46099999999996,300,1.0,2501.4000000000237,2.1,2499.300000000024,market_close
2022-03-08,SHORT,2022-03-08 10:30:00,2022-03-08 11:00:00,416.35900000000004,419.351,315,1.0,-942.479999999988,2.205,-944.684999999988,band_vwap
2022-03-08,LONG,2022-03-08 12:30:00,2022-03-08 14:00:00,423.791,419.519,315,1.0,-1345.6799999999973,2.205,-1347.8849999999973,band_vwap
2022-03-14,LONG,2022-03-14 11:00:00,2022-03-14 11:30:00,424.33099999999996,422.279,308,1.0,-632.0159999999889,2.156,-634.1719999999889,band_vwap
2022-03-15,LONG,2022-03-15 12:30:00,2022-03-15 13:00:00,424.07099999999997,423.569,308,1.0,-154.61599999998543,2.156,-156.77199999998544,band_vwap
2022-03-15,LONG,2022-03-15 15:30:00,2022-03-15 15:59:00,425.786,426.139,308,1.0,108.72400000000266,2.156,106.56800000000266,market_close
2022-03-16,LONG,2022-03-16 10:00:00,2022-03-16 11:30:00,431.931,432.869,300,1.0,281.4000000000135,2.1,279.3000000000135,band_vwap
2022-03-17,LONG,2022-03-17 14:00:00,2022-03-17 14:30:00,439.441,438.309,298,1.0,-337.33599999998455,2.086,-339.42199999998456,band_vwap
2022-03-22,LONG,2022-03-22 10:30:00,2022-03-22 12:00:00,448.56399999999996,448.694,289,1.0,37.57000000001511,2.023,35.54700000001511,band_vwap
2022-03-22,LONG,2022-03-22 14:00:00,2022-03-22 14:30:00,449.51099999999997,448.579,289,1.0,-269.3479999999883,2.023,-271.3709999999883,band_vwap
2022-04-04,LONG,2022-04-04 10:00:00,2022-04-04 11:00:00,454.501,454.449,284,1.0,-14.767999999989797,1.988,-16.755999999989797,band_vwap
2022-04-04,LONG,2022-04-04 11:30:00,2022-04-04 13:00:00,455.20099999999996,454.90900000000005,284,1.0,-82.92799999997624,1.988,-84.91599999997624,band_vwap
2022-04-04,LONG,2022-04-04 14:00:00,2022-04-04 15:30:00,455.71099999999996,456.10900000000004,284,1.0,113.03200000002312,1.988,111.04400000002312,band_vwap
2022-04-05,SHORT,2022-04-05 12:30:00,2022-04-05 13:00:00,452.769,453.551,283,1.0,-221.30599999999498,1.981,-223.28699999999498,band_vwap
2022-04-05,SHORT,2022-04-05 14:00:00,2022-04-05 15:59:00,453.019,451.101,283,1.0,542.7940000000018,1.981,540.8130000000018,market_close
2022-04-06,SHORT,2022-04-06 10:00:00,2022-04-06 11:30:00,445.57910000000004,445.45599999999996,289,1.0,35.57590000002284,2.023,33.55290000002284,band_vwap
2022-04-06,SHORT,2022-04-06 12:30:00,2022-04-06 13:00:00,444.889,445.26099999999997,289,1.0,-107.50799999998765,2.023,-109.53099999998764,band_vwap
2022-04-06,SHORT,2022-04-06 14:30:00,2022-04-06 15:00:00,444.559,447.991,289,1.0,-991.8479999999884,2.023,-993.8709999999884,band_vwap
2022-04-07,LONG,2022-04-07 15:00:00,2022-04-07 15:59:00,449.251,448.73900000000003,287,1.0,-146.94399999998382,2.009,-148.9529999999838,market_close
2022-04-08,SHORT,2022-04-08 10:00:00,2022-04-08 10:30:00,446.079,447.431,285,1.0,-385.319999999993,1.995,-387.314999999993,band_vwap
2022-04-08,LONG,2022-04-08 11:00:00,2022-04-08 11:30:00,449.801,449.339,285,1.0,-131.6699999999969,1.995,-133.6649999999969,band_vwap
2022-04-08,LONG,2022-04-08 12:30:00,2022-04-08 13:00:00,450.421,450.189,285,1.0,-66.1199999999917,1.995,-68.11499999999171,band_vwap
2022-04-11,SHORT,2022-04-11 10:30:00,2022-04-11 15:00:00,442.764,442.46099999999996,287,1.0,86.96100000001553,2.009,84.95200000001553,band_vwap
2022-04-11,SHORT,2022-04-11 15:30:00,2022-04-11 15:59:00,440.949,439.971,287,1.0,280.6860000000025,2.009,278.67700000000247,market_close
2022-04-12,LONG,2022-04-12 10:00:00,2022-04-12 10:30:00,445.07099999999997,443.629,288,1.0,-415.2959999999857,2.016,-417.31199999998574,band_vwap
2022-04-12,SHORT,2022-04-12 14:30:00,2022-04-12 15:00:00,438.47900000000004,438.811,288,1.0,-95.6159999999818,2.016,-97.6319999999818,band_vwap
2022-04-12,SHORT,2022-04-12 15:30:00,2022-04-12 15:59:00,437.05890000000005,438.241,288,1.0,-340.4447999999811,2.016,-342.46079999998113,market_close
2022-04-13,LONG,2022-04-13 10:30:00,2022-04-13 15:59:00,439.291,443.35900000000004,289,1.0,1175.6520000000116,2.023,1173.6290000000117,market_close
2022-04-14,SHORT,2022-04-14 10:00:00,2022-04-14 11:30:00,442.17900000000003,442.051,288,1.0,36.86400000001231,2.016,34.84800000001231,band_vwap
2022-04-14,SHORT,2022-04-14 12:00:00,2022-04-14 15:59:00,440.774,437.871,288,1.0,836.0640000000058,2.016,834.0480000000058,market_close
2022-04-19,LONG,2022-04-19 10:00:00,2022-04-19 15:59:00,441.40099999999995,445.009,294,1.0,1060.752000000018,2.058,1058.694000000018,market_close
2022-04-21,SHORT,2022-04-21 14:00:00,2022-04-21 15:59:00,441.72900000000004,438.041,290,1.0,1069.5200000000132,2.0300000000000002,1067.4900000000132,market_close
2022-04-22,SHORT,2022-04-22 10:00:00,2022-04-22 15:59:00,434.339,426.09099999999995,300,1.0,2474.400000000014,2.1,2472.3000000000143,market_close
2022-04-25,SHORT,2022-04-25 10:00:00,2022-04-25 10:30:00,420.29900000000004,422.66049999999996,315,1.0,-743.8724999999752,2.205,-746.0774999999752,band_vwap
2022-04-25,SHORT,2022-04-25 11:00:00,2022-04-25 12:30:00,420.699,421.71099999999996,315,1.0,-318.77999999998224,2.205,-320.9849999999822,band_vwap
2022-04-26,SHORT,2022-04-26 10:00:00,2022-04-26 13:00:00,423.84900000000005,422.2154,311,1.0,508.0496000000181,2.177,505.87260000001805,band_vwap
2022-04-26,SHORT,2022-04-26 13:30:00,2022-04-26 15:59:00,419.119,416.111,311,1.0,935.4880000000119,2.177,933.3110000000119,market_close
2022-04-27,LONG,2022-04-27 10:00:00,2022-04-27 10:30:00,420.751,415.92900000000003,321,1.0,-1547.8619999999826,2.247,-1550.1089999999826,band_vwap
2022-04-27,LONG,2022-04-27 11:30:00,2022-04-27 12:00:00,419.82099999999997,419.67900000000003,321,1.0,-45.58199999998044,2.247,-47.82899999998044,band_vwap
2022-04-27,LONG,2022-04-27 12:30:00,2022-04-27 14:30:00,422.131,420.369,321,1.0,-565.6019999999819,2.247,-567.8489999999819,band_vwap
2022-04-28,LONG,2022-04-28 13:00:00,2022-04-28 15:59:00,425.601,427.78900000000004,312,1.0,682.656000000014,2.184,680.4720000000141,market_close
2022-04-29,SHORT,2022-04-29 10:30:00,2022-04-29 15:59:00,421.189,412.051,312,1.0,2851.0560000000105,2.184,2848.8720000000103,market_close
2022-05-02,LONG,2022-05-02 10:30:00,2022-05-02 11:00:00,414.441,412.41900000000004,328,1.0,-663.2159999999785,2.2960000000000003,-665.5119999999786,band_vwap
2022-05-02,SHORT,2022-05-02 14:00:00,2022-05-02 15:30:00,407.579,411.911,328,1.0,-1420.895999999998,2.2960000000000003,-1423.191999999998,band_vwap
2022-05-03,LONG,2022-05-03 11:30:00,2022-05-03 12:30:00,417.96099999999996,416.629,321,1.0,-427.5719999999797,2.247,-429.8189999999797,band_vwap
2022-05-04,LONG,2022-05-04 15:00:00,2022-05-04 15:59:00,423.71099999999996,428.98900000000003,318,1.0,1678.4040000000246,2.226,1676.1780000000244,market_close
2022-05-05,SHORT,2022-05-05 10:00:00,2022-05-05 15:59:00,421.589,413.921,316,1.0,2423.088000000002,2.212,2420.876000000002,market_close
2022-05-06,SHORT,2022-05-06 10:00:00,2022-05-06 10:30:00,406.34900000000005,409.491,333,1.0,-1046.2859999999796,2.331,-1048.6169999999795,band_vwap
2022-05-09,SHORT,2022-05-09 10:30:00,2022-05-09 12:00:00,402.449,401.911,335,1.0,180.23000000000366,2.345,177.88500000000366,band_vwap
2022-05-09,SHORT,2022-05-09 13:00:00,2022-05-09 13:30:00,400.71900000000005,401.58099999999996,335,1.0,-288.7699999999697,2.345,-291.1149999999697,band_vwap
2022-05-09,SHORT,2022-05-09 14:00:00,2022-05-09 15:00:00,400.499,401.311,335,1.0,-272.0199999999849,2.345,-274.36499999998495,band_vwap
2022-05-11,LONG,2022-05-11 10:00:00,2022-05-11 11:00:00,402.251,401.439,340,1.0,-276.0799999999847,2.38,-278.4599999999847,band_vwap
2022-05-11,SHORT,2022-05-11 14:00:00,2022-05-11 14:30:00,393.509,396.01099999999997,340,1.0,-850.6799999999839,2.38,-853.0599999999839,band_vwap
2022-05-13,LONG,2022-05-13 10:30:00,2022-05-13 14:00:00,400.971,399.339,338,1.0,-551.6160000000017,2.366,-553.9820000000017,band_vwap
2022-05-13,LONG,2022-05-13 15:30:00,2022-05-13 15:59:00,402.361,401.689,338,1.0,-227.1359999999894,2.366,-229.5019999999894,market_close
2022-05-18,SHORT,2022-05-18 10:00:00,2022-05-18 11:00:00,401.15900000000005,400.76099999999997,331,1.0,131.73800000002694,2.317,129.42100000002694,band_vwap
2022-05-18,SHORT,2022-05-18 11:30:00,2022-05-18 15:59:00,397.03900000000004,391.931,331,1.0,1690.74800000002,2.317,1688.43100000002,market_close
2022-05-20,SHORT,2022-05-20 12:30:00,2022-05-20 15:30:00,384.444,385.251,344,1.0,-277.6079999999861,2.408,-280.0159999999861,band_vwap
2022-05-23,LONG,2022-05-23 12:30:00,2022-05-23 13:00:00,396.52099999999996,395.96900000000005,344,1.0,-189.8879999999681,2.408,-192.29599999996807,band_vwap
2022-05-23,LONG,2022-05-23 14:00:00,2022-05-23 14:30:00,396.741,396.85900000000004,344,1.0,40.59200000001783,2.408,38.18400000001783,band_vwap
2022-05-24,SHORT,2022-05-24 10:30:00,2022-05-24 11:30:00,388.999,388.621,343,1.0,129.65400000001466,2.4010000000000002,127.25300000001467,band_vwap
2022-05-26,LONG,2022-05-26 10:00:00,2022-05-26 15:59:00,402.561,405.28900000000004,338,1.0,922.0640000000221,2.366,919.6980000000221,market_close
2022-05-27,LONG,2022-05-27 10:00:00,2022-05-27 11:00:00,411.02099999999996,410.959,333,1.0,-20.64599999998501,2.331,-22.976999999985008,band_vwap
2022-05-27,LONG,2022-05-27 12:00:00,2022-05-27 15:59:00,412.52099999999996,415.34900000000005,333,1.0,941.7240000000294,2.331,939.3930000000294,market_close
2022-05-31,SHORT,2022-05-31 10:00:00,2022-05-31 10:30:00,411.15900000000005,411.721,331,1.0,-186.0219999999851,2.317,-188.3389999999851,band_vwap
2022-06-01,SHORT,2022-06-01 11:30:00,2022-06-01 13:30:00,408.78900000000004,409.251,329,1.0,-151.9979999999777,2.303,-154.3009999999777,band_vwap
2022-06-02,LONG,2022-06-02 12:30:00,2022-06-02 15:59:00,413.971,417.369,333,1.0,1131.5340000000083,2.331,1129.2030000000084,market_close
2022-06-09,SHORT,2022-06-09 15:30:00,2022-06-09 15:59:00,404.499,401.471,336,1.0,1017.4080000000067,2.352,1015.0560000000067,market_close
2022-06-10,SHORT,2022-06-10 10:30:00,2022-06-10 13:30:00,390.334,391.52099999999996,351,1.0,-416.6369999999842,2.457,-419.0939999999842,band_vwap
2022-06-13,SHORT,2022-06-13 10:30:00,2022-06-13 11:30:00,377.189,377.361,364,1.0,-62.60799999998858,2.548,-65.15599999998858,band_vwap
2022-06-13,SHORT,2022-06-13 15:30:00,2022-06-13 15:59:00,375.079,375.02099999999996,364,1.0,21.112000000018043,2.548,18.56400000001804,market_close
2022-06-15,LONG,2022-06-15 15:30:00,2022-06-15 15:59:00,382.291,379.129,366,1.0,-1157.2919999999917,2.562,-1159.8539999999916,market_close
2022-06-16,SHORT,2022-06-16 10:00:00,2022-06-16 10:30:00,368.809,368.941,370,1.0,-48.83999999998082,2.59,-51.42999999998082,band_vwap
2022-06-16,SHORT,2022-06-16 11:00:00,2022-06-16 11:30:00,366.069,368.15099999999995,370,1.0,-770.3399999999766,2.59,-772.9299999999766,band_vwap
2022-06-16,SHORT,2022-06-16 12:00:00,2022-06-16 13:00:00,367.869,367.691,370,1.0,65.86000000002002,2.59,63.27000000002002,band_vwap
2022-06-16,SHORT,2022-06-16 14:00:00,2022-06-16 15:30:00,365.829,366.921,370,1.0,-404.0399999999943,2.59,-406.62999999999425,band_vwap
2022-06-17,LONG,2022-06-17 10:00:00,2022-06-17 10:30:00,368.411,364.569,372,1.0,-1429.2239999999942,2.604,-1431.8279999999943,band_vwap
2022-06-21,LONG,2022-06-21 10:00:00,2022-06-21 12:00:00,374.84099999999995,374.199,361,1.0,-231.761999999978,2.527,-234.288999999978,band_vwap
2022-06-21,LONG,2022-06-21 12:30:00,2022-06-21 15:59:00,374.756,375.06890000000004,361,1.0,112.95690000002531,2.527,110.42990000002531,market_close
2022-06-24,LONG,2022-06-24 10:00:00,2022-06-24 15:59:00,383.83099999999996,390.04900000000004,352,1.0,2188.7360000000263,2.464,2186.2720000000263,market_close
2022-06-27,SHORT,2022-06-27 10:00:00,2022-06-27 10:30:00,388.129,388.191,349,1.0,-21.637999999984288,2.443,-24.08099999998429,band_vwap
2022-06-28,SHORT,2022-06-28 11:30:00,2022-06-28 15:59:00,385.769,380.741,349,1.0,1754.772000000007,2.443,1752.329000000007,market_close
2022-06-30,SHORT,2022-06-30 10:00:00,2022-06-30 11:00:00,373.35900000000004,375.741,367,1.0,-874.193999999981,2.569,-876.7629999999809,band_vwap
2022-07-05,SHORT,2022-07-05 10:00:00,2022-07-05 10:30:00,373.829,374.441,365,1.0,-223.37999999998772,2.555,-225.93499999998772,band_vwap
2022-07-07,LONG,2022-07-07 10:00:00,2022-07-07 10:30:00,387.39099999999996,386.869,356,1.0,-185.8319999999767,2.492,-188.32399999997668,band_vwap
2022-07-07,LONG,2022-07-07 11:00:00,2022-07-07 11:30:00,387.371,387.1474,356,1.0,-79.60159999999155,2.492,-82.09359999999155,band_vwap
2022-07-07,LONG,2022-07-07 12:00:00,2022-07-07 13:30:00,387.88599999999997,387.48900000000003,356,1.0,-141.3319999999767,2.492,-143.82399999997668,band_vwap
2022-07-07,LONG,2022-07-07 14:00:00,2022-07-07 15:59:00,388.421,388.939,356,1.0,184.40800000001036,2.492,181.91600000001037,market_close
2022-07-14,SHORT,2022-07-14 10:30:00,2022-07-14 11:00:00,371.97900000000004,372.361,366,1.0,-139.81199999998103,2.562,-142.37399999998104,band_vwap
2022-07-15,LONG,2022-07-15 10:30:00,2022-07-15 11:00:00,384.20099999999996,383.69590000000005,357,1.0,-180.32069999996912,2.499,-182.81969999996912,band_vwap
2022-07-19,LONG,2022-07-19 10:30:00,2022-07-19 15:59:00,388.061,392.249,353,1.0,1478.364000000016,2.471,1475.893000000016,market_close
2022-07-20,LONG,2022-07-20 11:00:00,2022-07-20 13:30:00,395.95099999999996,393.889,352,1.0,-725.8239999999842,2.464,-728.2879999999842,band_vwap
2022-07-21,SHORT,2022-07-21 10:30:00,2022-07-21 11:00:00,392.09900000000005,394.411,348,1.0,-804.5759999999843,2.436,-807.0119999999844,band_vwap
2022-07-21,LONG,2022-07-21 12:30:00,2022-07-21 13:30:00,397.351,396.579,348,1.0,-268.655999999997,2.436,-271.091999999997,band_vwap
2022-07-22,SHORT,2022-07-22 11:30:00,2022-07-22 15:59:00,396.71900000000005,395.121,341,1.0,544.9180000000239,2.387,542.5310000000239,market_close
2022-07-26,SHORT,2022-07-26 10:30:00,2022-07-26 11:00:00,392.529,392.881,347,1.0,-122.14399999999148,2.4290000000000003,-124.57299999999148,band_vwap
2022-07-26,SHORT,2022-07-26 11:30:00,2022-07-26 13:30:00,391.35900000000004,392.191,347,1.0,-288.70399999997807,2.4290000000000003,-291.13299999997804,band_vwap
2022-07-26,SHORT,2022-07-26 14:00:00,2022-07-26 15:00:00,391.274,390.741,347,1.0,184.95100000000537,2.4290000000000003,182.52200000000536,band_vwap
2022-07-27,LONG,2022-07-27 11:00:00,2022-07-27 11:30:00,396.14099999999996,396.119,346,1.0,-7.611999999977343,2.422,-10.033999999977343,band_vwap
2022-07-27,LONG,2022-07-27 12:00:00,2022-07-27 13:00:00,396.65099999999995,396.019,346,1.0,-218.67199999998206,2.422,-221.09399999998206,band_vwap
2022-07-27,LONG,2022-07-27 15:00:00,2022-07-27 15:59:00,399.871,400.999,346,1.0,390.2880000000148,2.422,387.86600000001476,market_close
2022-07-28,SHORT,2022-07-28 10:00:00,2022-07-28 11:00:00,399.379,401.57099999999997,340,1.0,-745.2799999999831,2.38,-747.6599999999831,band_vwap
2022-07-28,LONG,2022-07-28 11:30:00,2022-07-28 12:00:00,403.851,403.649,340,1.0,-68.67999999999938,2.38,-71.05999999999938,band_vwap
2022-07-28,LONG,2022-07-28 12:30:00,2022-07-28 15:59:00,404.251,406.009,340,1.0,597.720000000013,2.38,595.340000000013,market_close
2022-07-29,LONG,2022-07-29 10:00:00,2022-07-29 11:30:00,409.21099999999996,408.279,335,1.0,-312.21999999998644,2.345,-314.56499999998647,band_vwap
2022-07-29,LONG,2022-07-29 13:00:00,2022-07-29 15:59:00,410.491,412.059,335,1.0,525.2800000000136,2.345,522.9350000000136,market_close
2022-08-03,LONG,2022-08-03 11:30:00,2022-08-03 15:59:00,412.45099999999996,414.40900000000005,333,1.0,652.0140000000279,2.331,649.6830000000278,market_close
2022-08-08,LONG,2022-08-08 10:00:00,2022-08-08 10:30:00,417.191,416.73900000000003,330,1.0,-149.15999999998064,2.31,-151.46999999998064,band_vwap
2022-08-12,LONG,2022-08-12 11:30:00,2022-08-12 12:00:00,423.421,423.41900000000004,325,1.0,-0.6499999999846295,2.275,-2.9249999999846295,band_vwap
2022-08-12,LONG,2022-08-12 12:30:00,2022-08-12 15:59:00,424.251,427.059,325,1.0,912.600000000016,2.275,910.3250000000161,market_close
2022-08-16,LONG,2022-08-16 14:00:00,2022-08-16 14:30:00,430.991,431.23900000000003,323,1.0,80.10400000001528,2.261,77.84300000001528,band_vwap
2022-08-19,SHORT,2022-08-19 10:00:00,2022-08-19 13:00:00,423.16900000000004,423.311,325,1.0,-46.149999999980196,2.275,-48.424999999980194,band_vwap
2022-08-19,SHORT,2022-08-19 13:30:00,2022-08-19 15:59:00,422.774,422.15099999999995,325,1.0,202.47500000001537,2.275,200.20000000001536,market_close
2022-08-22,SHORT,2022-08-22 10:30:00,2022-08-22 15:59:00,414.899,413.46099999999996,331,1.0,475.9780000000149,2.317,473.6610000000149,market_close
2022-08-24,LONG,2022-08-24 11:30:00,2022-08-24 13:00:00,414.441,413.079,336,1.0,-457.6319999999887,2.352,-459.98399999998867,band_vwap
2022-08-25,LONG,2022-08-25 10:30:00,2022-08-25 11:30:00,417.371,415.66900000000004,333,1.0,-566.7659999999805,2.331,-569.0969999999805,band_vwap
2022-08-26,SHORT,2022-08-26 10:30:00,2022-08-26 15:59:00,414.899,405.32099999999997,328,1.0,3141.5840000000103,2.2960000000000003,3139.2880000000105,market_close
2022-08-30,SHORT,2022-08-30 10:30:00,2022-08-30 15:59:00,400.04900000000004,398.181,349,1.0,651.9320000000181,2.443,649.4890000000181,market_close
2022-09-01,SHORT,2022-09-01 11:00:00,2022-09-01 12:00:00,390.329,391.171,360,1.0,-303.11999999999443,2.52,-305.6399999999944,band_vwap
2022-09-02,SHORT,2022-09-02 13:30:00,2022-09-02 14:30:00,393.4974,393.76099999999997,353,1.0,-93.05079999997878,2.471,-95.52179999997878,band_vwap
2022-09-02,SHORT,2022-09-02 15:00:00,2022-09-02 15:59:00,392.569,392.27099999999996,353,1.0,105.19400000002071,2.471,102.7230000000207,market_close
2022-09-06,SHORT,2022-09-06 10:30:00,2022-09-06 11:00:00,390.399,393.101,359,1.0,-970.0179999999993,2.513,-972.5309999999994,band_vwap
2022-09-07,LONG,2022-09-07 11:00:00,2022-09-07 15:59:00,392.78099999999995,397.769,359,1.0,1790.6920000000202,2.513,1788.1790000000203,market_close
2022-09-08,LONG,2022-09-08 11:00:00,2022-09-08 12:00:00,399.90599999999995,399.509,359,1.0,-142.5229999999765,2.513,-145.0359999999765,band_vwap
2022-09-09,LONG,2022-09-09 10:00:00,2022-09-09 12:30:00,404.28099999999995,404.78900000000004,352,1.0,178.81600000003345,2.464,176.35200000003346,band_vwap
2022-09-09,LONG,2022-09-09 13:00:00,2022-09-09 15:00:00,405.981,406.73900000000003,352,1.0,266.81600000001345,2.464,264.35200000001345,band_vwap
2022-09-09,LONG,2022-09-09 15:30:00,2022-09-09 15:59:00,407.111,406.54900000000004,352,1.0,-197.82399999998415,2.464,-200.28799999998415,market_close
2022-09-12,LONG,2022-09-12 10:00:00,2022-09-12 11:00:00,411.02099999999996,410.519,348,1.0,-174.69599999998354,2.436,-177.13199999998355,band_vwap
2022-09-13,SHORT,2022-09-13 11:00:00,2022-09-13 13:30:00,398.42900000000003,399.45099999999996,353,1.0,-360.7659999999769,2.471,-363.2369999999769,band_vwap
2022-09-13,SHORT,2022-09-13 14:30:00,2022-09-13 15:59:00,397.24890000000005,393.131,353,1.0,1453.6187000000273,2.471,1451.1477000000273,market_close
2022-09-16,SHORT,2022-09-16 10:00:00,2022-09-16 10:30:00,382.53900000000004,384.291,372,1.0,-651.7439999999824,2.604,-654.3479999999824,band_vwap
2022-09-20,SHORT,2022-09-20 14:00:00,2022-09-20 14:30:00,381.404,382.70099999999996,370,1.0,-479.8899999999884,2.59,-482.47999999998837,band_vwap
2022-09-22,SHORT,2022-09-22 10:00:00,2022-09-22 10:30:00,374.949,375.631,377,1.0,-257.11399999998474,2.6390000000000002,-259.75299999998475,band_vwap
2022-09-22,SHORT,2022-09-22 11:00:00,2022-09-22 13:00:00,374.089,375.1676,377,1.0,-406.6321999999979,2.6390000000000002,-409.2711999999979,band_vwap
2022-09-23,SHORT,2022-09-23 10:00:00,2022-09-23 10:30:00,367.79900000000004,368.76099999999997,381,1.0,-366.5219999999742,2.6670000000000003,-369.18899999997416,band_vwap
2022-09-23,SHORT,2022-09-23 11:00:00,2022-09-23 15:59:00,367.459,367.921,381,1.0,-176.02199999999584,2.6670000000000003,-178.68899999999584,market_close
2022-09-26,LONG,2022-09-26 10:30:00,2022-09-26 11:00:00,369.83099999999996,368.499,384,1.0,-511.4879999999757,2.688,-514.1759999999757,band_vwap
2022-09-26,SHORT,2022-09-26 13:30:00,2022-09-26 14:30:00,363.629,363.801,384,1.0,-66.04799999998795,2.688,-68.73599999998795,band_vwap
2022-09-27,SHORT,2022-09-27 12:30:00,2022-09-27 13:00:00,362.21900000000005,362.721,381,1.0,-191.26199999998198,2.6670000000000003,-193.92899999998198,band_vwap
2022-09-27,SHORT,2022-09-27 13:30:00,2022-09-27 14:00:00,361.889,361.76099999999997,381,1.0,48.768000000016286,2.6670000000000003,46.101000000016285,band_vwap
2022-09-28,LONG,2022-09-28 10:30:00,2022-09-28 15:59:00,366.431,370.47900000000004,384,1.0,1554.4320000000225,2.688,1551.7440000000224,market_close
2022-09-29,SHORT,2022-09-29 10:00:00,2022-09-29 12:00:00,363.189,364.001,386,1.0,-313.4319999999826,2.702,-316.1339999999826,band_vwap
2022-09-29,SHORT,2022-09-29 12:30:00,2022-09-29 15:59:00,362.829,362.791,386,1.0,14.668000000004213,2.702,11.966000000004213,market_close
2022-09-30,LONG,2022-09-30 11:30:00,2022-09-30 12:00:00,365.291,362.959,390,1.0,-909.4799999999975,2.73,-912.2099999999975,band_vwap
2022-10-03,LONG,2022-10-03 10:30:00,2022-10-03 15:59:00,364.381,366.59900000000005,388,1.0,860.5840000000289,2.716,857.8680000000289,market_close
2022-10-04,LONG,2022-10-04 10:00:00,2022-10-04 13:30:00,376.01099999999997,375.389,379,1.0,-235.7379999999838,2.653,-238.3909999999838,band_vwap
2022-10-04,LONG,2022-10-04 14:00:00,2022-10-04 14:30:00,376.296,375.579,379,1.0,-271.74299999999414,2.653,-274.39599999999416,band_vwap
2022-10-04,LONG,2022-10-04 15:00:00,2022-10-04 15:59:00,377.0988,377.92900000000003,379,1.0,314.645800000018,2.653,311.992800000018,market_close
2022-10-07,SHORT,2022-10-07 10:00:00,2022-10-07 15:59:00,365.53900000000004,362.801,382,1.0,1045.9160000000215,2.674,1043.2420000000216,market_close
2022-10-10,SHORT,2022-10-10 11:00:00,2022-10-10 12:00:00,360.199,360.801,390,1.0,-234.77999999999042,2.73,-237.5099999999904,band_vwap
2022-10-10,SHORT,2022-10-10 12:30:00,2022-10-10 14:00:00,359.03900000000004,361.481,390,1.0,-952.3799999999807,2.73,-955.1099999999807,band_vwap
2022-10-13,LONG,2022-10-13 11:30:00,2022-10-13 15:59:00,360.291,365.959,403,1.0,2284.2040000000025,2.821,2281.3830000000025,market_close
2022-10-14,SHORT,2022-10-14 10:30:00,2022-10-14 15:59:00,361.96180000000004,357.681,388,1.0,1660.9504000000218,2.716,1658.2344000000219,market_close
2022-10-17,LONG,2022-10-17 10:30:00,2022-10-17 11:00:00,366.721,365.449,397,1.0,-504.98399999999657,2.779,-507.76299999999657,band_vwap
2022-10-20,LONG,2022-10-20 10:30:00,2022-10-20 11:30:00,372.191,370.29900000000004,392,1.0,-741.6639999999761,2.744,-744.4079999999761,band_vwap
2022-10-21,LONG,2022-10-21 10:00:00,2022-10-21 10:30:00,369.111,367.35900000000004,393,1.0,-688.5359999999814,2.751,-691.2869999999814,band_vwap
2022-10-21,LONG,2022-10-21 12:00:00,2022-10-21 15:59:00,370.03099999999995,374.279,393,1.0,1669.4640000000186,2.751,1666.7130000000186,market_close
2022-10-25,LONG,2022-10-25 10:00:00,2022-10-25 13:00:00,382.40099999999995,383.084,381,1.0,260.2230000000189,2.6670000000000003,257.5560000000189,band_vwap
2022-10-25,LONG,2022-10-25 14:30:00,2022-10-25 15:00:00,384.01599999999996,383.54900000000004,381,1.0,-177.92699999997245,2.6670000000000003,-180.59399999997245,band_vwap
2022-10-25,LONG,2022-10-25 15:30:00,2022-10-25 15:59:00,384.756,384.869,381,1.0,43.053000000021484,2.6670000000000003,40.38600000002148,market_close
2022-10-28,LONG,2022-10-28 10:00:00,2022-10-28 15:59:00,382.57099999999997,388.96900000000005,380,1.0,2431.2400000000307,2.66,2428.580000000031,market_close
2022-11-02,SHORT,2022-11-02 15:30:00,2022-11-02 15:59:00,377.07300000000004,374.871,383,1.0,843.3660000000211,2.681,840.6850000000211,market_close
2022-11-03,SHORT,2022-11-03 10:00:00,2022-11-03 10:30:00,369.21900000000005,372.631,398,1.0,-1357.9759999999685,2.786,-1360.7619999999686,band_vwap
2022-11-08,LONG,2022-11-08 11:30:00,2022-11-08 13:30:00,384.01099999999997,381.72900000000004,384,1.0,-876.2879999999714,2.688,-878.9759999999714,band_vwap
2022-11-09,SHORT,2022-11-09 14:00:00,2022-11-09 14:30:00,376.139,376.366,383,1.0,-86.9409999999906,2.681,-89.62199999999059,band_vwap
2022-11-09,SHORT,2022-11-09 15:00:00,2022-11-09 15:59:00,374.819,374.15099999999995,383,1.0,255.8440000000242,2.681,253.1630000000242,market_close
2022-11-10,LONG,2022-11-10 11:00:00,2022-11-10 12:30:00,390.441,390.649,376,1.0,78.20800000001009,2.632,75.57600000001008,band_vwap
2022-11-10,LONG,2022-11-10 15:00:00,2022-11-10 15:59:00,392.27099999999996,394.639,376,1.0,890.3680000000195,2.632,887.7360000000195,market_close
2022-11-11,LONG,2022-11-11 15:00:00,2022-11-11 15:30:00,399.231,398.529,371,1.0,-260.4419999999993,2.597,-263.0389999999993,band_vwap
2022-11-23,LONG,2022-11-23 10:00:00,2022-11-23 12:00:00,401.411,400.339,366,1.0,-392.352000000001,2.562,-394.914000000001,band_vwap
2022-11-28,SHORT,2022-11-28 14:30:00,2022-11-28 15:59:00,395.999,395.921,366,1.0,28.548000000011484,2.562,25.986000000011483,market_close
2022-11-29,LONG,2022-11-29 10:30:00,2022-11-29 11:00:00,397.02099999999996,396.339,369,1.0,-251.65799999998507,2.583,-254.24099999998506,band_vwap
2022-11-29,SHORT,2022-11-29 11:30:00,2022-11-29 12:00:00,393.72900000000004,394.65099999999995,369,1.0,-340.21799999996745,2.583,-342.8009999999675,band_vwap
2022-11-29,SHORT,2022-11-29 12:30:00,2022-11-29 13:00:00,394.269,394.941,369,1.0,-247.96799999998842,2.583,-250.55099999998842,band_vwap
2022-11-30,SHORT,2022-11-30 10:30:00,2022-11-30 11:00:00,394.184,394.21099999999996,367,1.0,-9.908999999974299,2.569,-12.477999999974298,band_vwap
2022-11-30,LONG,2022-11-30 14:00:00,2022-11-30 15:59:00,399.721,407.46900000000005,367,1.0,2843.5160000000174,2.569,2840.9470000000174,market_close
2022-12-01,SHORT,2022-12-01 10:30:00,2022-12-01 11:00:00,405.279,407.59099999999995,362,1.0,-836.9439999999837,2.5340000000000003,-839.4779999999837,band_vwap
2022-12-05,SHORT,2022-12-05 11:30:00,2022-12-05 15:59:00,402.509,399.611,364,1.0,1054.872000000009,2.548,1052.324000000009,market_close
2022-12-06,SHORT,2022-12-06 10:00:00,2022-12-06 15:59:00,397.17900000000003,393.861,371,1.0,1230.978000000015,2.597,1228.381000000015,market_close
2022-12-08,LONG,2022-12-08 10:00:00,2022-12-08 11:30:00,396.181,395.874,378,1.0,-116.0459999999847,2.646,-118.6919999999847,band_vwap
2022-12-12,LONG,2022-12-12 15:00:00,2022-12-12 15:59:00,396.751,398.90900000000005,379,1.0,817.8820000000273,2.653,815.2290000000273,market_close
2022-12-14,LONG,2022-12-14 10:00:00,2022-12-14 12:30:00,403.846,403.779,374,1.0,-25.05800000000272,2.618,-27.67600000000272,band_vwap
2022-12-14,LONG,2022-12-14 14:00:00,2022-12-14 14:30:00,404.77099999999996,400.199,374,1.0,-1709.9279999999799,2.618,-1712.5459999999798,band_vwap
2022-12-15,SHORT,2022-12-15 10:00:00,2022-12-15 15:30:00,391.59900000000005,390.631,376,1.0,363.96800000002804,2.632,361.33600000002804,band_vwap
2022-12-16,SHORT,2022-12-16 10:30:00,2022-12-16 15:00:00,382.639,382.931,386,1.0,-112.71199999998964,2.702,-115.41399999998964,band_vwap
2022-12-19,SHORT,2022-12-19 14:00:00,2022-12-19 15:59:00,379.899,379.981,388,1.0,-31.81599999999753,2.716,-34.53199999999753,market_close
2022-12-21,LONG,2022-12-21 11:00:00,2022-12-21 12:00:00,386.58099999999996,385.952,388,1.0,-244.05199999998536,2.716,-246.76799999998536,band_vwap
2022-12-21,LONG,2022-12-21 13:00:00,2022-12-21 13:30:00,386.4092,385.73900000000003,388,1.0,-260.0375999999867,2.716,-262.7535999999867,band_vwap
2022-12-21,LONG,2022-12-21 14:00:00,2022-12-21 15:00:00,386.39099999999996,386.10900000000004,388,1.0,-109.41599999997106,2.716,-112.13199999997106,band_vwap
2022-12-22,SHORT,2022-12-22 10:00:00,2022-12-22 15:00:00,381.569,378.49109999999996,386,1.0,1188.0694000000217,2.702,1185.3674000000217,band_vwap
2022-12-27,SHORT,2022-12-27 10:00:00,2022-12-27 10:30:00,380.519,382.40099999999995,390,1.0,-733.9799999999798,2.73,-736.7099999999798,band_vwap
2022-12-28,SHORT,2022-12-28 11:30:00,2022-12-28 13:00:00,379.149,379.311,389,1.0,-63.01799999999133,2.723,-65.74099999999133,band_vwap
2022-12-28,SHORT,2022-12-28 14:30:00,2022-12-28 15:59:00,378.379,376.681,389,1.0,660.522000000014,2.723,657.7990000000141,market_close
2022-12-29,LONG,2022-12-29 10:00:00,2022-12-29 15:59:00,381.601,383.389,393,1.0,702.6840000000043,2.751,699.9330000000043,market_close
2023-01-03,SHORT,2023-01-03 11:30:00,2023-01-03 13:30:00,380.03900000000004,379.52099999999996,390,1.0,202.02000000003352,2.73,199.29000000003353,band_vwap
2023-01-05,SHORT,2023-01-05 10:00:00,2023-01-05 10:30:00,380.129,380.236,393,1.0,-42.05099999998856,2.751,-44.80199999998856,band_vwap
2023-01-05,SHORT,2023-01-05 11:00:00,2023-01-05 12:00:00,379.399,379.291,393,1.0,42.44400000000161,2.751,39.69300000000161,band_vwap
2023-01-06,LONG,2023-01-06 11:00:00,2023-01-06 13:00:00,385.301,385.449,392,1.0,58.016000000009626,2.744,55.272000000009626,band_vwap
2023-01-06,LONG,2023-01-06 13:30:00,2023-01-06 15:59:00,386.1389,388.029,392,1.0,740.9192000000071,2.744,738.1752000000071,market_close
2023-01-09,LONG,2023-01-09 10:00:00,2023-01-09 10:30:00,391.621,391.4191,386,1.0,-77.93339999998705,2.702,-80.63539999998704,band_vwap
2023-01-09,LONG,2023-01-09 11:00:00,2023-01-09 12:30:00,392.601,392.90900000000005,386,1.0,118.88800000001913,2.702,116.18600000001913,band_vwap
2023-01-12,SHORT,2023-01-12 10:00:00,2023-01-12 10:30:00,393.72900000000004,395.921,380,1.0,-832.9599999999812,2.66,-835.6199999999811,band_vwap
2023-01-18,SHORT,2023-01-18 11:30:00,2023-01-18 15:59:00,395.35900000000004,391.541,376,1.0,1435.5680000000152,2.632,1432.9360000000152,market_close
2023-01-20,LONG,2023-01-20 11:30:00,2023-01-20 12:00:00,392.351,391.769,388,1.0,-225.81599999999753,2.716,-228.53199999999754,band_vwap
2023-01-20,LONG,2023-01-20 14:00:00,2023-01-20 15:59:00,393.421,395.829,388,1.0,934.304000000006,2.716,931.588000000006,market_close
2023-01-23,LONG,2023-01-23 10:00:00,2023-01-23 15:00:00,397.871,399.53900000000004,383,1.0,638.8440000000242,2.681,636.1630000000241,band_vwap
2023-01-23,LONG,2023-01-23 15:30:00,2023-01-23 15:59:00,399.83099999999996,400.589,383,1.0,290.31400000001463,2.681,287.63300000001465,market_close
2023-01-25,SHORT,2023-01-25 10:00:00,2023-01-25 10:30:00,394.40900000000005,394.84099999999995,386,1.0,-166.75199999996244,2.702,-169.45399999996243,band_vwap
2023-01-27,LONG,2023-01-27 15:30:00,2023-01-27 15:59:00,407.631,405.67900000000003,379,1.0,-739.8079999999777,2.653,-742.4609999999777,market_close
2023-01-31,LONG,2023-01-31 10:30:00,2023-01-31 15:30:00,402.70099999999996,403.7491,379,1.0,397.2299000000127,2.653,394.5769000000127,band_vwap
2023-02-01,LONG,2023-02-01 15:00:00,2023-02-01 15:59:00,409.181,410.78900000000004,376,1.0,604.6080000000229,2.632,601.976000000023,market_close
2023-02-02,LONG,2023-02-02 11:00:00,2023-02-02 11:30:00,416.65099999999995,416.53400000000005,369,1.0,-43.17299999996493,2.583,-45.75599999996493,band_vwap
2023-02-02,LONG,2023-02-02 14:00:00,2023-02-02 14:30:00,418.061,415.59400000000005,369,1.0,-910.3229999999733,2.583,-912.9059999999732,band_vwap
2023-02-07,LONG,2023-02-07 13:00:00,2023-02-07 13:30:00,414.33099999999996,409.78900000000004,372,1.0,-1689.6239999999689,2.604,-1692.227999999969,band_vwap
2023-02-07,LONG,2023-02-07 15:00:00,2023-02-07 15:59:00,413.58099999999996,415.17900000000003,372,1.0,594.456000000026,2.604,591.852000000026,market_close
2023-02-08,SHORT,2023-02-08 11:30:00,2023-02-08 12:30:00,410.79900000000004,411.71099999999996,366,1.0,-333.79199999997104,2.562,-336.35399999997105,band_vwap
2023-02-09,SHORT,2023-02-09 14:30:00,2023-02-09 15:00:00,408.314,408.45099999999996,364,1.0,-49.867999999979475,2.548,-52.415999999979476,band_vwap
2023-02-09,SHORT,2023-02-09 15:30:00,2023-02-09 15:59:00,406.779,407.131,364,1.0,-128.12799999999106,2.548,-130.67599999999106,market_close
2023-02-13,LONG,2023-02-13 10:00:00,2023-02-13 15:59:00,410.32099999999997,412.819,368,1.0,919.2640000000174,2.576,916.6880000000174,market_close
2023-02-14,SHORT,2023-02-14 12:00:00,2023-02-14 12:30:00,409.559,410.491,368,1.0,-342.9759999999851,2.576,-345.5519999999851,band_vwap
2023-02-17,SHORT,2023-02-17 10:00:00,2023-02-17 10:30:00,404.749,405.89099999999996,372,1.0,-424.82399999997733,2.604,-427.4279999999773,band_vwap
2023-02-21,SHORT,2023-02-21 10:30:00,2023-02-21 15:59:00,401.71900000000005,399.131,374,1.0,967.9120000000296,2.618,965.2940000000295,market_close
2023-02-23,SHORT,2023-02-23 12:00:00,2023-02-23 13:00:00,396.46900000000005,397.5909,378,1.0,-424.07819999997184,2.646,-426.72419999997186,band_vwap
2023-02-24,SHORT,2023-02-24 10:00:00,2023-02-24 10:30:00,394.47900000000004,394.291,382,1.0,71.8160000000172,2.674,69.14200000001719,band_vwap
2023-03-02,LONG,2023-03-02 14:30:00,2023-03-02 15:00:00,396.95099999999996,396.81,385,1.0,-54.284999999985644,2.695,-56.979999999985644,band_vwap
2023-03-02,LONG,2023-03-02 15:30:00,2023-03-02 15:59:00,397.431,397.78900000000004,385,1.0,137.83000000002346,2.695,135.13500000002347,market_close
2023-03-03,LONG,2023-03-03 10:00:00,2023-03-03 11:00:00,400.52099999999996,400.749,379,1.0,86.41200000002482,2.653,83.75900000002481,band_vwap
2023-03-03,LONG,2023-03-03 12:00:00,2023-03-03 15:59:00,401.931,404.139,379,1.0,836.8320000000101,2.653,834.1790000000101,market_close
2023-03-06,LONG,2023-03-06 10:00:00,2023-03-06 11:30:00,405.77099999999996,406.494,376,1.0,271.84800000002633,2.632,269.2160000000263,band_vwap
2023-03-06,LONG,2023-03-06 12:30:00,2023-03-06 13:00:00,406.816,405.84900000000005,376,1.0,-363.5919999999728,2.632,-366.2239999999728,band_vwap
2023-03-07,SHORT,2023-03-07 10:30:00,2023-03-07 15:59:00,401.689,398.26099999999997,376,1.0,1288.9280000000203,2.632,1286.2960000000203,market_close
2023-03-09,LONG,2023-03-09 10:00:00,2023-03-09 10:30:00,400.77099999999996,400.119,384,1.0,-250.3679999999731,2.688,-253.0559999999731,band_vwap
2023-03-09,SHORT,2023-03-09 13:30:00,2023-03-09 15:59:00,396.449,391.59099999999995,384,1.0,1865.4720000000234,2.688,1862.7840000000233,market_close
2023-03-10,SHORT,2023-03-10 10:00:00,2023-03-10 11:00:00,389.17900000000003,391.26599999999996,397,1.0,-828.5389999999732,2.779,-831.3179999999732,band_vwap
2023-03-10,SHORT,2023-03-10 12:30:00,2023-03-10 15:59:00,388.97900000000004,385.921,397,1.0,1214.0260000000196,2.779,1211.2470000000196,market_close
2023-03-13,LONG,2023-03-13 11:00:00,2023-03-13 13:00:00,387.721,386.60900000000004,407,1.0,-452.5839999999863,2.849,-455.4329999999863,band_vwap
2023-03-13,LONG,2023-03-13 14:30:00,2023-03-13 15:00:00,388.40099999999995,388.48900000000003,407,1.0,35.816000000032204,2.849,32.9670000000322,band_vwap
2023-03-14,LONG,2023-03-14 10:30:00,2023-03-14 12:30:00,392.231,391.73400000000004,397,1.0,-197.30899999998303,2.779,-200.08799999998303,band_vwap
2023-03-16,LONG,2023-03-16 11:00:00,2023-03-16 15:59:00,391.59099999999995,396.029,400,1.0,1775.200000000018,2.8000000000000003,1772.400000000018,market_close
2023-03-17,SHORT,2023-03-17 10:30:00,2023-03-17 13:30:00,391.20910000000003,390.911,398,1.0,118.64380000001336,2.786,115.85780000001336,band_vwap
2023-03-17,SHORT,2023-03-17 14:30:00,2023-03-17 15:30:00,389.089,390.751,398,1.0,-661.4759999999911,2.786,-664.2619999999911,band_vwap
2023-03-20,LONG,2023-03-20 10:30:00,2023-03-20 12:00:00,392.371,392.449,399,1.0,31.12200000001252,2.793,28.32900000001252,band_vwap
2023-03-23,LONG,2023-03-23 10:30:00,2023-03-23 13:00:00,396.691,396.769,395,1.0,30.810000000012394,2.765,28.045000000012394,band_vwap
2023-03-31,LONG,2023-03-31 10:00:00,2023-03-31 10:30:00,405.491,405.65900000000005,386,1.0,64.8480000000244,2.702,62.1460000000244,band_vwap
2023-03-31,LONG,2023-03-31 12:00:00,2023-03-31 15:59:00,407.121,409.35900000000004,386,1.0,863.8680000000218,2.702,861.1660000000218,market_close
2023-04-03,LONG,2023-04-03 10:00:00,2023-04-03 11:00:00,410.15099999999995,408.999,384,1.0,-442.3679999999731,2.688,-445.0559999999731,band_vwap
2023-04-04,SHORT,2023-04-04 11:30:00,2023-04-04 15:59:00,408.874,408.70099999999996,380,1.0,65.74000000002229,2.66,63.080000000022295,market_close
2023-04-06,SHORT,2023-04-06 10:00:00,2023-04-06 10:30:00,406.149,406.83099999999996,385,1.0,-262.5699999999844,2.695,-265.2649999999844,band_vwap
2023-04-06,LONG,2023-04-06 13:30:00,2023-04-06 14:00:00,408.991,408.86400000000003,385,1.0,-48.89499999998179,2.695,-51.58999999998179,band_vwap
2023-04-06,LONG,2023-04-06 14:30:00,2023-04-06 15:00:00,409.296,408.934,385,1.0,-139.36999999998704,2.695,-142.06499999998704,band_vwap
2023-04-12,SHORT,2023-04-12 15:30:00,2023-04-12 15:59:00,407.589,408.07099999999997,379,1.0,-182.67799999998897,2.653,-185.33099999998896,market_close
2023-04-13,LONG,2023-04-13 10:30:00,2023-04-13 11:00:00,410.741,410.254,381,1.0,-185.54699999998718,2.6670000000000003,-188.21399999998718,band_vwap
2023-04-13,LONG,2023-04-13 11:30:00,2023-04-13 15:59:00,410.791,413.444,381,1.0,1010.7930000000076,2.6670000000000003,1008.1260000000076,market_close
2023-04-14,LONG,2023-04-14 10:00:00,2023-04-14 10:30:00,414.791,412.34900000000005,380,1.0,-927.9599999999812,2.66,-930.6199999999811,band_vwap
2023-04-14,SHORT,2023-04-14 11:30:00,2023-04-14 12:00:00,411.579,411.786,380,1.0,-78.65999999999758,2.66,-81.31999999999758,band_vwap
2023-04-14,SHORT,2023-04-14 12:30:00,2023-04-14 14:30:00,411.139,411.89099999999996,380,1.0,-285.759999999982,2.66,-288.41999999998205,band_vwap
2023-04-21,SHORT,2023-04-21 10:00:00,2023-04-21 10:30:00,410.944,412.061,377,1.0,-421.1089999999856,2.6390000000000002,-423.7479999999856,band_vwap
2023-04-25,SHORT,2023-04-25 10:30:00,2023-04-25 11:00:00,409.66900000000004,409.84099999999995,378,1.0,-65.01599999996665,2.646,-67.66199999996665,band_vwap
2023-04-25,SHORT,2023-04-25 12:00:00,2023-04-25 15:59:00,409.029,406.121,378,1.0,1099.2240000000058,2.646,1096.5780000000059,market_close
2023-04-26,SHORT,2023-04-26 10:30:00,2023-04-26 11:00:00,405.379,406.251,384,1.0,-334.8479999999836,2.688,-337.5359999999836,band_vwap
2023-04-26,SHORT,2023-04-26 15:00:00,2023-04-26 15:59:00,404.369,404.371,384,1.0,-0.7679999999818392,2.688,-3.4559999999818394,market_close
2023-04-27,LONG,2023-04-27 10:30:00,2023-04-27 11:00:00,408.19599999999997,407.709,383,1.0,-186.5209999999871,2.681,-189.20199999998712,band_vwap
2023-04-27,LONG,2023-04-27 11:30:00,2023-04-27 15:59:00,408.791,412.399,383,1.0,1381.8640000000016,2.681,1379.1830000000016,market_close
2023-04-28,LONG,2023-04-28 10:30:00,2023-04-28 11:00:00,414.69599999999997,413.22900000000004,381,1.0,-558.9269999999724,2.6670000000000003,-561.5939999999724,band_vwap
2023-04-28,LONG,2023-04-28 11:30:00,2023-04-28 15:59:00,413.746,415.92900000000003,381,1.0,831.7230000000188,2.6670000000000003,829.0560000000188,market_close
2023-05-02,SHORT,2023-05-02 10:00:00,2023-05-02 13:30:00,413.889,410.251,379,1.0,1378.8020000000129,2.653,1376.1490000000128,band_vwap
2023-05-02,SHORT,2023-05-02 14:00:00,2023-05-02 15:00:00,410.829,411.08099999999996,379,1.0,-95.50799999998208,2.653,-98.16099999998208,band_vwap
2023-05-02,SHORT,2023-05-02 15:30:00,2023-05-02 15:59:00,411.339,410.871,379,1.0,177.37200000000672,2.653,174.71900000000673,market_close
2023-05-03,LONG,2023-05-03 10:00:00,2023-05-03 10:30:00,412.21099999999996,411.42900000000003,386,1.0,-301.8519999999712,2.702,-304.5539999999712,band_vwap
2023-05-04,SHORT,2023-05-04 10:00:00,2023-05-04 12:30:00,405.60900000000004,405.431,389,1.0,69.24200000002105,2.723,66.51900000002105,band_vwap
2023-05-05,LONG,2023-05-05 10:00:00,2023-05-05 15:59:00,410.121,412.60900000000004,387,1.0,962.8560000000218,2.709,960.1470000000219,market_close
2023-05-11,SHORT,2023-05-11 10:00:00,2023-05-11 10:30:00,410.319,410.89099999999996,387,1.0,-221.36399999997906,2.709,-224.07299999997906,band_vwap
2023-05-12,SHORT,2023-05-12 12:30:00,2023-05-12 13:30:00,410.089,410.311,385,1.0,-85.4699999999923,2.695,-88.16499999999229,band_vwap
2023-05-12,SHORT,2023-05-12 14:00:00,2023-05-12 15:30:00,409.319,410.40099999999995,385,1.0,-416.56999999997566,2.695,-419.26499999997566,band_vwap
2023-05-17,LONG,2023-05-17 13:00:00,2023-05-17 15:59:00,414.431,415.209,385,1.0,299.5300000000077,2.695,296.8350000000077,market_close
2023-05-18,LONG,2023-05-18 10:30:00,2023-05-18 12:30:00,416.89099999999996,416.15900000000005,383,1.0,-280.3559999999671,2.681,-283.03699999996707,band_vwap
2023-05-18,LONG,2023-05-18 15:00:00,2023-05-18 15:59:00,417.041,419.22900000000004,383,1.0,838.0040000000172,2.681,835.3230000000171,market_close
2023-05-23,SHORT,2023-05-23 14:30:00,2023-05-23 15:59:00,414.34900000000005,414.09099999999995,382,1.0,98.5560000000363,2.674,95.8820000000363,market_close
2023-05-24,SHORT,2023-05-24 10:00:00,2023-05-24 11:30:00,411.129,411.21599999999995,387,1.0,-33.66899999997378,2.709,-36.37799999997378,band_vwap
2023-05-24,SHORT,2023-05-24 12:00:00,2023-05-24 14:00:00,410.42900000000003,411.20099999999996,387,1.0,-298.76399999997466,2.709,-301.47299999997466,band_vwap
2023-05-24,SHORT,2023-05-24 14:30:00,2023-05-24 15:30:00,410.29400000000004,411.981,387,1.0,-652.8689999999826,2.709,-655.5779999999826,band_vwap
2023-05-26,LONG,2023-05-26 10:00:00,2023-05-26 15:59:00,417.001,419.97900000000004,382,1.0,1137.596000000025,2.674,1134.922000000025,market_close
2023-05-31,SHORT,2023-05-31 10:30:00,2023-05-31 13:00:00,416.879,417.051,382,1.0,-65.70399999998801,2.674,-68.37799999998802,band_vwap
2023-06-01,LONG,2023-06-01 11:00:00,2023-06-01 15:59:00,419.381,421.809,382,1.0,927.4960000000207,2.674,924.8220000000207,market_close
2023-06-02,LONG,2023-06-02 11:00:00,2023-06-02 15:59:00,426.83599999999996,427.90900000000005,378,1.0,405.59400000003507,2.646,402.94800000003505,market_close
2023-06-07,LONG,2023-06-07 10:00:00,2023-06-07 10:30:00,429.296,428.379,376,1.0,-344.7919999999899,2.632,-347.4239999999899,band_vwap
2023-06-08,LONG,2023-06-08 11:30:00,2023-06-08 12:00:00,428.251,427.999,377,1.0,-95.00399999998217,2.6390000000000002,-97.64299999998217,band_vwap
2023-06-08,LONG,2023-06-08 12:30:00,2023-06-08 13:30:00,429.096,428.389,377,1.0,-266.5389999999976,2.6390000000000002,-269.1779999999976,band_vwap
2023-06-08,LONG,2023-06-08 15:00:00,2023-06-08 15:59:00,428.96099999999996,429.124,377,1.0,61.451000000025545,2.6390000000000002,58.81200000002554,market_close
2023-06-09,LONG,2023-06-09 10:00:00,2023-06-09 11:00:00,430.941,431.10900000000004,373,1.0,62.66400000002358,2.611,60.05300000002358,band_vwap
2023-06-12,LONG,2023-06-12 15:30:00,2023-06-12 15:59:00,433.241,433.78900000000004,372,1.0,203.85600000002182,2.604,201.2520000000218,market_close
2023-06-14,LONG,2023-06-14 11:30:00,2023-06-14 12:00:00,438.6509,438.249,367,1.0,-147.4972999999835,2.569,-150.0662999999835,band_vwap
2023-06-14,SHORT,2023-06-14 14:30:00,2023-06-14 15:00:00,434.494,436.371,367,1.0,-688.8589999999826,2.569,-691.4279999999826,band_vwap
2023-06-15,LONG,2023-06-15 10:00:00,2023-06-15 15:59:00,438.721,442.59900000000005,366,1.0,1419.3480000000156,2.562,1416.7860000000157,market_close
2023-06-16,SHORT,2023-06-16 10:00:00,2023-06-16 10:30:00,441.29900000000004,442.40099999999995,364,1.0,-401.12799999997037,2.548,-403.6759999999704,band_vwap
2023-06-16,SHORT,2023-06-16 11:30:00,2023-06-16 12:00:00,440.769,441.251,364,1.0,-175.4479999999894,2.548,-177.9959999999894,band_vwap
2023-06-16,SHORT,2023-06-16 15:00:00,2023-06-16 15:59:00,440.09900000000005,439.431,364,1.0,243.152000000023,2.548,240.604000000023,market_close
2023-06-20,SHORT,2023-06-20 10:30:00,2023-06-20 11:30:00,435.29900000000004,435.90099999999995,368,1.0,-221.53599999997004,2.576,-224.11199999997004,band_vwap
2023-06-21,SHORT,2023-06-21 10:00:00,2023-06-21 10:30:00,435.22900000000004,435.351,368,1.0,-44.89599999998427,2.576,-47.47199999998427,band_vwap
2023-06-26,LONG,2023-06-26 10:00:00,2023-06-26 10:30:00,434.27099999999996,433.98900000000003,371,1.0,-104.62199999997233,2.597,-107.21899999997233,band_vwap
2023-06-27,LONG,2023-06-27 11:30:00,2023-06-27 15:59:00,433.82599999999996,436.139,371,1.0,858.1230000000166,2.597,855.5260000000167,market_close
2023-06-29,LONG,2023-06-29 11:30:00,2023-06-29 12:00:00,437.63719999999995,437.71900000000005,370,1.0,30.266000000037252,2.59,27.676000000037252,band_vwap
2023-06-29,LONG,2023-06-29 12:30:00,2023-06-29 13:00:00,438.0834,437.66900000000004,370,1.0,-153.32799999997917,2.59,-155.91799999997917,band_vwap
2023-06-30,LONG,2023-06-30 10:00:00,2023-06-30 11:30:00,442.34099999999995,442.67900000000003,365,1.0,123.37000000002888,2.555,120.81500000002887,band_vwap
2023-06-30,LONG,2023-06-30 12:30:00,2023-06-30 15:59:00,443.061,443.339,365,1.0,101.4700000000073,2.555,98.9150000000073,market_close
2023-07-06,SHORT,2023-07-06 10:00:00,2023-07-06 12:00:00,438.509,438.116,367,1.0,144.23100000001068,2.569,141.6620000000107,band_vwap
2023-07-07,LONG,2023-07-07 13:00:00,2023-07-07 15:00:00,442.256,441.194,368,1.0,-390.81599999998343,2.576,-393.39199999998345,band_vwap
2023-07-13,LONG,2023-07-13 15:00:00,2023-07-13 15:59:00,449.27599999999995,449.529,360,1.0,91.08000000001539,2.52,88.56000000001539,market_close
2023-07-17,LONG,2023-07-17 11:30:00,2023-07-17 12:30:00,450.381,450.23900000000003,359,1.0,-50.977999999978124,2.513,-53.49099999997812,band_vwap
2023-07-17,LONG,2023-07-17 13:00:00,2023-07-17 13:30:00,450.599,450.464,359,1.0,-48.464999999996735,2.513,-50.97799999999673,band_vwap
2023-07-17,LONG,2023-07-17 14:00:00,2023-07-17 15:59:00,450.801,450.85400000000004,359,1.0,19.027000000019427,2.513,16.51400000001943,market_close
2023-07-18,LONG,2023-07-18 11:00:00,2023-07-18 15:59:00,452.26099999999997,454.189,358,1.0,690.2240000000194,2.5060000000000002,687.7180000000194,market_close
2023-07-19,LONG,2023-07-19 10:00:00,2023-07-19 10:30:00,456.01099999999997,455.79900000000004,356,1.0,-75.47199999997588,2.492,-77.96399999997588,band_vwap
2023-07-20,SHORT,2023-07-20 14:30:00,2023-07-20 15:59:00,452.11400000000003,452.181,356,1.0,-23.851999999982354,2.492,-26.343999999982355,market_close
2023-07-24,LONG,2023-07-24 11:30:00,2023-07-24 13:00:00,454.28099999999995,454.29900000000004,357,1.0,6.426000000030683,2.499,3.927000000030683,band_vwap
2023-07-24,LONG,2023-07-24 14:00:00,2023-07-24 14:30:00,454.77099999999996,454.60900000000004,357,1.0,-57.83399999997175,2.499,-60.332999999971754,band_vwap
2023-07-25,LONG,2023-07-25 12:00:00,2023-07-25 15:59:00,455.38599999999997,455.40900000000005,356,1.0,8.188000000028978,2.492,5.696000000028978,market_close
2023-07-27,SHORT,2023-07-27 14:30:00,2023-07-27 15:59:00,453.934,452.481,352,1.0,511.45600000001104,2.464,508.99200000001105,market_close
2023-07-28,LONG,2023-07-28 11:00:00,2023-07-28 13:30:00,456.791,456.149,356,1.0,-228.55199999999854,2.492,-231.04399999999853,band_vwap
2023-08-02,SHORT,2023-08-02 10:30:00,2023-08-02 15:59:00,451.96900000000005,450.14099999999996,357,1.0,652.5960000000315,2.499,650.0970000000315,market_close
2023-08-04,LONG,2023-08-04 12:30:00,2023-08-04 13:30:00,452.501,451.65900000000005,361,1.0,-303.9619999999739,2.527,-306.4889999999739,band_vwap
2023-08-07,LONG,2023-08-07 10:30:00,2023-08-07 11:00:00,449.621,449.089,362,1.0,-192.58399999999358,2.5340000000000003,-195.11799999999357,band_vwap
2023-08-07,LONG,2023-08-07 14:00:00,2023-08-07 14:30:00,450.221,449.634,362,1.0,-212.49399999999605,2.5340000000000003,-215.02799999999604,band_vwap
2023-08-08,SHORT,2023-08-08 10:00:00,2023-08-08 12:30:00,446.584,446.471,361,1.0,40.792999999999836,2.527,38.265999999999835,band_vwap
2023-08-08,SHORT,2023-08-08 13:00:00,2023-08-08 13:30:00,446.59900000000005,446.931,361,1.0,-119.85199999997718,2.527,-122.37899999997718,band_vwap
2023-08-09,SHORT,2023-08-09 11:00:00,2023-08-09 13:30:00,447.394,447.416,360,1.0,-7.9199999999968895,2.52,-10.439999999996889,band_vwap
2023-08-09,SHORT,2023-08-09 14:00:00,2023-08-09 14:30:00,447.524,448.51599999999996,360,1.0,-357.11999999998625,2.52,-359.63999999998623,band_vwap
2023-08-10,LONG,2023-08-10 10:00:00,2023-08-10 11:00:00,451.221,449.53900000000004,360,1.0,-605.5199999999854,2.52,-608.0399999999854,band_vwap
2023-08-14,LONG,2023-08-14 11:00:00,2023-08-14 12:30:00,447.231,446.689,362,1.0,-196.2039999999903,2.5340000000000003,-198.73799999999028,band_vwap
2023-08-14,LONG,2023-08-14 13:00:00,2023-08-14 14:30:00,447.236,446.819,362,1.0,-150.9539999999903,2.5340000000000003,-153.48799999999028,band_vwap
2023-08-15,SHORT,2023-08-15 10:00:00,2023-08-15 11:30:00,445.23900000000003,444.84099999999995,360,1.0,143.2800000000293,2.52,140.7600000000293,band_vwap
2023-08-15,SHORT,2023-08-15 12:30:00,2023-08-15 15:59:00,444.66900000000004,442.941,360,1.0,622.0800000000236,2.52,619.5600000000236,market_close
2023-08-16,SHORT,2023-08-16 15:30:00,2023-08-16 15:59:00,440.139,439.631,364,1.0,184.9120000000139,2.548,182.3640000000139,market_close
2023-08-17,SHORT,2023-08-17 15:00:00,2023-08-17 15:59:00,437.184,436.26099999999997,366,1.0,337.81800000002147,2.562,335.25600000002146,market_close
2023-08-21,LONG,2023-08-21 10:00:00,2023-08-21 10:30:00,438.721,436.649,370,1.0,-766.640000000001,2.59,-769.230000000001,band_vwap
2023-08-23,LONG,2023-08-23 10:00:00,2023-08-23 15:59:00,440.371,442.96900000000005,367,1.0,953.4660000000257,2.569,950.8970000000257,market_close
2023-08-24,SHORT,2023-08-24 11:00:00,2023-08-24 15:59:00,441.124,436.921,364,1.0,1529.8920000000114,2.548,1527.3440000000114,market_close
2023-08-29,LONG,2023-08-29 10:00:00,2023-08-29 15:59:00,443.811,449.139,369,1.0,1966.0320000000115,2.583,1963.4490000000114,market_close
2023-08-30,LONG,2023-08-30 10:00:00,2023-08-30 10:30:00,451.241,449.28900000000004,368,1.0,-718.3359999999784,2.576,-720.9119999999784,band_vwap
2023-09-05,SHORT,2023-09-05 10:00:00,2023-09-05 10:30:00,449.589,449.89099999999996,365,1.0,-110.22999999998689,2.555,-112.7849999999869,band_vwap
2023-09-06,SHORT,2023-09-06 10:30:00,2023-09-06 15:00:00,446.09400000000005,445.936,367,1.0,57.986000000026536,2.569,55.41700000002653,band_vwap
2023-09-08,LONG,2023-09-08 10:30:00,2023-09-08 11:00:00,446.861,445.90900000000005,370,1.0,-352.2399999999783,2.59,-354.82999999997827,band_vwap
2023-09-15,SHORT,2023-09-15 10:30:00,2023-09-15 15:59:00,445.999,443.291,367,1.0,993.8360000000098,2.569,991.2670000000098,market_close
2023-09-19,SHORT,2023-09-19 10:30:00,2023-09-19 13:30:00,441.624,441.106,373,1.0,193.21400000001086,2.611,190.60300000001087,band_vwap
2023-09-20,SHORT,2023-09-20 15:30:00,2023-09-20 15:59:00,440.879,438.58099999999996,373,1.0,857.1540000000218,2.611,854.5430000000218,market_close
2023-09-21,SHORT,2023-09-21 10:00:00,2023-09-21 13:30:00,434.144,434.601,382,1.0,-174.57399999999757,2.674,-177.24799999999757,band_vwap
2023-09-21,SHORT,2023-09-21 14:30:00,2023-09-21 15:59:00,433.329,431.411,382,1.0,732.6760000000024,2.674,730.0020000000025,market_close
2023-09-22,LONG,2023-09-22 11:30:00,2023-09-22 12:00:00,433.876,432.91900000000004,386,1.0,-369.4019999999756,2.702,-372.1039999999756,band_vwap
2023-09-25,LONG,2023-09-25 12:30:00,2023-09-25 13:00:00,431.90099999999995,431.09900000000005,388,1.0,-311.175999999964,2.716,-313.891999999964,band_vwap
2023-09-26,SHORT,2023-09-26 10:30:00,2023-09-26 11:00:00,427.92900000000003,428.01099999999997,387,1.0,-31.733999999975538,2.709,-34.44299999997554,band_vwap
2023-09-26,SHORT,2023-09-26 11:30:00,2023-09-26 12:30:00,426.779,427.621,387,1.0,-325.853999999994,2.709,-328.562999999994,band_vwap
2023-09-26,SHORT,2023-09-26 13:00:00,2023-09-26 15:59:00,427.569,425.83099999999996,387,1.0,672.6060000000218,2.709,669.8970000000219,market_close
2023-09-27,SHORT,2023-09-27 12:30:00,2023-09-27 15:00:00,424.199,425.88599999999997,390,1.0,-657.9299999999824,2.73,-660.6599999999825,band_vwap
2023-09-28,LONG,2023-09-28 10:00:00,2023-09-28 10:30:00,426.721,426.379,390,1.0,-133.37999999999397,2.73,-136.10999999999396,band_vwap
2023-09-28,LONG,2023-09-28 11:00:00,2023-09-28 15:59:00,427.351,428.529,390,1.0,459.41999999999894,2.73,456.6899999999989,market_close
2023-09-29,SHORT,2023-09-29 14:00:00,2023-09-29 15:00:00,426.16900000000004,428.21099999999996,385,1.0,-786.1699999999678,2.695,-788.8649999999678,band_vwap
2023-10-02,SHORT,2023-10-02 13:00:00,2023-10-02 13:30:00,424.819,425.64099999999996,388,1.0,-318.935999999979,2.716,-321.651999999979,band_vwap
2023-10-03,SHORT,2023-10-03 10:30:00,2023-10-03 15:59:00,422.519,421.671,388,1.0,329.0240000000051,2.716,326.3080000000051,market_close
2023-10-04,SHORT,2023-10-04 10:30:00,2023-10-04 11:00:00,420.61400000000003,421.051,392,1.0,-171.30399999998235,2.744,-174.04799999998235,band_vwap
2023-10-04,LONG,2023-10-04 12:00:00,2023-10-04 12:30:00,423.931,423.98400000000004,392,1.0,20.776000000021213,2.744,18.032000000021213,band_vwap
2023-10-04,LONG,2023-10-04 15:30:00,2023-10-04 15:59:00,424.421,424.709,392,1.0,112.89600000000428,2.744,110.15200000000428,market_close
2023-10-05,SHORT,2023-10-05 10:30:00,2023-10-05 12:30:00,423.41900000000004,423.166,390,1.0,98.67000000001667,2.73,95.94000000001667,band_vwap
2023-10-06,LONG,2023-10-06 12:00:00,2023-10-06 15:59:00,428.881,429.519,392,1.0,250.0960000000132,2.744,247.3520000000132,market_close
2023-10-09,LONG,2023-10-09 14:00:00,2023-10-09 15:30:00,432.121,432.249,387,1.0,49.53600000001654,2.709,46.82700000001654,band_vwap
2023-10-10,LONG,2023-10-10 10:00:00,2023-10-10 14:00:00,433.64099999999996,435.43890000000005,383,1.0,688.5957000000321,2.681,685.9147000000321,band_vwap
2023-10-12,SHORT,2023-10-12 10:00:00,2023-10-12 10:30:00,435.439,435.921,381,1.0,-183.6419999999889,2.6670000000000003,-186.3089999999889,band_vwap
2023-10-12,SHORT,2023-10-12 13:30:00,2023-10-12 15:59:00,433.41400000000004,433.70099999999996,381,1.0,-109.34699999996985,2.6670000000000003,-112.01399999996985,market_close
2023-10-13,SHORT,2023-10-13 13:30:00,2023-10-13 14:00:00,430.189,431.40099999999995,382,1.0,-462.9839999999741,2.674,-465.6579999999741,band_vwap
2023-10-16,LONG,2023-10-16 10:30:00,2023-10-16 12:00:00,435.921,435.959,382,1.0,14.51600000000417,2.674,11.84200000000417,band_vwap
2023-10-18,SHORT,2023-10-18 15:30:00,2023-10-18 15:59:00,430.46900000000005,430.251,382,1.0,83.27600000002849,2.674,80.60200000002848,market_close
2023-10-19,SHORT,2023-10-19 15:00:00,2023-10-19 15:59:00,426.949,426.431,385,1.0,199.4300000000112,2.695,196.7350000000112,market_close
2023-10-20,SHORT,2023-10-20 10:00:00,2023-10-20 13:00:00,425.069,424.27099999999996,390,1.0,311.2200000000229,2.73,308.49000000002286,band_vwap
2023-10-20,SHORT,2023-10-20 14:30:00,2023-10-20 15:59:00,422.59900000000005,421.21099999999996,390,1.0,541.3200000000353,2.73,538.5900000000353,market_close
2023-10-23,LONG,2023-10-23 13:00:00,2023-10-23 13:30:00,424.421,422.879,397,1.0,-612.1739999999893,2.779,-614.9529999999893,band_vwap
2023-10-24,LONG,2023-10-24 10:00:00,2023-10-24 11:00:00,423.83099999999996,424.17900000000003,393,1.0,136.76400000002752,2.751,134.01300000002752,band_vwap
2023-10-25,SHORT,2023-10-25 10:00:00,2023-10-25 11:00:00,420.17900000000003,420.131,394,1.0,18.912000000023113,2.758,16.154000000023114,band_vwap
2023-10-25,SHORT,2023-10-25 12:30:00,2023-10-25 15:59:00,419.209,417.611,394,1.0,629.6120000000052,2.758,626.8540000000052,market_close
2023-10-26,SHORT,2023-10-26 10:00:00,2023-10-26 10:30:00,415.379,415.40099999999995,401,1.0,-8.821999999973741,2.807,-11.628999999973741,band_vwap
2023-10-26,SHORT,2023-10-26 12:30:00,2023-10-26 14:00:00,412.999,413.631,401,1.0,-253.4319999999792,2.807,-256.2389999999792,band_vwap
2023-10-27,SHORT,2023-10-27 14:30:00,2023-10-27 15:30:00,409.829,410.40599999999995,402,1.0,-231.95399999997642,2.814,-234.7679999999764,band_vwap
2023-10-30,LONG,2023-10-30 10:00:00,2023-10-30 10:30:00,414.89599999999996,412.98900000000003,403,1.0,-768.52099999997,2.821,-771.34199999997,band_vwap
2023-10-30,LONG,2023-10-30 15:30:00,2023-10-30 15:59:00,416.231,415.579,403,1.0,-262.7559999999947,2.821,-265.5769999999947,market_close
2023-11-01,LONG,2023-11-01 10:30:00,2023-11-01 11:30:00,421.161,420.389,395,1.0,-304.9399999999966,2.765,-307.7049999999966,band_vwap
2023-11-01,LONG,2023-11-01 15:30:00,2023-11-01 15:59:00,422.82099999999997,422.699,395,1.0,-48.189999999983115,2.765,-50.954999999983116,market_close
2023-11-02,LONG,2023-11-02 10:30:00,2023-11-02 15:59:00,428.226,430.749,387,1.0,976.4010000000095,2.709,973.6920000000096,market_close
2023-11-03,LONG,2023-11-03 10:00:00,2023-11-03 10:30:00,434.671,433.869,383,1.0,-307.16599999998624,2.681,-309.8469999999862,band_vwap
2023-11-03,LONG,2023-11-03 12:00:00,2023-11-03 13:30:00,434.981,435.09900000000005,383,1.0,45.194000000019855,2.681,42.51300000001986,band_vwap
2023-11-03,LONG,2023-11-03 14:00:00,2023-11-03 15:30:00,435.64599999999996,435.46900000000005,383,1.0,-67.79099999996447,2.681,-70.47199999996447,band_vwap
2023-11-07,LONG,2023-11-07 11:00:00,2023-11-07 11:30:00,437.171,437.03900000000004,380,1.0,-50.1599999999803,2.66,-52.8199999999803,band_vwap
2023-11-09,SHORT,2023-11-09 14:30:00,2023-11-09 15:59:00,434.78900000000004,433.871,378,1.0,347.0040000000239,2.646,344.3580000000239,market_close
2023-11-10,LONG,2023-11-10 13:00:00,2023-11-10 15:59:00,438.791,440.59900000000005,381,1.0,688.8480000000188,2.6670000000000003,686.1810000000188,market_close
2023-11-14,LONG,2023-11-14 10:00:00,2023-11-14 12:30:00,447.931,448.11800000000005,373,1.0,69.75100000002561,2.611,67.14000000002561,band_vwap
2023-11-14,LONG,2023-11-14 13:00:00,2023-11-14 14:00:00,448.751,448.249,373,1.0,-187.24599999998236,2.611,-189.85699999998235,band_vwap
2023-11-14,LONG,2023-11-14 15:00:00,2023-11-14 15:59:00,449.431,448.709,373,1.0,-269.30599999999254,2.611,-271.9169999999925,market_close
2023-11-20,LONG,2023-11-20 10:00:00,2023-11-20 15:59:00,452.166,454.23900000000003,369,1.0,764.9370000000133,2.583,762.3540000000133,market_close
2023-11-28,LONG,2023-11-28 11:30:00,2023-11-28 13:00:00,455.57099999999997,454.90900000000005,368,1.0,-243.61599999997088,2.576,-246.19199999997088,band_vwap
2023-11-29,LONG,2023-11-29 10:00:00,2023-11-29 10:30:00,458.121,456.47900000000004,365,1.0,-599.3299999999778,2.555,-601.8849999999777,band_vwap
2023-11-30,SHORT,2023-11-30 12:30:00,2023-11-30 13:00:00,453.569,454.111,365,1.0,-197.8299999999902,2.555,-200.3849999999902,band_vwap
2023-12-01,LONG,2023-12-01 11:30:00,2023-12-01 15:59:00,457.46099999999996,459.03400000000005,364,1.0,572.5720000000338,2.548,570.0240000000338,market_close
2023-12-04,SHORT,2023-12-04 10:30:00,2023-12-04 11:30:00,454.814,455.0653,366,1.0,-91.97579999998459,2.562,-94.53779999998459,band_vwap
2023-12-06,SHORT,2023-12-06 15:30:00,2023-12-06 15:59:00,454.98900000000003,454.71099999999996,363,1.0,100.9140000000279,2.541,98.3730000000279,market_close
2023-12-07,LONG,2023-12-07 10:30:00,2023-12-07 11:30:00,457.981,457.069,365,1.0,-332.87999999999187,2.555,-335.4349999999919,band_vwap
2023-12-07,LONG,2023-12-07 12:00:00,2023-12-07 15:00:00,458.101,458.03900000000004,365,1.0,-22.629999999983568,2.555,-25.184999999983567,band_vwap
2023-12-07,LONG,2023-12-07 15:30:00,2023-12-07 15:59:00,458.301,458.209,365,1.0,-33.57999999999436,2.555,-36.134999999994356,market_close
2023-12-08,LONG,2023-12-08 10:30:00,2023-12-08 11:30:00,459.861,458.7015,363,1.0,-420.89849999999274,2.541,-423.43949999999273,band_vwap
2023-12-08,LONG,2023-12-08 13:30:00,2023-12-08 15:59:00,459.45099999999996,460.129,363,1.0,246.11400000001964,2.541,243.57300000001965,market_close
2023-12-11,LONG,2023-12-11 13:30:00,2023-12-11 15:00:00,461.471,461.54400000000004,361,1.0,26.35300000001297,2.527,23.826000000012968,band_vwap
2023-12-12,LONG,2023-12-12 15:00:00,2023-12-12 15:59:00,463.57099999999997,464.15900000000005,360,1.0,211.68000000002849,2.52,209.16000000002848,market_close
2023-12-13,LONG,2023-12-13 14:30:00,2023-12-13 15:59:00,467.45099999999996,470.439,358,1.0,1069.7040000000202,2.5060000000000002,1067.19800000002,market_close
2023-12-18,LONG,2023-12-18 12:30:00,2023-12-18 14:00:00,472.501,472.48900000000003,355,1.0,-4.259999999979982,2.485,-6.7449999999799815,band_vwap
2023-12-19,LONG,2023-12-19 10:00:00,2023-12-19 12:30:00,473.501,473.84900000000005,354,1.0,123.19200000002479,2.478,120.7140000000248,band_vwap
2023-12-19,LONG,2023-12-19 13:00:00,2023-12-19 14:30:00,474.08099999999996,474.329,354,1.0,87.79200000001674,2.478,85.31400000001675,band_vwap
2023-12-20,SHORT,2023-12-20 15:00:00,2023-12-20 15:59:00,470.48900000000003,467.971,353,1.0,888.8540000000103,2.471,886.3830000000103,market_close
2023-12-22,LONG,2023-12-22 10:00:00,2023-12-22 11:00:00,474.921,474.154,355,1.0,-272.28499999999855,2.485,-274.76999999999856,band_vwap
2023-12-26,LONG,2023-12-26 12:00:00,2023-12-26 12:30:00,475.08099999999996,475.069,355,1.0,-4.259999999979982,2.485,-6.7449999999799815,band_vwap
2023-12-26,LONG,2023-12-26 15:30:00,2023-12-26 15:59:00,476.20099999999996,475.589,355,1.0,-217.25999999998805,2.485,-219.74499999998807,market_close
2023-12-29,SHORT,2023-12-29 11:00:00,2023-12-29 14:30:00,475.449,475.051,352,1.0,140.09600000000864,2.464,137.63200000000865,band_vwap
2024-01-03,SHORT,2024-01-03 10:00:00,2024-01-03 11:30:00,469.949,469.70099999999996,357,1.0,88.53600000001688,2.499,86.03700000001689,band_vwap
2024-01-03,SHORT,2024-01-03 12:00:00,2024-01-03 12:30:00,469.259,469.58099999999996,357,1.0,-114.95399999998068,2.499,-117.45299999998068,band_vwap
2024-01-04,LONG,2024-01-04 10:30:00,2024-01-04 12:30:00,469.76099999999997,469.6078,359,1.0,-54.99879999998916,2.513,-57.51179999998916,band_vwap
2024-01-05,LONG,2024-01-05 10:00:00,2024-01-05 11:30:00,468.15099999999995,469.129,359,1.0,351.1020000000235,2.513,348.58900000002353,band_vwap
2024-01-05,LONG,2024-01-05 12:00:00,2024-01-05 12:30:00,468.77099999999996,467.379,359,1.0,-499.7279999999781,2.513,-502.2409999999781,band_vwap
2024-01-08,LONG,2024-01-08 10:00:00,2024-01-08 15:59:00,469.731,474.559,358,1.0,1728.4240000000113,2.5060000000000002,1725.9180000000113,market_close
2024-01-10,LONG,2024-01-10 11:00:00,2024-01-10 11:30:00,475.231,474.78900000000004,357,1.0,-157.7939999999823,2.499,-160.2929999999823,band_vwap
2024-01-10,LONG,2024-01-10 13:00:00,2024-01-10 13:30:00,475.39099999999996,475.309,357,1.0,-29.273999999977434,2.499,-31.772999999977433,band_vwap
2024-01-10,LONG,2024-01-10 14:00:00,2024-01-10 15:59:00,475.76099999999997,476.519,357,1.0,270.60600000001364,2.499,268.1070000000136,market_close
2024-01-11,SHORT,2024-01-11 10:30:00,2024-01-11 13:30:00,474.98900000000003,474.76099999999997,355,1.0,80.94000000002325,2.485,78.45500000002325,band_vwap
2024-01-16,SHORT,2024-01-16 10:00:00,2024-01-16 10:30:00,474.48900000000003,475.921,357,1.0,-511.22399999998555,2.499,-513.7229999999855,band_vwap
2024-01-16,SHORT,2024-01-16 13:00:00,2024-01-16 13:30:00,473.959,475.01099999999997,357,1.0,-375.5639999999872,2.499,-378.0629999999872,band_vwap
2024-01-16,SHORT,2024-01-16 14:00:00,2024-01-16 15:00:00,474.069,474.28099999999995,357,1.0,-75.68399999997581,2.499,-78.1829999999758,band_vwap
2024-01-18,LONG,2024-01-18 14:30:00,2024-01-18 15:59:00,475.621,476.459,356,1.0,298.32800000000793,2.492,295.8360000000079,market_close
2024-01-19,LONG,2024-01-19 12:30:00,2024-01-19 15:59:00,479.381,482.41900000000004,354,1.0,1075.4520000000239,2.478,1072.9740000000238,market_close
2024-01-22,LONG,2024-01-22 10:00:00,2024-01-22 10:30:00,485.0209,484.379,351,1.0,-225.30689999998742,2.457,-227.76389999998742,band_vwap
2024-01-29,LONG,2024-01-29 15:30:00,2024-01-29 15:59:00,490.941,491.259,348,1.0,110.66400000001408,2.436,108.22800000001408,market_close
2024-01-31,SHORT,2024-01-31 10:00:00,2024-01-31 14:00:00,487.72900000000004,487.431,348,1.0,103.70400000002041,2.436,101.26800000002041,band_vwap
2024-01-31,SHORT,2024-01-31 14:30:00,2024-01-31 15:59:00,486.149,482.921,348,1.0,1123.344000000003,2.436,1120.908000000003,market_close
2024-02-01,LONG,2024-02-01 10:30:00,2024-02-01 11:00:00,486.181,484.079,353,1.0,-742.0059999999913,2.471,-744.4769999999913,band_vwap
2024-02-01,LONG,2024-02-01 12:00:00,2024-02-01 15:59:00,485.71599999999995,489.22900000000004,353,1.0,1240.089000000032,2.471,1237.618000000032,market_close
2024-02-02,LONG,2024-02-02 10:00:00,2024-02-02 15:59:00,490.431,494.269,350,1.0,1343.300000000008,2.45,1340.8500000000079,market_close
2024-02-05,SHORT,2024-02-05 10:30:00,2024-02-05 12:00:00,491.399,492.14099999999996,350,1.0,-259.69999999998663,2.45,-262.1499999999866,band_vwap
2024-02-07,LONG,2024-02-07 10:30:00,2024-02-07 11:00:00,497.96099999999996,497.249,348,1.0,-247.77599999997642,2.436,-250.21199999997643,band_vwap
2024-02-07,LONG,2024-02-07 12:00:00,2024-02-07 12:30:00,497.59099999999995,497.319,348,1.0,-94.65599999997721,2.436,-97.09199999997722,band_vwap
2024-02-07,LONG,2024-02-07 13:00:00,2024-02-07 14:30:00,497.561,497.959,348,1.0,138.50400000000855,2.436,136.06800000000854,band_vwap
2024-02-07,LONG,2024-02-07 15:00:00,2024-02-07 15:30:00,498.33099999999996,498.149,348,1.0,-63.335999999985916,2.436,-65.77199999998592,band_vwap
2024-02-09,LONG,2024-02-09 10:00:00,2024-02-09 10:30:00,499.501,499.65900000000005,346,1.0,54.66800000002502,2.422,52.24600000002502,band_vwap
2024-02-09,LONG,2024-02-09 11:00:00,2024-02-09 11:30:00,499.971,499.759,346,1.0,-73.35199999999622,2.422,-75.77399999999622,band_vwap
2024-02-09,LONG,2024-02-09 12:30:00,2024-02-09 15:59:00,500.131,501.17900000000003,346,1.0,362.6080000000203,2.422,360.1860000000203,market_close
2024-02-12,LONG,2024-02-12 11:30:00,2024-02-12 14:00:00,502.89099999999996,502.079,345,1.0,-280.13999999998447,2.415,-282.5549999999845,band_vwap
2024-02-13,SHORT,2024-02-13 10:00:00,2024-02-13 10:30:00,493.824,494.89599999999996,349,1.0,-374.1279999999811,2.443,-376.5709999999811,band_vwap
2024-02-13,SHORT,2024-02-13 14:30:00,2024-02-13 15:59:00,492.09900000000005,494.14099999999996,349,1.0,-712.6579999999708,2.443,-715.1009999999708,market_close
2024-02-14,LONG,2024-02-14 10:30:00,2024-02-14 11:00:00,497.721,495.949,345,1.0,-611.339999999997,2.415,-613.7549999999969,band_vwap
2024-02-15,LONG,2024-02-15 12:30:00,2024-02-15 13:00:00,500.45099999999996,500.04400000000004,342,1.0,-139.1939999999745,2.394,-141.5879999999745,band_vwap
2024-02-15,LONG,2024-02-15 13:30:00,2024-02-15 15:59:00,501.471,501.949,342,1.0,163.47600000000295,2.394,161.08200000000295,market_close
2024-02-16,SHORT,2024-02-16 10:00:00,2024-02-16 11:00:00,499.649,500.931,340,1.0,-435.87999999999397,2.38,-438.25999999999397,band_vwap
2024-02-20,SHORT,2024-02-20 10:00:00,2024-02-20 11:00:00,496.67900000000003,497.02099999999996,342,1.0,-116.96399999997527,2.394,-119.35799999997528,band_vwap
2024-02-20,SHORT,2024-02-20 12:00:00,2024-02-20 15:00:00,495.749,496.721,342,1.0,-332.42399999999316,2.394,-334.81799999999316,band_vwap
2024-02-22,LONG,2024-02-22 10:00:00,2024-02-22 11:00:00,505.02099999999996,504.769,337,1.0,-84.92399999998406,2.359,-87.28299999998406,band_vwap
2024-02-22,LONG,2024-02-22 11:30:00,2024-02-22 12:00:00,505.39099999999996,505.249,337,1.0,-47.853999999979465,2.359,-50.212999999979466,band_vwap
2024-02-22,LONG,2024-02-22 12:30:00,2024-02-22 15:59:00,505.95099999999996,507.529,337,1.0,531.7860000000105,2.359,529.4270000000105,market_close
2024-03-01,LONG,2024-03-01 10:30:00,2024-03-01 15:59:00,510.366,512.839,335,1.0,828.4550000000235,2.345,826.1100000000234,market_close
2024-03-05,SHORT,2024-03-05 10:30:00,2024-03-05 15:59:00,508.40900000000005,507.15099999999995,335,1.0,421.43000000003184,2.345,419.0850000000318,market_close
2024-03-07,LONG,2024-03-07 10:30:00,2024-03-07 12:30:00,514.1809999999999,514.4590000000001,334,1.0,92.85200000004465,2.338,90.51400000004466,band_vwap
2024-03-07,LONG,2024-03-07 13:00:00,2024-03-07 15:30:00,514.5459999999999,514.609,334,1.0,21.042000000034022,2.338,18.70400000003402,band_vwap
2024-03-08,LONG,2024-03-08 10:00:00,2024-03-08 11:30:00,517.761,514.749,333,1.0,-1002.9959999999812,2.331,-1005.3269999999812,band_vwap
2024-03-08,SHORT,2024-03-08 13:00:00,2024-03-08 14:30:00,512.549,513.461,333,1.0,-303.6960000000115,2.331,-306.0270000000115,band_vwap
2024-03-08,SHORT,2024-03-08 15:30:00,2024-03-08 15:59:00,511.92900000000003,511.76099999999997,333,1.0,55.94400000002105,2.331,53.613000000021046,market_close
2024-03-11,SHORT,2024-03-11 10:00:00,2024-03-11 11:00:00,509.42900000000003,510.59099999999995,334,1.0,-388.1079999999736,2.338,-390.4459999999736,band_vwap
2024-03-12,LONG,2024-03-12 10:30:00,2024-03-12 13:00:00,515.0609999999999,514.409,331,1.0,-215.81199999997682,2.317,-218.12899999997683,band_vwap
2024-03-12,LONG,2024-03-12 14:00:00,2024-03-12 15:59:00,515.611,516.809,331,1.0,396.5379999999931,2.317,394.22099999999307,market_close
2024-03-13,SHORT,2024-03-13 10:00:00,2024-03-13 10:30:00,516.0790000000001,516.4209999999999,329,1.0,-112.51799999995751,2.303,-114.82099999995751,band_vwap
2024-03-14,SHORT,2024-03-14 10:00:00,2024-03-14 10:30:00,513.989,515.0609999999999,329,1.0,-352.6879999999635,2.303,-354.9909999999635,band_vwap
2024-03-14,SHORT,2024-03-14 11:00:00,2024-03-14 12:00:00,514.639,514.991,329,1.0,-115.80799999999192,2.303,-118.11099999999192,band_vwap
2024-03-14,SHORT,2024-03-14 12:30:00,2024-03-14 14:00:00,514.7090000000001,514.5409999999999,329,1.0,55.2720000000395,2.303,52.9690000000395,band_vwap
2024-03-14,SHORT,2024-03-14 15:00:00,2024-03-14 15:59:00,513.889,514.951,329,1.0,-349.3980000000039,2.303,-351.7010000000039,market_close
2024-03-15,SHORT,2024-03-15 13:00:00,2024-03-15 13:30:00,508.46900000000005,509.33099999999996,332,1.0,-286.18399999996996,2.324,-288.50799999996997,band_vwap
2024-03-18,LONG,2024-03-18 10:30:00,2024-03-18 11:00:00,515.1809999999999,515.139,329,1.0,-13.817999999972471,2.303,-16.120999999972472,band_vwap
2024-03-19,LONG,2024-03-19 13:00:00,2024-03-19 15:30:00,514.6809999999999,514.529,330,1.0,-50.15999999997689,2.31,-52.46999999997689,band_vwap
2024-03-20,LONG,2024-03-20 14:30:00,2024-03-20 15:59:00,517.661,520.419,327,1.0,901.8660000000125,2.289,899.5770000000125,market_close
2024-03-22,SHORT,2024-03-22 11:00:00,2024-03-22 11:30:00,521.059,521.706,325,1.0,-210.27500000001567,2.275,-212.55000000001567,band_vwap
2024-04-01,SHORT,2024-04-01 11:30:00,2024-04-01 15:00:00,522.0690000000001,521.861,324,1.0,67.39200000002711,2.2680000000000002,65.12400000002711,band_vwap
2024-04-02,SHORT,2024-04-02 10:00:00,2024-04-02 11:30:00,517.609,517.626,327,1.0,-5.558999999980074,2.289,-7.847999999980074,band_vwap
2024-04-02,SHORT,2024-04-02 12:00:00,2024-04-02 12:30:00,517.124,517.441,327,1.0,-103.65900000000238,2.289,-105.94800000000238,band_vwap
2024-04-03,LONG,2024-04-03 10:30:00,2024-04-03 15:00:00,520.411,519.9490000000001,327,1.0,-151.07399999995926,2.289,-153.36299999995924,band_vwap
2024-04-04,SHORT,2024-04-04 14:30:00,2024-04-04 15:59:00,517.999,513.031,324,1.0,1609.6320000000242,2.2680000000000002,1607.3640000000241,market_close
2024-04-05,LONG,2024-04-05 10:00:00,2024-04-05 15:59:00,515.9209999999999,518.399,332,1.0,822.6960000000217,2.324,820.3720000000218,market_close
2024-04-09,SHORT,2024-04-09 10:30:00,2024-04-09 12:30:00,517.589,517.261,330,1.0,108.24000000002911,2.31,105.93000000002911,band_vwap
2024-04-09,SHORT,2024-04-09 13:00:00,2024-04-09 13:30:00,516.799,517.1709999999999,330,1.0,-122.7599999999859,2.31,-125.0699999999859,band_vwap
2024-04-09,SHORT,2024-04-09 14:00:00,2024-04-09 15:30:00,516.669,518.511,330,1.0,-607.8599999999949,2.31,-610.1699999999948,band_vwap
2024-04-11,SHORT,2024-04-11 10:30:00,2024-04-11 11:00:00,512.5690000000001,513.231,332,1.0,-219.78399999997373,2.324,-222.10799999997374,band_vwap
2024-04-11,LONG,2024-04-11 13:30:00,2024-04-11 15:59:00,517.521,518.049,332,1.0,175.29600000000664,2.324,172.97200000000663,market_close
2024-04-12,SHORT,2024-04-12 11:00:00,2024-04-12 11:30:00,512.309,513.531,333,1.0,-406.92599999999334,2.331,-409.25699999999335,band_vwap
2024-04-12,SHORT,2024-04-12 12:30:00,2024-04-12 15:59:00,511.79900000000004,510.82099999999997,333,1.0,325.6740000000218,2.331,323.3430000000218,market_close
2024-04-15,SHORT,2024-04-15 13:30:00,2024-04-15 15:59:00,506.579,504.501,332,1.0,689.8960000000104,2.324,687.5720000000105,market_close
2024-04-17,SHORT,2024-04-17 12:00:00,2024-04-17 13:30:00,501.709,501.801,339,1.0,-31.18799999999476,2.373,-33.560999999994756,band_vwap
2024-04-19,SHORT,2024-04-19 12:00:00,2024-04-19 14:00:00,497.089,497.291,344,1.0,-69.48799999999937,2.408,-71.89599999999938,band_vwap
2024-04-19,SHORT,2024-04-19 14:30:00,2024-04-19 15:59:00,495.459,495.101,344,1.0,123.15200000000141,2.408,120.7440000000014,market_close
2024-04-22,LONG,2024-04-22 14:00:00,2024-04-22 15:30:00,501.431,500.579,345,1.0,-293.9399999999915,2.415,-296.35499999999155,band_vwap
2024-04-23,LONG,2024-04-23 10:00:00,2024-04-23 15:59:00,503.08099999999996,505.639,342,1.0,874.836000000017,2.394,872.442000000017,market_close
2024-04-24,SHORT,2024-04-24 12:00:00,2024-04-24 12:30:00,503.73900000000003,504.09099999999995,340,1.0,-119.67999999997232,2.38,-122.05999999997232,band_vwap
2024-04-25,SHORT,2024-04-25 10:00:00,2024-04-25 10:30:00,498.199,499.611,345,1.0,-487.1399999999923,2.415,-489.55499999999233,band_vwap
2024-04-26,LONG,2024-04-26 10:00:00,2024-04-26 11:30:00,507.84099999999995,508.209,339,1.0,124.75200000001757,2.373,122.37900000001757,band_vwap
2024-04-26,LONG,2024-04-26 12:00:00,2024-04-26 14:30:00,508.621,508.96900000000005,339,1.0,117.97200000002374,2.373,115.59900000002374,band_vwap
2024-04-26,LONG,2024-04-26 15:30:00,2024-04-26 15:59:00,509.621,508.23900000000003,339,1.0,-468.4979999999824,2.373,-470.8709999999824,market_close
2024-04-30,SHORT,2024-04-30 12:00:00,2024-04-30 12:30:00,506.60900000000004,506.70099999999996,337,1.0,-31.003999999975633,2.359,-33.362999999975635,band_vwap
2024-04-30,SHORT,2024-04-30 13:00:00,2024-04-30 14:00:00,505.29900000000004,506.106,337,1.0,-271.95899999998636,2.359,-274.31799999998634,band_vwap
2024-04-30,SHORT,2024-04-30 14:30:00,2024-04-30 15:59:00,505.189,502.041,337,1.0,1060.8760000000084,2.359,1058.5170000000085,market_close
